scenario;name;var_name;carrier;region;tech;type;var_value
2045_scenario;r120640428428-biomass_gas-bpchp_heat_high;flow_in_biomass_gas;biomass_gas;r120640428428;bpchp_heat_high;backpressure;0.0
2045_scenario;r120640472472-biomass_gas-bpchp_heat_high;flow_in_biomass_gas;biomass_gas;r120640472472;bpchp_heat_high;backpressure;0.0
2045_scenario;r120670124124-biomass_gas-bpchp_heat_high;flow_in_biomass_gas;biomass_gas;r120670124124;bpchp_heat_high;backpressure;0.0
2045_scenario;r120670201201-biomass_gas-bpchp_heat_high;flow_in_biomass_gas;biomass_gas;r120670201201;bpchp_heat_high;backpressure;0.0
2045_scenario;r120640428428-biomass_gas-bpchp_heat_high;flow_out_electricity;biomass_gas;r120640428428;bpchp_heat_high;backpressure;0.0
2045_scenario;r120640472472-biomass_gas-bpchp_heat_high;flow_out_electricity;biomass_gas;r120640472472;bpchp_heat_high;backpressure;0.0
2045_scenario;r120670124124-biomass_gas-bpchp_heat_high;flow_out_electricity;biomass_gas;r120670124124;bpchp_heat_high;backpressure;0.0
2045_scenario;r120670201201-biomass_gas-bpchp_heat_high;flow_out_electricity;biomass_gas;r120670201201;bpchp_heat_high;backpressure;0.0
2045_scenario;r120640428428-biomass_gas-bpchp_heat_high;flow_out_heat_high;biomass_gas;r120640428428;bpchp_heat_high;backpressure;0.0
2045_scenario;r120640472472-biomass_gas-bpchp_heat_high;flow_out_heat_high;biomass_gas;r120640472472;bpchp_heat_high;backpressure;0.0
2045_scenario;r120670124124-biomass_gas-bpchp_heat_high;flow_out_heat_high;biomass_gas;r120670124124;bpchp_heat_high;backpressure;0.0
2045_scenario;r120670201201-biomass_gas-bpchp_heat_high;flow_out_heat_high;biomass_gas;r120670201201;bpchp_heat_high;backpressure;0.0
2045_scenario;r120640428428-biomass_gas-bpchp_heat_high;invest_costs_out_electricity;biomass_gas;r120640428428;bpchp_heat_high;backpressure;0.0
2045_scenario;r120640472472-biomass_gas-bpchp_heat_high;invest_costs_out_electricity;biomass_gas;r120640472472;bpchp_heat_high;backpressure;0.0
2045_scenario;r120670124124-biomass_gas-bpchp_heat_high;invest_costs_out_electricity;biomass_gas;r120670124124;bpchp_heat_high;backpressure;0.0
2045_scenario;r120670201201-biomass_gas-bpchp_heat_high;invest_costs_out_electricity;biomass_gas;r120670201201;bpchp_heat_high;backpressure;0.0
2045_scenario;r120640428428-biomass_gas-bpchp_heat_high;invest_out_electricity;biomass_gas;r120640428428;bpchp_heat_high;backpressure;0.0
2045_scenario;r120640472472-biomass_gas-bpchp_heat_high;invest_out_electricity;biomass_gas;r120640472472;bpchp_heat_high;backpressure;0.0
2045_scenario;r120670124124-biomass_gas-bpchp_heat_high;invest_out_electricity;biomass_gas;r120670124124;bpchp_heat_high;backpressure;0.0
2045_scenario;r120670201201-biomass_gas-bpchp_heat_high;invest_out_electricity;biomass_gas;r120670201201;bpchp_heat_high;backpressure;0.0
2045_scenario;r120640428428-biomass_gas-bpchp_heat_low_central;flow_in_biomass_gas;biomass_gas;r120640428428;bpchp_heat_low_central;backpressure;0.0
2045_scenario;r120640472472-biomass_gas-bpchp_heat_low_central;flow_in_biomass_gas;biomass_gas;r120640472472;bpchp_heat_low_central;backpressure;0.0
2045_scenario;r120670124124-biomass_gas-bpchp_heat_low_central;flow_in_biomass_gas;biomass_gas;r120670124124;bpchp_heat_low_central;backpressure;0.0
2045_scenario;r120670201201-biomass_gas-bpchp_heat_low_central;flow_in_biomass_gas;biomass_gas;r120670201201;bpchp_heat_low_central;backpressure;0.0
2045_scenario;r120640428428-biomass_gas-bpchp_heat_low_central;flow_out_electricity;biomass_gas;r120640428428;bpchp_heat_low_central;backpressure;0.0
2045_scenario;r120640472472-biomass_gas-bpchp_heat_low_central;flow_out_electricity;biomass_gas;r120640472472;bpchp_heat_low_central;backpressure;0.0
2045_scenario;r120670124124-biomass_gas-bpchp_heat_low_central;flow_out_electricity;biomass_gas;r120670124124;bpchp_heat_low_central;backpressure;0.0
2045_scenario;r120670201201-biomass_gas-bpchp_heat_low_central;flow_out_electricity;biomass_gas;r120670201201;bpchp_heat_low_central;backpressure;0.0
2045_scenario;r120640428428-biomass_gas-bpchp_heat_low_central;flow_out_heat_low_central;biomass_gas;r120640428428;bpchp_heat_low_central;backpressure;0.0
2045_scenario;r120640472472-biomass_gas-bpchp_heat_low_central;flow_out_heat_low_central;biomass_gas;r120640472472;bpchp_heat_low_central;backpressure;0.0
2045_scenario;r120670124124-biomass_gas-bpchp_heat_low_central;flow_out_heat_low_central;biomass_gas;r120670124124;bpchp_heat_low_central;backpressure;0.0
2045_scenario;r120670201201-biomass_gas-bpchp_heat_low_central;flow_out_heat_low_central;biomass_gas;r120670201201;bpchp_heat_low_central;backpressure;0.0
2045_scenario;r120640428428-biomass_gas-bpchp_heat_low_central;invest_costs_out_electricity;biomass_gas;r120640428428;bpchp_heat_low_central;backpressure;0.0
2045_scenario;r120640472472-biomass_gas-bpchp_heat_low_central;invest_costs_out_electricity;biomass_gas;r120640472472;bpchp_heat_low_central;backpressure;0.0
2045_scenario;r120670124124-biomass_gas-bpchp_heat_low_central;invest_costs_out_electricity;biomass_gas;r120670124124;bpchp_heat_low_central;backpressure;0.0
2045_scenario;r120670201201-biomass_gas-bpchp_heat_low_central;invest_costs_out_electricity;biomass_gas;r120670201201;bpchp_heat_low_central;backpressure;0.0
2045_scenario;r120640428428-biomass_gas-bpchp_heat_low_central;invest_out_electricity;biomass_gas;r120640428428;bpchp_heat_low_central;backpressure;0.0
2045_scenario;r120640472472-biomass_gas-bpchp_heat_low_central;invest_out_electricity;biomass_gas;r120640472472;bpchp_heat_low_central;backpressure;0.0
2045_scenario;r120670124124-biomass_gas-bpchp_heat_low_central;invest_out_electricity;biomass_gas;r120670124124;bpchp_heat_low_central;backpressure;0.0
2045_scenario;r120670201201-biomass_gas-bpchp_heat_low_central;invest_out_electricity;biomass_gas;r120670201201;bpchp_heat_low_central;backpressure;0.0
2045_scenario;r120640428428-biomass_gas-bpchp_heat_low_decentral;flow_in_biomass_gas;biomass_gas;r120640428428;bpchp_heat_low_decentral;backpressure;1345.1629005733591
2045_scenario;r120640472472-biomass_gas-bpchp_heat_low_decentral;flow_in_biomass_gas;biomass_gas;r120640472472;bpchp_heat_low_decentral;backpressure;1361.9453991981895
2045_scenario;r120670124124-biomass_gas-bpchp_heat_low_decentral;flow_in_biomass_gas;biomass_gas;r120670124124;bpchp_heat_low_decentral;backpressure;718.5398604984731
2045_scenario;r120670201201-biomass_gas-bpchp_heat_low_decentral;flow_in_biomass_gas;biomass_gas;r120670201201;bpchp_heat_low_decentral;backpressure;1005.7366548068444
2045_scenario;r120640428428-biomass_gas-bpchp_heat_low_decentral;flow_out_electricity;biomass_gas;r120640428428;bpchp_heat_low_decentral;backpressure;598.5974907551447
2045_scenario;r120640472472-biomass_gas-bpchp_heat_low_decentral;flow_out_electricity;biomass_gas;r120640472472;bpchp_heat_low_decentral;backpressure;606.0657026431943
2045_scenario;r120670124124-biomass_gas-bpchp_heat_low_decentral;flow_out_electricity;biomass_gas;r120670124124;bpchp_heat_low_decentral;backpressure;319.7502379218205
2045_scenario;r120670201201-biomass_gas-bpchp_heat_low_decentral;flow_out_electricity;biomass_gas;r120670201201;bpchp_heat_low_decentral;backpressure;447.55281138904576
2045_scenario;r120640428428-biomass_gas-bpchp_heat_low_decentral;flow_out_heat_low_decentral;biomass_gas;r120640428428;bpchp_heat_low_decentral;backpressure;610.8384731503622
2045_scenario;r120640472472-biomass_gas-bpchp_heat_low_decentral;flow_out_heat_low_decentral;biomass_gas;r120640472472;bpchp_heat_low_decentral;backpressure;618.4594057758977
2045_scenario;r120670124124-biomass_gas-bpchp_heat_low_decentral;flow_out_heat_low_decentral;biomass_gas;r120670124124;bpchp_heat_low_decentral;backpressure;326.2889506523567
2045_scenario;r120670201201-biomass_gas-bpchp_heat_low_decentral;flow_out_heat_low_decentral;biomass_gas;r120670201201;bpchp_heat_low_decentral;backpressure;456.70501494778813
2045_scenario;r120640428428-biomass_gas-bpchp_heat_low_decentral;invest_costs_out_electricity;biomass_gas;r120640428428;bpchp_heat_low_decentral;backpressure;313174.13340018765
2045_scenario;r120640472472-biomass_gas-bpchp_heat_low_decentral;invest_costs_out_electricity;biomass_gas;r120640472472;bpchp_heat_low_decentral;backpressure;321590.5107391543
2045_scenario;r120670124124-biomass_gas-bpchp_heat_low_decentral;invest_costs_out_electricity;biomass_gas;r120670124124;bpchp_heat_low_decentral;backpressure;162684.12574293913
2045_scenario;r120670201201-biomass_gas-bpchp_heat_low_decentral;invest_costs_out_electricity;biomass_gas;r120670201201;bpchp_heat_low_decentral;backpressure;232924.458559941
2045_scenario;r120640428428-biomass_gas-bpchp_heat_low_decentral;invest_out_electricity;biomass_gas;r120640428428;bpchp_heat_low_decentral;backpressure;4.630705365301726
2045_scenario;r120640472472-biomass_gas-bpchp_heat_low_decentral;invest_out_electricity;biomass_gas;r120640472472;bpchp_heat_low_decentral;backpressure;4.755152947472103
2045_scenario;r120670124124-biomass_gas-bpchp_heat_low_decentral;invest_out_electricity;biomass_gas;r120670124124;bpchp_heat_low_decentral;backpressure;2.4055059903832956
2045_scenario;r120670201201-biomass_gas-bpchp_heat_low_decentral;invest_out_electricity;biomass_gas;r120670201201;bpchp_heat_low_decentral;backpressure;3.4441048124023386
2045_scenario;r120640428428-biomass_gas-commodity;flow_out_biomass_gas;biomass_gas;r120640428428;commodity;shortage;1345.1629005733591
2045_scenario;r120640472472-biomass_gas-commodity;flow_out_biomass_gas;biomass_gas;r120640472472;commodity;shortage;1361.9453991981895
2045_scenario;r120670124124-biomass_gas-commodity;flow_out_biomass_gas;biomass_gas;r120670124124;commodity;shortage;718.5398604984731
2045_scenario;r120670201201-biomass_gas-commodity;flow_out_biomass_gas;biomass_gas;r120670201201;commodity;shortage;1005.7366548068444
2045_scenario;r120640428428-biomass_gas-commodity;summed_variable_costs_out_biomass_gas;biomass_gas;r120640428428;commodity;shortage;92816.24013956178
2045_scenario;r120640472472-biomass_gas-commodity;summed_variable_costs_out_biomass_gas;biomass_gas;r120640472472;commodity;shortage;93974.23254467508
2045_scenario;r120670124124-biomass_gas-commodity;summed_variable_costs_out_biomass_gas;biomass_gas;r120670124124;commodity;shortage;49579.25037439464
2045_scenario;r120670201201-biomass_gas-commodity;summed_variable_costs_out_biomass_gas;biomass_gas;r120670201201;commodity;shortage;69395.82918167226
2045_scenario;r120640428428-biomass_solid-boiler_heat_high;flow_in_biomass_solid;biomass_solid;r120640428428;boiler_heat_high;conversion;72.6456234367635
2045_scenario;r120640472472-biomass_solid-boiler_heat_high;flow_in_biomass_solid;biomass_solid;r120640472472;boiler_heat_high;conversion;61.200567633191405
2045_scenario;r120670124124-biomass_solid-boiler_heat_high;flow_in_biomass_solid;biomass_solid;r120670124124;boiler_heat_high;conversion;42.50520889337393
2045_scenario;r120670201201-biomass_solid-boiler_heat_high;flow_in_biomass_solid;biomass_solid;r120670201201;boiler_heat_high;conversion;1250.6048092785165
2045_scenario;r120640428428-biomass_solid-boiler_heat_high;flow_out_heat_high;biomass_solid;r120640428428;boiler_heat_high;conversion;61.748779921248975
2045_scenario;r120640472472-biomass_solid-boiler_heat_high;flow_out_heat_high;biomass_solid;r120640472472;boiler_heat_high;conversion;52.0204824882127
2045_scenario;r120670124124-biomass_solid-boiler_heat_high;flow_out_heat_high;biomass_solid;r120670124124;boiler_heat_high;conversion;36.12942755936784
2045_scenario;r120670201201-biomass_solid-boiler_heat_high;flow_out_heat_high;biomass_solid;r120670201201;boiler_heat_high;conversion;1063.014087886739
2045_scenario;r120640428428-biomass_solid-boiler_heat_high;invest_costs_out_heat_high;biomass_solid;r120640428428;boiler_heat_high;conversion;1048.1848460921597
2045_scenario;r120640472472-biomass_solid-boiler_heat_high;invest_costs_out_heat_high;biomass_solid;r120640472472;boiler_heat_high;conversion;887.7508479720098
2045_scenario;r120670124124-biomass_solid-boiler_heat_high;invest_costs_out_heat_high;biomass_solid;r120670124124;boiler_heat_high;conversion;616.5634845820535
2045_scenario;r120670201201-biomass_solid-boiler_heat_high;invest_costs_out_heat_high;biomass_solid;r120670201201;boiler_heat_high;conversion;18948.44184783423
2045_scenario;r120640428428-biomass_solid-boiler_heat_high;invest_out_heat_high;biomass_solid;r120640428428;boiler_heat_high;conversion;0.047286901533602155
2045_scenario;r120640472472-biomass_solid-boiler_heat_high;invest_out_heat_high;biomass_solid;r120640472472;boiler_heat_high;conversion;0.04004922136675626
2045_scenario;r120670124124-biomass_solid-boiler_heat_high;invest_out_heat_high;biomass_solid;r120670124124;boiler_heat_high;conversion;0.027815109990707465
2045_scenario;r120670201201-biomass_solid-boiler_heat_high;invest_out_heat_high;biomass_solid;r120670201201;boiler_heat_high;conversion;0.8548235620980762
2045_scenario;r120640428428-biomass_solid-boiler_heat_high;summed_variable_costs_out_heat_high;biomass_solid;r120640428428;boiler_heat_high;conversion;65.34255891266567
2045_scenario;r120640472472-biomass_solid-boiler_heat_high;summed_variable_costs_out_heat_high;biomass_solid;r120640472472;boiler_heat_high;conversion;55.04807456902668
2045_scenario;r120670124124-biomass_solid-boiler_heat_high;summed_variable_costs_out_heat_high;biomass_solid;r120670124124;boiler_heat_high;conversion;38.23216024332305
2045_scenario;r120670201201-biomass_solid-boiler_heat_high;summed_variable_costs_out_heat_high;biomass_solid;r120670201201;boiler_heat_high;conversion;1124.8815078017471
2045_scenario;r120640428428-biomass_solid-bpchp_heat_high;flow_in_biomass_solid;biomass_solid;r120640428428;bpchp_heat_high;backpressure;0.0
2045_scenario;r120640472472-biomass_solid-bpchp_heat_high;flow_in_biomass_solid;biomass_solid;r120640472472;bpchp_heat_high;backpressure;0.0
2045_scenario;r120670124124-biomass_solid-bpchp_heat_high;flow_in_biomass_solid;biomass_solid;r120670124124;bpchp_heat_high;backpressure;0.0
2045_scenario;r120670201201-biomass_solid-bpchp_heat_high;flow_in_biomass_solid;biomass_solid;r120670201201;bpchp_heat_high;backpressure;0.0
2045_scenario;r120640428428-biomass_solid-bpchp_heat_high;flow_out_electricity;biomass_solid;r120640428428;bpchp_heat_high;backpressure;0.0
2045_scenario;r120640472472-biomass_solid-bpchp_heat_high;flow_out_electricity;biomass_solid;r120640472472;bpchp_heat_high;backpressure;0.0
2045_scenario;r120670124124-biomass_solid-bpchp_heat_high;flow_out_electricity;biomass_solid;r120670124124;bpchp_heat_high;backpressure;0.0
2045_scenario;r120670201201-biomass_solid-bpchp_heat_high;flow_out_electricity;biomass_solid;r120670201201;bpchp_heat_high;backpressure;0.0
2045_scenario;r120640428428-biomass_solid-bpchp_heat_high;flow_out_heat_high;biomass_solid;r120640428428;bpchp_heat_high;backpressure;0.0
2045_scenario;r120640472472-biomass_solid-bpchp_heat_high;flow_out_heat_high;biomass_solid;r120640472472;bpchp_heat_high;backpressure;0.0
2045_scenario;r120670124124-biomass_solid-bpchp_heat_high;flow_out_heat_high;biomass_solid;r120670124124;bpchp_heat_high;backpressure;0.0
2045_scenario;r120670201201-biomass_solid-bpchp_heat_high;flow_out_heat_high;biomass_solid;r120670201201;bpchp_heat_high;backpressure;0.0
2045_scenario;r120640428428-biomass_solid-bpchp_heat_high;invest_costs_out_electricity;biomass_solid;r120640428428;bpchp_heat_high;backpressure;0.0
2045_scenario;r120640472472-biomass_solid-bpchp_heat_high;invest_costs_out_electricity;biomass_solid;r120640472472;bpchp_heat_high;backpressure;0.0
2045_scenario;r120670124124-biomass_solid-bpchp_heat_high;invest_costs_out_electricity;biomass_solid;r120670124124;bpchp_heat_high;backpressure;0.0
2045_scenario;r120670201201-biomass_solid-bpchp_heat_high;invest_costs_out_electricity;biomass_solid;r120670201201;bpchp_heat_high;backpressure;0.0
2045_scenario;r120640428428-biomass_solid-bpchp_heat_high;invest_out_electricity;biomass_solid;r120640428428;bpchp_heat_high;backpressure;0.0
2045_scenario;r120640472472-biomass_solid-bpchp_heat_high;invest_out_electricity;biomass_solid;r120640472472;bpchp_heat_high;backpressure;0.0
2045_scenario;r120670124124-biomass_solid-bpchp_heat_high;invest_out_electricity;biomass_solid;r120670124124;bpchp_heat_high;backpressure;0.0
2045_scenario;r120670201201-biomass_solid-bpchp_heat_high;invest_out_electricity;biomass_solid;r120670201201;bpchp_heat_high;backpressure;0.0
2045_scenario;r120640428428-biomass_solid-bpchp_heat_low_central;flow_in_biomass_solid;biomass_solid;r120640428428;bpchp_heat_low_central;backpressure;0.0
2045_scenario;r120640472472-biomass_solid-bpchp_heat_low_central;flow_in_biomass_solid;biomass_solid;r120640472472;bpchp_heat_low_central;backpressure;0.0
2045_scenario;r120670124124-biomass_solid-bpchp_heat_low_central;flow_in_biomass_solid;biomass_solid;r120670124124;bpchp_heat_low_central;backpressure;0.0
2045_scenario;r120670201201-biomass_solid-bpchp_heat_low_central;flow_in_biomass_solid;biomass_solid;r120670201201;bpchp_heat_low_central;backpressure;0.0
2045_scenario;r120640428428-biomass_solid-bpchp_heat_low_central;flow_out_electricity;biomass_solid;r120640428428;bpchp_heat_low_central;backpressure;0.0
2045_scenario;r120640472472-biomass_solid-bpchp_heat_low_central;flow_out_electricity;biomass_solid;r120640472472;bpchp_heat_low_central;backpressure;0.0
2045_scenario;r120670124124-biomass_solid-bpchp_heat_low_central;flow_out_electricity;biomass_solid;r120670124124;bpchp_heat_low_central;backpressure;0.0
2045_scenario;r120670201201-biomass_solid-bpchp_heat_low_central;flow_out_electricity;biomass_solid;r120670201201;bpchp_heat_low_central;backpressure;0.0
2045_scenario;r120640428428-biomass_solid-bpchp_heat_low_central;flow_out_heat_low_central;biomass_solid;r120640428428;bpchp_heat_low_central;backpressure;0.0
2045_scenario;r120640472472-biomass_solid-bpchp_heat_low_central;flow_out_heat_low_central;biomass_solid;r120640472472;bpchp_heat_low_central;backpressure;0.0
2045_scenario;r120670124124-biomass_solid-bpchp_heat_low_central;flow_out_heat_low_central;biomass_solid;r120670124124;bpchp_heat_low_central;backpressure;0.0
2045_scenario;r120670201201-biomass_solid-bpchp_heat_low_central;flow_out_heat_low_central;biomass_solid;r120670201201;bpchp_heat_low_central;backpressure;0.0
2045_scenario;r120640428428-biomass_solid-bpchp_heat_low_central;invest_costs_out_electricity;biomass_solid;r120640428428;bpchp_heat_low_central;backpressure;0.0
2045_scenario;r120640472472-biomass_solid-bpchp_heat_low_central;invest_costs_out_electricity;biomass_solid;r120640472472;bpchp_heat_low_central;backpressure;0.0
2045_scenario;r120670124124-biomass_solid-bpchp_heat_low_central;invest_costs_out_electricity;biomass_solid;r120670124124;bpchp_heat_low_central;backpressure;0.0
2045_scenario;r120670201201-biomass_solid-bpchp_heat_low_central;invest_costs_out_electricity;biomass_solid;r120670201201;bpchp_heat_low_central;backpressure;0.0
2045_scenario;r120640428428-biomass_solid-bpchp_heat_low_central;invest_out_electricity;biomass_solid;r120640428428;bpchp_heat_low_central;backpressure;0.0
2045_scenario;r120640472472-biomass_solid-bpchp_heat_low_central;invest_out_electricity;biomass_solid;r120640472472;bpchp_heat_low_central;backpressure;0.0
2045_scenario;r120670124124-biomass_solid-bpchp_heat_low_central;invest_out_electricity;biomass_solid;r120670124124;bpchp_heat_low_central;backpressure;0.0
2045_scenario;r120670201201-biomass_solid-bpchp_heat_low_central;invest_out_electricity;biomass_solid;r120670201201;bpchp_heat_low_central;backpressure;0.0
2045_scenario;r120640428428-biomass_solid-bpchp_heat_low_decentral;flow_in_biomass_solid;biomass_solid;r120640428428;bpchp_heat_low_decentral;backpressure;1320.0750330773853
2045_scenario;r120640472472-biomass_solid-bpchp_heat_low_decentral;flow_in_biomass_solid;biomass_solid;r120640472472;bpchp_heat_low_decentral;backpressure;1365.6162700565587
2045_scenario;r120670124124-biomass_solid-bpchp_heat_low_decentral;flow_in_biomass_solid;biomass_solid;r120670124124;bpchp_heat_low_decentral;backpressure;681.2773535339853
2045_scenario;r120670201201-biomass_solid-bpchp_heat_low_decentral;flow_in_biomass_solid;biomass_solid;r120670201201;bpchp_heat_low_decentral;backpressure;978.6516635042101
2045_scenario;r120640428428-biomass_solid-bpchp_heat_low_decentral;flow_out_electricity;biomass_solid;r120640428428;bpchp_heat_low_decentral;backpressure;184.81050463083403
2045_scenario;r120640472472-biomass_solid-bpchp_heat_low_decentral;flow_out_electricity;biomass_solid;r120640472472;bpchp_heat_low_decentral;backpressure;191.18627780791826
2045_scenario;r120670124124-biomass_solid-bpchp_heat_low_decentral;flow_out_electricity;biomass_solid;r120670124124;bpchp_heat_low_decentral;backpressure;95.37882949475797
2045_scenario;r120670201201-biomass_solid-bpchp_heat_low_decentral;flow_out_electricity;biomass_solid;r120670201201;bpchp_heat_low_decentral;backpressure;137.01123289058947
2045_scenario;r120640428428-biomass_solid-bpchp_heat_low_decentral;flow_out_heat_low_decentral;biomass_solid;r120640428428;bpchp_heat_low_decentral;backpressure;1286.677134740528
2045_scenario;r120640472472-biomass_solid-bpchp_heat_low_decentral;flow_out_heat_low_decentral;biomass_solid;r120640472472;bpchp_heat_low_decentral;backpressure;1331.0661784241279
2045_scenario;r120670124124-biomass_solid-bpchp_heat_low_decentral;flow_out_heat_low_decentral;biomass_solid;r120670124124;bpchp_heat_low_decentral;backpressure;664.0410364895756
2045_scenario;r120670201201-biomass_solid-bpchp_heat_low_decentral;flow_out_heat_low_decentral;biomass_solid;r120670201201;bpchp_heat_low_decentral;backpressure;953.8917764175537
2045_scenario;r120640428428-biomass_solid-bpchp_heat_low_decentral;invest_costs_out_electricity;biomass_solid;r120640428428;bpchp_heat_low_decentral;backpressure;141336.78491169098
2045_scenario;r120640472472-biomass_solid-bpchp_heat_low_decentral;invest_costs_out_electricity;biomass_solid;r120640472472;bpchp_heat_low_decentral;backpressure;146790.55868840995
2045_scenario;r120670124124-biomass_solid-bpchp_heat_low_decentral;invest_costs_out_electricity;biomass_solid;r120670124124;bpchp_heat_low_decentral;backpressure;73039.33310643007
2045_scenario;r120670201201-biomass_solid-bpchp_heat_low_decentral;invest_costs_out_electricity;biomass_solid;r120670201201;bpchp_heat_low_decentral;backpressure;105952.78987358524
2045_scenario;r120640428428-biomass_solid-bpchp_heat_low_decentral;invest_out_electricity;biomass_solid;r120640428428;bpchp_heat_low_decentral;backpressure;0.20604862277506392
2045_scenario;r120640472472-biomass_solid-bpchp_heat_low_decentral;invest_out_electricity;biomass_solid;r120640472472;bpchp_heat_low_decentral;backpressure;0.2139994373936491
2045_scenario;r120670124124-biomass_solid-bpchp_heat_low_decentral;invest_out_electricity;biomass_solid;r120670124124;bpchp_heat_low_decentral;backpressure;0.10648080048228253
2045_scenario;r120670201201-biomass_solid-bpchp_heat_low_decentral;invest_out_electricity;biomass_solid;r120670201201;bpchp_heat_low_decentral;backpressure;0.15446386760720876
2045_scenario;r120640428428-biomass_solid-commodity;flow_out_biomass_solid;biomass_solid;r120640428428;commodity;shortage;1392.720656514149
2045_scenario;r120640472472-biomass_solid-commodity;flow_out_biomass_solid;biomass_solid;r120640472472;commodity;shortage;1426.8168376897504
2045_scenario;r120670124124-biomass_solid-commodity;flow_out_biomass_solid;biomass_solid;r120670124124;commodity;shortage;723.7825624273593
2045_scenario;r120670201201-biomass_solid-commodity;flow_out_biomass_solid;biomass_solid;r120670201201;commodity;shortage;2229.2564727827266
2045_scenario;r120640428428-biomass_solid-commodity;summed_variable_costs_out_biomass_solid;biomass_solid;r120640428428;commodity;shortage;50360.77893955162
2045_scenario;r120640472472-biomass_solid-commodity;summed_variable_costs_out_biomass_solid;biomass_solid;r120640472472;commodity;shortage;51593.69685086137
2045_scenario;r120670124124-biomass_solid-commodity;summed_variable_costs_out_biomass_solid;biomass_solid;r120670124124;commodity;shortage;26171.97745737331
2045_scenario;r120670201201-biomass_solid-commodity;summed_variable_costs_out_biomass_solid;biomass_solid;r120670201201;commodity;shortage;80609.91405582339
2045_scenario;r120640428428-electricity-boiler_heat_high;flow_in_electricity;electricity;r120640428428;boiler_heat_high;conversion;45.733157490242014
2045_scenario;r120640472472-electricity-boiler_heat_high;flow_in_electricity;electricity;r120640472472;boiler_heat_high;conversion;40.29733241341958
2045_scenario;r120670124124-electricity-boiler_heat_high;flow_in_electricity;electricity;r120670124124;boiler_heat_high;conversion;27.95465793484652
2045_scenario;r120670201201-electricity-boiler_heat_high;flow_in_electricity;electricity;r120670201201;boiler_heat_high;conversion;1026.304439226795
2045_scenario;r120640428428-electricity-boiler_heat_high;flow_out_heat_high;electricity;r120640428428;boiler_heat_high;conversion;45.2758259153396
2045_scenario;r120640472472-electricity-boiler_heat_high;flow_out_heat_high;electricity;r120640472472;boiler_heat_high;conversion;39.894359089285395
2045_scenario;r120670124124-electricity-boiler_heat_high;flow_out_heat_high;electricity;r120670124124;boiler_heat_high;conversion;27.675111355498053
2045_scenario;r120670201201-electricity-boiler_heat_high;flow_out_heat_high;electricity;r120670201201;boiler_heat_high;conversion;1016.041394834527
2045_scenario;r120640428428-electricity-boiler_heat_high;invest_costs_out_heat_high;electricity;r120640428428;boiler_heat_high;conversion;320.4402730615245
2045_scenario;r120640472472-electricity-boiler_heat_high;invest_costs_out_heat_high;electricity;r120640472472;boiler_heat_high;conversion;271.394043899142
2045_scenario;r120670124124-electricity-boiler_heat_high;invest_costs_out_heat_high;electricity;r120670124124;boiler_heat_high;conversion;188.48943685441037
2045_scenario;r120670201201-electricity-boiler_heat_high;invest_costs_out_heat_high;electricity;r120670201201;boiler_heat_high;conversion;5729.540863457625
2045_scenario;r120640428428-electricity-boiler_heat_high;invest_out_heat_high;electricity;r120640428428;boiler_heat_high;conversion;0.05864762786053024
2045_scenario;r120640472472-electricity-boiler_heat_high;invest_out_heat_high;electricity;r120640472472;boiler_heat_high;conversion;0.04967108765103723
2045_scenario;r120670124124-electricity-boiler_heat_high;invest_out_heat_high;electricity;r120670124124;boiler_heat_high;conversion;0.03449771853788153
2045_scenario;r120670201201-electricity-boiler_heat_high;invest_out_heat_high;electricity;r120670201201;boiler_heat_high;conversion;1.048632174605741
2045_scenario;r120640428428-electricity-boiler_heat_high;summed_variable_costs_out_heat_high;electricity;r120640428428;boiler_heat_high;conversion;35.564161256499254
2045_scenario;r120640472472-electricity-boiler_heat_high;summed_variable_costs_out_heat_high;electricity;r120640472472;boiler_heat_high;conversion;31.337019064633676
2045_scenario;r120670124124-electricity-boiler_heat_high;summed_variable_costs_out_heat_high;electricity;r120670124124;boiler_heat_high;conversion;21.73879996974372
2045_scenario;r120670201201-electricity-boiler_heat_high;summed_variable_costs_out_heat_high;electricity;r120670201201;boiler_heat_high;conversion;798.1005156425209
2045_scenario;r120640428428-electricity-demand_cts;flow_in_electricity;electricity;r120640428428;demand_cts;load;28295.789999994184
2045_scenario;r120640472472-electricity-demand_cts;flow_in_electricity;electricity;r120640472472;demand_cts;load;39842.147257856406
2045_scenario;r120670124124-electricity-demand_cts;flow_in_electricity;electricity;r120670124124;demand_cts;load;9565.240902967244
2045_scenario;r120670201201-electricity-demand_cts;flow_in_electricity;electricity;r120670201201;demand_cts;load;49826.99500253126
2045_scenario;r120640428428-electricity-demand_hh;flow_in_electricity;electricity;r120640428428;demand_hh;load;7789.009999997796
2045_scenario;r120640472472-electricity-demand_hh;flow_in_electricity;electricity;r120640472472;demand_hh;load;13299.983844672683
2045_scenario;r120670124124-electricity-demand_hh;flow_in_electricity;electricity;r120670124124;demand_hh;load;5786.605412046262
2045_scenario;r120670201201-electricity-demand_hh;flow_in_electricity;electricity;r120670201201;demand_hh;load;4424.180712696532
2045_scenario;r120640428428-electricity-demand_ind;flow_in_electricity;electricity;r120640428428;demand_ind;load;222309.36999996298
2045_scenario;r120640472472-electricity-demand_ind;flow_in_electricity;electricity;r120640472472;demand_ind;load;33173.46387251867
2045_scenario;r120670124124-electricity-demand_ind;flow_in_electricity;electricity;r120670124124;demand_ind;load;10737.784766899109
2045_scenario;r120670201201-electricity-demand_ind;flow_in_electricity;electricity;r120670201201;demand_ind;load;867381.8774538814
2045_scenario;r120640428428-electricity-demand_mob;flow_in_electricity;electricity;r120640428428;demand_mob;load;11885.29148591775
2045_scenario;r120640472472-electricity-demand_mob;flow_in_electricity;electricity;r120640472472;demand_mob;load;20289.635045682488
2045_scenario;r120670124124-electricity-demand_mob;flow_in_electricity;electricity;r120670124124;demand_mob;load;8444.81117721094
2045_scenario;r120670201201-electricity-demand_mob;flow_in_electricity;electricity;r120670201201;demand_mob;load;6231.0921190902955
2045_scenario;r120640428428-electricity-electrolyzer;flow_in_electricity;electricity;r120640428428;electrolyzer;conversion;0.0
2045_scenario;r120640472472-electricity-electrolyzer;flow_in_electricity;electricity;r120640472472;electrolyzer;conversion;0.0
2045_scenario;r120670124124-electricity-electrolyzer;flow_in_electricity;electricity;r120670124124;electrolyzer;conversion;0.0
2045_scenario;r120670201201-electricity-electrolyzer;flow_in_electricity;electricity;r120670201201;electrolyzer;conversion;0.0
2045_scenario;r120640428428-electricity-electrolyzer;flow_out_h2;electricity;r120640428428;electrolyzer;conversion;0.0
2045_scenario;r120640472472-electricity-electrolyzer;flow_out_h2;electricity;r120640472472;electrolyzer;conversion;0.0
2045_scenario;r120670124124-electricity-electrolyzer;flow_out_h2;electricity;r120670124124;electrolyzer;conversion;0.0
2045_scenario;r120670201201-electricity-electrolyzer;flow_out_h2;electricity;r120670201201;electrolyzer;conversion;0.0
2045_scenario;r120640428428-electricity-electrolyzer;invest_costs_out_h2;electricity;r120640428428;electrolyzer;conversion;0.0
2045_scenario;r120640472472-electricity-electrolyzer;invest_costs_out_h2;electricity;r120640472472;electrolyzer;conversion;0.0
2045_scenario;r120670124124-electricity-electrolyzer;invest_costs_out_h2;electricity;r120670124124;electrolyzer;conversion;0.0
2045_scenario;r120670201201-electricity-electrolyzer;invest_costs_out_h2;electricity;r120670201201;electrolyzer;conversion;0.0
2045_scenario;r120640428428-electricity-electrolyzer;invest_out_h2;electricity;r120640428428;electrolyzer;conversion;0.0
2045_scenario;r120640472472-electricity-electrolyzer;invest_out_h2;electricity;r120640472472;electrolyzer;conversion;0.0
2045_scenario;r120670124124-electricity-electrolyzer;invest_out_h2;electricity;r120670124124;electrolyzer;conversion;0.0
2045_scenario;r120670201201-electricity-electrolyzer;invest_out_h2;electricity;r120670201201;electrolyzer;conversion;0.0
2045_scenario;r120640428428-electricity-export;flow_in_electricity;electricity;r120640428428;export;excess;1770.5378503278475
2045_scenario;r120640472472-electricity-export;flow_in_electricity;electricity;r120640472472;export;excess;83.34577634358871
2045_scenario;r120670124124-electricity-export;flow_in_electricity;electricity;r120670124124;export;excess;1.791381580585644
2045_scenario;r120670201201-electricity-export;flow_in_electricity;electricity;r120670201201;export;excess;24298.306890361477
2045_scenario;r120640428428-electricity-heatpump_central;flow_in_electricity;electricity;r120640428428;heatpump_central;conversion;0.0
2045_scenario;r120640472472-electricity-heatpump_central;flow_in_electricity;electricity;r120640472472;heatpump_central;conversion;2660.4963666010403
2045_scenario;r120670124124-electricity-heatpump_central;flow_in_electricity;electricity;r120670124124;heatpump_central;conversion;5.643788221765144
2045_scenario;r120670201201-electricity-heatpump_central;flow_in_electricity;electricity;r120670201201;heatpump_central;conversion;1071.1765954456907
2045_scenario;r120640428428-electricity-heatpump_central;flow_out_heat_low_central;electricity;r120640428428;heatpump_central;conversion;0.0
2045_scenario;r120640472472-electricity-heatpump_central;flow_out_heat_low_central;electricity;r120640472472;heatpump_central;conversion;11215.686791238244
2045_scenario;r120670124124-electricity-heatpump_central;flow_out_heat_low_central;electricity;r120670124124;heatpump_central;conversion;23.906004162628832
2045_scenario;r120670201201-electricity-heatpump_central;flow_out_heat_low_central;electricity;r120670201201;heatpump_central;conversion;4872.951915413341
2045_scenario;r120640428428-electricity-heatpump_central;invest_costs_out_heat_low_central;electricity;r120640428428;heatpump_central;conversion;0.0
2045_scenario;r120640472472-electricity-heatpump_central;invest_costs_out_heat_low_central;electricity;r120640472472;heatpump_central;conversion;202104.92723125443
2045_scenario;r120670124124-electricity-heatpump_central;invest_costs_out_heat_low_central;electricity;r120670124124;heatpump_central;conversion;423.90075849868634
2045_scenario;r120670201201-electricity-heatpump_central;invest_costs_out_heat_low_central;electricity;r120670201201;heatpump_central;conversion;63365.531593820764
2045_scenario;r120640428428-electricity-heatpump_central;invest_out_heat_low_central;electricity;r120640428428;heatpump_central;conversion;0.0
2045_scenario;r120640472472-electricity-heatpump_central;invest_out_heat_low_central;electricity;r120640472472;heatpump_central;conversion;3.770862736787392
2045_scenario;r120670124124-electricity-heatpump_central;invest_out_heat_low_central;electricity;r120670124124;heatpump_central;conversion;0.007909117289800606
2045_scenario;r120670201201-electricity-heatpump_central;invest_out_heat_low_central;electricity;r120670201201;heatpump_central;conversion;1.1822706410836663
2045_scenario;r120640428428-electricity-heatpump_central;summed_variable_costs_out_heat_low_central;electricity;r120640428428;heatpump_central;conversion;0.0
2045_scenario;r120640472472-electricity-heatpump_central;summed_variable_costs_out_heat_low_central;electricity;r120640472472;heatpump_central;conversion;20076.07935631646
2045_scenario;r120670124124-electricity-heatpump_central;summed_variable_costs_out_heat_low_central;electricity;r120670124124;heatpump_central;conversion;42.791747451105614
2045_scenario;r120670201201-electricity-heatpump_central;summed_variable_costs_out_heat_low_central;electricity;r120670201201;heatpump_central;conversion;8722.583928589882
2045_scenario;r120640428428-electricity-heatpump_decentral;flow_in_electricity;electricity;r120640428428;heatpump_decentral;conversion;7136.487117737427
2045_scenario;r120640472472-electricity-heatpump_decentral;flow_in_electricity;electricity;r120640472472;heatpump_decentral;conversion;7199.7010356573755
2045_scenario;r120670124124-electricity-heatpump_decentral;flow_in_electricity;electricity;r120670124124;heatpump_decentral;conversion;3879.9577973128207
2045_scenario;r120670201201-electricity-heatpump_decentral;flow_in_electricity;electricity;r120670201201;heatpump_decentral;conversion;8774.236480750313
2045_scenario;r120640428428-electricity-heatpump_decentral;flow_out_heat_low_decentral;electricity;r120640428428;heatpump_decentral;conversion;30130.126633015992
2045_scenario;r120640472472-electricity-heatpump_decentral;flow_out_heat_low_decentral;electricity;r120640472472;heatpump_decentral;conversion;30317.51528133249
2045_scenario;r120670124124-electricity-heatpump_decentral;flow_out_heat_low_decentral;electricity;r120670124124;heatpump_decentral;conversion;16416.370398145395
2045_scenario;r120670201201-electricity-heatpump_decentral;flow_out_heat_low_decentral;electricity;r120670201201;heatpump_decentral;conversion;39728.4715482512
2045_scenario;r120640428428-electricity-heatpump_decentral;invest_costs_out_heat_low_decentral;electricity;r120640428428;heatpump_decentral;conversion;764870.8689465533
2045_scenario;r120640472472-electricity-heatpump_decentral;invest_costs_out_heat_low_decentral;electricity;r120640472472;heatpump_decentral;conversion;774777.4956942828
2045_scenario;r120670124124-electricity-heatpump_decentral;invest_costs_out_heat_low_decentral;electricity;r120670124124;heatpump_decentral;conversion;416622.5862572438
2045_scenario;r120670201201-electricity-heatpump_decentral;invest_costs_out_heat_low_decentral;electricity;r120670201201;heatpump_decentral;conversion;798231.4969709532
2045_scenario;r120640428428-electricity-heatpump_decentral;invest_out_heat_low_decentral;electricity;r120640428428;heatpump_decentral;conversion;7.057467713661892
2045_scenario;r120640472472-electricity-heatpump_decentral;invest_out_heat_low_decentral;electricity;r120640472472;heatpump_decentral;conversion;7.148876213138012
2045_scenario;r120670124124-electricity-heatpump_decentral;invest_out_heat_low_decentral;electricity;r120670124124;heatpump_decentral;conversion;3.8441788943308204
2045_scenario;r120670201201-electricity-heatpump_decentral;invest_out_heat_low_decentral;electricity;r120670201201;heatpump_decentral;conversion;7.365286411887329
2045_scenario;r120640428428-electricity-heatpump_heat_high;flow_in_electricity;electricity;r120640428428;heatpump_heat_high;conversion;47.836554528326374
2045_scenario;r120640472472-electricity-heatpump_heat_high;flow_in_electricity;electricity;r120640472472;heatpump_heat_high;conversion;1467.0737517043324
2045_scenario;r120670124124-electricity-heatpump_heat_high;flow_in_electricity;electricity;r120670124124;heatpump_heat_high;conversion;1018.9284521365495
2045_scenario;r120670201201-electricity-heatpump_heat_high;flow_in_electricity;electricity;r120670201201;heatpump_heat_high;conversion;29469.24842935728
2045_scenario;r120640428428-electricity-heatpump_heat_high;flow_out_heat_high;electricity;r120640428428;heatpump_heat_high;conversion;129.3158102013792
2045_scenario;r120640472472-electricity-heatpump_heat_high;flow_out_heat_high;electricity;r120640472472;heatpump_heat_high;conversion;3835.6112323220195
2045_scenario;r120670124124-electricity-heatpump_heat_high;flow_out_heat_high;electricity;r120670124124;heatpump_heat_high;conversion;2663.9531055213183
2045_scenario;r120670201201-electricity-heatpump_heat_high;flow_out_heat_high;electricity;r120670201201;heatpump_heat_high;conversion;77031.20821047512
2045_scenario;r120640428428-electricity-heatpump_heat_high;invest_costs_out_heat_high;electricity;r120640428428;heatpump_heat_high;conversion;2612.641077253067
2045_scenario;r120640472472-electricity-heatpump_heat_high;invest_costs_out_heat_high;electricity;r120640472472;heatpump_heat_high;conversion;31364.63719218796
2045_scenario;r120670124124-electricity-heatpump_heat_high;invest_costs_out_heat_high;electricity;r120670124124;heatpump_heat_high;conversion;21783.46553432634
2045_scenario;r120670201201-electricity-heatpump_heat_high;invest_costs_out_heat_high;electricity;r120670201201;heatpump_heat_high;conversion;629175.9583936604
2045_scenario;r120640428428-electricity-heatpump_heat_high;invest_out_heat_high;electricity;r120640428428;heatpump_heat_high;conversion;0.04861216135966984
2045_scenario;r120640472472-electricity-heatpump_heat_high;invest_out_heat_high;electricity;r120640472472;heatpump_heat_high;conversion;0.5835867840588409
2045_scenario;r120670124124-electricity-heatpump_heat_high;invest_out_heat_high;electricity;r120670124124;heatpump_heat_high;conversion;0.4053145113376424
2045_scenario;r120670201201-electricity-heatpump_heat_high;invest_out_heat_high;electricity;r120670201201;heatpump_heat_high;conversion;11.706775752456307
2045_scenario;r120640428428-electricity-heatpump_heat_high;summed_variable_costs_out_heat_high;electricity;r120640428428;heatpump_heat_high;conversion;412.8019293248427
2045_scenario;r120640472472-electricity-heatpump_heat_high;summed_variable_costs_out_heat_high;electricity;r120640472472;heatpump_heat_high;conversion;12244.038175818352
2045_scenario;r120670124124-electricity-heatpump_heat_high;summed_variable_costs_out_heat_high;electricity;r120670124124;heatpump_heat_high;conversion;8503.871103445153
2045_scenario;r120670201201-electricity-heatpump_heat_high;summed_variable_costs_out_heat_high;electricity;r120670201201;heatpump_heat_high;conversion;245899.02284947867
2045_scenario;r120640428428-electricity-import;flow_out_electricity;electricity;r120640428428;import;shortage;193318.40012924658
2045_scenario;r120640472472-electricity-import;flow_out_electricity;electricity;r120640472472;import;shortage;76805.93603357387
2045_scenario;r120670124124-electricity-import;flow_out_electricity;electricity;r120670124124;import;shortage;25867.56883903883
2045_scenario;r120670201201-electricity-import;flow_out_electricity;electricity;r120670201201;import;shortage;701780.0254407561
2045_scenario;r120640428428-electricity-import;summed_variable_costs_out_electricity;electricity;r120640428428;import;shortage;14112243.209435001
2045_scenario;r120640472472-electricity-import;summed_variable_costs_out_electricity;electricity;r120640472472;import;shortage;5606833.330450892
2045_scenario;r120670124124-electricity-import;summed_variable_costs_out_electricity;electricity;r120670124124;import;shortage;1888332.5252498346
2045_scenario;r120670201201-electricity-import;summed_variable_costs_out_electricity;electricity;r120670201201;import;shortage;51229941.857175194
2045_scenario;r120640428428-electricity-large_battery_storage;flow_in_electricity;electricity;r120640428428;large_battery_storage;storage;0.0
2045_scenario;r120640472472-electricity-large_battery_storage;flow_in_electricity;electricity;r120640472472;large_battery_storage;storage;0.0
2045_scenario;r120670124124-electricity-large_battery_storage;flow_in_electricity;electricity;r120670124124;large_battery_storage;storage;0.0
2045_scenario;r120670201201-electricity-large_battery_storage;flow_in_electricity;electricity;r120670201201;large_battery_storage;storage;0.0
2045_scenario;r120640428428-electricity-large_battery_storage;flow_out_electricity;electricity;r120640428428;large_battery_storage;storage;0.0
2045_scenario;r120640472472-electricity-large_battery_storage;flow_out_electricity;electricity;r120640472472;large_battery_storage;storage;0.0
2045_scenario;r120670124124-electricity-large_battery_storage;flow_out_electricity;electricity;r120670124124;large_battery_storage;storage;0.0
2045_scenario;r120670201201-electricity-large_battery_storage;flow_out_electricity;electricity;r120670201201;large_battery_storage;storage;0.0
2045_scenario;r120640428428-electricity-large_battery_storage;invest;electricity;r120640428428;large_battery_storage;storage;0.0
2045_scenario;r120640472472-electricity-large_battery_storage;invest;electricity;r120640472472;large_battery_storage;storage;0.0
2045_scenario;r120670124124-electricity-large_battery_storage;invest;electricity;r120670124124;large_battery_storage;storage;0.0
2045_scenario;r120670201201-electricity-large_battery_storage;invest;electricity;r120670201201;large_battery_storage;storage;0.0
2045_scenario;r120640428428-electricity-large_battery_storage;invest_costs;electricity;r120640428428;large_battery_storage;storage;0.0
2045_scenario;r120640472472-electricity-large_battery_storage;invest_costs;electricity;r120640472472;large_battery_storage;storage;0.0
2045_scenario;r120670124124-electricity-large_battery_storage;invest_costs;electricity;r120670124124;large_battery_storage;storage;0.0
2045_scenario;r120670201201-electricity-large_battery_storage;invest_costs;electricity;r120670201201;large_battery_storage;storage;0.0
2045_scenario;r120640428428-electricity-large_battery_storage;invest_costs_in_electricity;electricity;r120640428428;large_battery_storage;storage;0.0
2045_scenario;r120640472472-electricity-large_battery_storage;invest_costs_in_electricity;electricity;r120640472472;large_battery_storage;storage;0.0
2045_scenario;r120670124124-electricity-large_battery_storage;invest_costs_in_electricity;electricity;r120670124124;large_battery_storage;storage;0.0
2045_scenario;r120670201201-electricity-large_battery_storage;invest_costs_in_electricity;electricity;r120670201201;large_battery_storage;storage;0.0
2045_scenario;r120640428428-electricity-large_battery_storage;invest_costs_out_electricity;electricity;r120640428428;large_battery_storage;storage;0.0
2045_scenario;r120640472472-electricity-large_battery_storage;invest_costs_out_electricity;electricity;r120640472472;large_battery_storage;storage;0.0
2045_scenario;r120670124124-electricity-large_battery_storage;invest_costs_out_electricity;electricity;r120670124124;large_battery_storage;storage;0.0
2045_scenario;r120670201201-electricity-large_battery_storage;invest_costs_out_electricity;electricity;r120670201201;large_battery_storage;storage;0.0
2045_scenario;r120640428428-electricity-large_battery_storage;invest_in_electricity;electricity;r120640428428;large_battery_storage;storage;0.0
2045_scenario;r120640472472-electricity-large_battery_storage;invest_in_electricity;electricity;r120640472472;large_battery_storage;storage;0.0
2045_scenario;r120670124124-electricity-large_battery_storage;invest_in_electricity;electricity;r120670124124;large_battery_storage;storage;0.0
2045_scenario;r120670201201-electricity-large_battery_storage;invest_in_electricity;electricity;r120670201201;large_battery_storage;storage;0.0
2045_scenario;r120640428428-electricity-large_battery_storage;invest_out_electricity;electricity;r120640428428;large_battery_storage;storage;0.0
2045_scenario;r120640472472-electricity-large_battery_storage;invest_out_electricity;electricity;r120640472472;large_battery_storage;storage;0.0
2045_scenario;r120670124124-electricity-large_battery_storage;invest_out_electricity;electricity;r120670124124;large_battery_storage;storage;0.0
2045_scenario;r120670201201-electricity-large_battery_storage;invest_out_electricity;electricity;r120670201201;large_battery_storage;storage;0.0
2045_scenario;r120640428428-electricity-large_battery_storage;storage_losses;electricity;r120640428428;large_battery_storage;storage;0.0
2045_scenario;r120640472472-electricity-large_battery_storage;storage_losses;electricity;r120640472472;large_battery_storage;storage;0.0
2045_scenario;r120670124124-electricity-large_battery_storage;storage_losses;electricity;r120670124124;large_battery_storage;storage;0.0
2045_scenario;r120670201201-electricity-large_battery_storage;storage_losses;electricity;r120670201201;large_battery_storage;storage;0.0
2045_scenario;r120640428428-electricity-large_battery_storage;summed_variable_costs_in_electricity;electricity;r120640428428;large_battery_storage;storage;0.0
2045_scenario;r120640472472-electricity-large_battery_storage;summed_variable_costs_in_electricity;electricity;r120640472472;large_battery_storage;storage;0.0
2045_scenario;r120670124124-electricity-large_battery_storage;summed_variable_costs_in_electricity;electricity;r120670124124;large_battery_storage;storage;0.0
2045_scenario;r120670201201-electricity-large_battery_storage;summed_variable_costs_in_electricity;electricity;r120670201201;large_battery_storage;storage;0.0
2045_scenario;r120640428428-electricity-large_battery_storage;summed_variable_costs_out_electricity;electricity;r120640428428;large_battery_storage;storage;0.0
2045_scenario;r120640472472-electricity-large_battery_storage;summed_variable_costs_out_electricity;electricity;r120640472472;large_battery_storage;storage;0.0
2045_scenario;r120670124124-electricity-large_battery_storage;summed_variable_costs_out_electricity;electricity;r120670124124;large_battery_storage;storage;0.0
2045_scenario;r120670201201-electricity-large_battery_storage;summed_variable_costs_out_electricity;electricity;r120670201201;large_battery_storage;storage;0.0
2045_scenario;r120640428428-electricity-pv_agri_horizontal;flow_out_electricity;electricity;r120640428428;pv_agri_horizontal;volatile;256.4352074864276
2045_scenario;r120640472472-electricity-pv_agri_horizontal;flow_out_electricity;electricity;r120640472472;pv_agri_horizontal;volatile;630.926729675851
2045_scenario;r120670124124-electricity-pv_agri_horizontal;flow_out_electricity;electricity;r120670124124;pv_agri_horizontal;volatile;0.0
2045_scenario;r120670201201-electricity-pv_agri_horizontal;flow_out_electricity;electricity;r120670201201;pv_agri_horizontal;volatile;0.0
2045_scenario;r120640428428-electricity-pv_agri_horizontal;invest_costs_out_electricity;electricity;r120640428428;pv_agri_horizontal;volatile;6678.225836089193
2045_scenario;r120640472472-electricity-pv_agri_horizontal;invest_costs_out_electricity;electricity;r120640472472;pv_agri_horizontal;volatile;16430.93874706552
2045_scenario;r120670124124-electricity-pv_agri_horizontal;invest_costs_out_electricity;electricity;r120670124124;pv_agri_horizontal;volatile;0.0
2045_scenario;r120670201201-electricity-pv_agri_horizontal;invest_costs_out_electricity;electricity;r120670201201;pv_agri_horizontal;volatile;0.0
2045_scenario;r120640428428-electricity-pv_agri_horizontal;invest_out_electricity;electricity;r120640428428;pv_agri_horizontal;volatile;0.240107872178303
2045_scenario;r120640472472-electricity-pv_agri_horizontal;invest_out_electricity;electricity;r120640472472;pv_agri_horizontal;volatile;0.590755364865029
2045_scenario;r120670124124-electricity-pv_agri_horizontal;invest_out_electricity;electricity;r120670124124;pv_agri_horizontal;volatile;0.0
2045_scenario;r120670201201-electricity-pv_agri_horizontal;invest_out_electricity;electricity;r120670201201;pv_agri_horizontal;volatile;0.0
2045_scenario;r120640428428-electricity-pv_agri_vertical;flow_out_electricity;electricity;r120640428428;pv_agri_vertical;volatile;1940.2837766009025
2045_scenario;r120640472472-electricity-pv_agri_vertical;flow_out_electricity;electricity;r120640472472;pv_agri_vertical;volatile;2224.091401343503
2045_scenario;r120670124124-electricity-pv_agri_vertical;flow_out_electricity;electricity;r120670124124;pv_agri_vertical;volatile;0.0
2045_scenario;r120670201201-electricity-pv_agri_vertical;flow_out_electricity;electricity;r120670201201;pv_agri_vertical;volatile;502.9650192932161
2045_scenario;r120640428428-electricity-pv_agri_vertical;invest_costs_out_electricity;electricity;r120640428428;pv_agri_vertical;volatile;82643.13310326205
2045_scenario;r120640472472-electricity-pv_agri_vertical;invest_costs_out_electricity;electricity;r120640472472;pv_agri_vertical;volatile;94731.44285989608
2045_scenario;r120670124124-electricity-pv_agri_vertical;invest_costs_out_electricity;electricity;r120670124124;pv_agri_vertical;volatile;0.0
2045_scenario;r120670201201-electricity-pv_agri_vertical;invest_costs_out_electricity;electricity;r120670201201;pv_agri_vertical;volatile;21422.95139350839
2045_scenario;r120640428428-electricity-pv_agri_vertical;invest_out_electricity;electricity;r120640428428;pv_agri_vertical;volatile;2.97133809586662
2045_scenario;r120640472472-electricity-pv_agri_vertical;invest_out_electricity;electricity;r120640472472;pv_agri_vertical;volatile;3.40595926698852
2045_scenario;r120670124124-electricity-pv_agri_vertical;invest_out_electricity;electricity;r120670124124;pv_agri_vertical;volatile;0.0
2045_scenario;r120670201201-electricity-pv_agri_vertical;invest_out_electricity;electricity;r120670201201;pv_agri_vertical;volatile;0.77023739554857
2045_scenario;r120640428428-electricity-pv_ground;flow_out_electricity;electricity;r120640428428;pv_ground;volatile;15013.030218159234
2045_scenario;r120640472472-electricity-pv_ground;flow_out_electricity;electricity;r120640472472;pv_ground;volatile;6308.807411735007
2045_scenario;r120670124124-electricity-pv_ground;flow_out_electricity;electricity;r120670124124;pv_ground;volatile;0.0
2045_scenario;r120670201201-electricity-pv_ground;flow_out_electricity;electricity;r120670201201;pv_ground;volatile;1501.7803519052004
2045_scenario;r120640428428-electricity-pv_ground;invest_costs_out_electricity;electricity;r120640428428;pv_ground;volatile;325558.7445101357
2045_scenario;r120640472472-electricity-pv_ground;invest_costs_out_electricity;electricity;r120640472472;pv_ground;volatile;136806.98636284482
2045_scenario;r120670124124-electricity-pv_ground;invest_costs_out_electricity;electricity;r120670124124;pv_ground;volatile;0.0
2045_scenario;r120670201201-electricity-pv_ground;invest_costs_out_electricity;electricity;r120670201201;pv_ground;volatile;32566.225391651387
2045_scenario;r120640428428-electricity-pv_ground;invest_out_electricity;electricity;r120640428428;pv_ground;volatile;14.0571443990255
2045_scenario;r120640472472-electricity-pv_ground;invest_out_electricity;electricity;r120640472472;pv_ground;volatile;5.9071230446957
2045_scenario;r120670124124-electricity-pv_ground;invest_out_electricity;electricity;r120670124124;pv_ground;volatile;0.0
2045_scenario;r120670201201-electricity-pv_ground;invest_out_electricity;electricity;r120670201201;pv_ground;volatile;1.40616137818839
2045_scenario;r120640428428-electricity-pv_rooftop;flow_out_electricity;electricity;r120640428428;pv_rooftop;volatile;73347.19923665254
2045_scenario;r120640472472-electricity-pv_rooftop;flow_out_electricity;electricity;r120640472472;pv_rooftop;volatile;42647.01240876605
2045_scenario;r120670124124-electricity-pv_rooftop;flow_out_electricity;electricity;r120670124124;pv_rooftop;volatile;17062.582355139184
2045_scenario;r120670201201-electricity-pv_rooftop;flow_out_electricity;electricity;r120670201201;pv_rooftop;volatile;0.0
2045_scenario;r120640428428-electricity-pv_rooftop;invest_costs_out_electricity;electricity;r120640428428;pv_rooftop;volatile;2726523.034275039
2045_scenario;r120640472472-electricity-pv_rooftop;invest_costs_out_electricity;electricity;r120640472472;pv_rooftop;volatile;1585310.1806975119
2045_scenario;r120670124124-electricity-pv_rooftop;invest_costs_out_electricity;electricity;r120670124124;pv_rooftop;volatile;634264.4886194158
2045_scenario;r120670201201-electricity-pv_rooftop;invest_costs_out_electricity;electricity;r120670201201;pv_rooftop;volatile;0.0
2045_scenario;r120640428428-electricity-pv_rooftop;invest_out_electricity;electricity;r120640428428;pv_rooftop;volatile;68.67715284330762
2045_scenario;r120640472472-electricity-pv_rooftop;invest_out_electricity;electricity;r120640472472;pv_rooftop;volatile;39.93165955876971
2045_scenario;r120670124124-electricity-pv_rooftop;invest_out_electricity;electricity;r120670124124;pv_rooftop;volatile;15.97620070705916
2045_scenario;r120670201201-electricity-pv_rooftop;invest_out_electricity;electricity;r120670201201;pv_rooftop;volatile;0.0
2045_scenario;r120640428428-electricity-small_battery_storage;flow_in_electricity;electricity;r120640428428;small_battery_storage;storage;18125.493831244563
2045_scenario;r120640472472-electricity-small_battery_storage;flow_in_electricity;electricity;r120640472472;small_battery_storage;storage;18156.98032061626
2045_scenario;r120670124124-electricity-small_battery_storage;flow_in_electricity;electricity;r120670124124;small_battery_storage;storage;6625.3696979002925
2045_scenario;r120670201201-electricity-small_battery_storage;flow_in_electricity;electricity;r120670201201;small_battery_storage;storage;13717.927188741072
2045_scenario;r120640428428-electricity-small_battery_storage;flow_out_electricity;electricity;r120640428428;small_battery_storage;storage;10126.609202949641
2045_scenario;r120640472472-electricity-small_battery_storage;flow_out_electricity;electricity;r120640472472;small_battery_storage;storage;10084.471427449267
2045_scenario;r120670124124-electricity-small_battery_storage;flow_out_electricity;electricity;r120670124124;small_battery_storage;storage;3706.409614019084
2045_scenario;r120670201201-electricity-small_battery_storage;flow_out_electricity;electricity;r120670201201;small_battery_storage;storage;8769.747234949089
2045_scenario;r120640428428-electricity-small_battery_storage;invest;electricity;r120640428428;small_battery_storage;storage;0.0
2045_scenario;r120640472472-electricity-small_battery_storage;invest;electricity;r120640472472;small_battery_storage;storage;0.0
2045_scenario;r120670124124-electricity-small_battery_storage;invest;electricity;r120670124124;small_battery_storage;storage;0.0
2045_scenario;r120670201201-electricity-small_battery_storage;invest;electricity;r120670201201;small_battery_storage;storage;0.0
2045_scenario;r120640428428-electricity-small_battery_storage;invest_costs;electricity;r120640428428;small_battery_storage;storage;0.0
2045_scenario;r120640472472-electricity-small_battery_storage;invest_costs;electricity;r120640472472;small_battery_storage;storage;0.0
2045_scenario;r120670124124-electricity-small_battery_storage;invest_costs;electricity;r120670124124;small_battery_storage;storage;0.0
2045_scenario;r120670201201-electricity-small_battery_storage;invest_costs;electricity;r120670201201;small_battery_storage;storage;0.0
2045_scenario;r120640428428-electricity-small_battery_storage;invest_costs_in_electricity;electricity;r120640428428;small_battery_storage;storage;0.0
2045_scenario;r120640472472-electricity-small_battery_storage;invest_costs_in_electricity;electricity;r120640472472;small_battery_storage;storage;0.01961720506594356
2045_scenario;r120670124124-electricity-small_battery_storage;invest_costs_in_electricity;electricity;r120670124124;small_battery_storage;storage;0.001907370284434695
2045_scenario;r120670201201-electricity-small_battery_storage;invest_costs_in_electricity;electricity;r120670201201;small_battery_storage;storage;0.17293530901374274
2045_scenario;r120640428428-electricity-small_battery_storage;invest_costs_out_electricity;electricity;r120640428428;small_battery_storage;storage;0.0
2045_scenario;r120640472472-electricity-small_battery_storage;invest_costs_out_electricity;electricity;r120640472472;small_battery_storage;storage;0.0
2045_scenario;r120670124124-electricity-small_battery_storage;invest_costs_out_electricity;electricity;r120670124124;small_battery_storage;storage;0.0
2045_scenario;r120670201201-electricity-small_battery_storage;invest_costs_out_electricity;electricity;r120670201201;small_battery_storage;storage;0.0
2045_scenario;r120640428428-electricity-small_battery_storage;invest_in_electricity;electricity;r120640428428;small_battery_storage;storage;0.0
2045_scenario;r120640472472-electricity-small_battery_storage;invest_in_electricity;electricity;r120640472472;small_battery_storage;storage;2.1811168625945214
2045_scenario;r120670124124-electricity-small_battery_storage;invest_in_electricity;electricity;r120670124124;small_battery_storage;storage;0.21206881798949695
2045_scenario;r120670201201-electricity-small_battery_storage;invest_in_electricity;electricity;r120670201201;small_battery_storage;storage;19.22761766316512
2045_scenario;r120640428428-electricity-small_battery_storage;invest_out_electricity;electricity;r120640428428;small_battery_storage;storage;0.0
2045_scenario;r120640472472-electricity-small_battery_storage;invest_out_electricity;electricity;r120640472472;small_battery_storage;storage;2.1811168625945214
2045_scenario;r120670124124-electricity-small_battery_storage;invest_out_electricity;electricity;r120670124124;small_battery_storage;storage;0.21206881798949695
2045_scenario;r120670201201-electricity-small_battery_storage;invest_out_electricity;electricity;r120670201201;small_battery_storage;storage;19.22761766316512
2045_scenario;r120640428428-electricity-small_battery_storage;storage_losses;electricity;r120640428428;small_battery_storage;storage;7998.884628294922
2045_scenario;r120640472472-electricity-small_battery_storage;storage_losses;electricity;r120640472472;small_battery_storage;storage;8072.508893166994
2045_scenario;r120670124124-electricity-small_battery_storage;storage_losses;electricity;r120670124124;small_battery_storage;storage;2918.9600838812084
2045_scenario;r120670201201-electricity-small_battery_storage;storage_losses;electricity;r120670201201;small_battery_storage;storage;4948.179953791983
2045_scenario;r120640428428-electricity-small_battery_storage;summed_variable_costs_in_electricity;electricity;r120640428428;small_battery_storage;storage;1812.5493831244564
2045_scenario;r120640472472-electricity-small_battery_storage;summed_variable_costs_in_electricity;electricity;r120640472472;small_battery_storage;storage;1815.6980320616262
2045_scenario;r120670124124-electricity-small_battery_storage;summed_variable_costs_in_electricity;electricity;r120670124124;small_battery_storage;storage;662.5369697900293
2045_scenario;r120670201201-electricity-small_battery_storage;summed_variable_costs_in_electricity;electricity;r120670201201;small_battery_storage;storage;1371.7927188741073
2045_scenario;r120640428428-r120640472472-electricity-transmission;flow_in_electricity_from_bus;electricity;r120640428428_r120640472472;transmission;link;7.542538472327735
2045_scenario;r120640428428-r120670124124-electricity-transmission;flow_in_electricity_from_bus;electricity;r120640428428_r120670124124;transmission;link;4.6232192664224
2045_scenario;r120640428428-r120670201201-electricity-transmission;flow_in_electricity_from_bus;electricity;r120640428428_r120670201201;transmission;link;2270.4231485012747
2045_scenario;r120640472472-r120670124124-electricity-transmission;flow_in_electricity_from_bus;electricity;r120640472472_r120670124124;transmission;link;0.6735549315363054
2045_scenario;r120640472472-r120670201201-electricity-transmission;flow_in_electricity_from_bus;electricity;r120640472472_r120670201201;transmission;link;7948.243867013993
2045_scenario;r120670124124-r120670201201-electricity-transmission;flow_in_electricity_from_bus;electricity;r120670124124_r120670201201;transmission;link;2926.971267541741
2045_scenario;r120640428428-r120640472472-electricity-transmission;flow_in_electricity_to_bus;electricity;r120640428428_r120640472472;transmission;link;281.40508340773613
2045_scenario;r120640428428-r120670124124-electricity-transmission;flow_in_electricity_to_bus;electricity;r120640428428_r120670124124;transmission;link;108.17141935308585
2045_scenario;r120640472472-r120670124124-electricity-transmission;flow_in_electricity_to_bus;electricity;r120640472472_r120670124124;transmission;link;1.6633198170453773
2045_scenario;r120640428428-r120670201201-electricity-transmission;flow_in_electricity_to_bus;electricity;r120640428428_r120670201201;transmission;link;2776.0249843152897
2045_scenario;r120640472472-r120670201201-electricity-transmission;flow_in_electricity_to_bus;electricity;r120640472472_r120670201201;transmission;link;4985.692845170086
2045_scenario;r120670124124-r120670201201-electricity-transmission;flow_in_electricity_to_bus;electricity;r120670124124_r120670201201;transmission;link;2094.909453386498
2045_scenario;r120640428428-r120640472472-electricity-transmission;flow_out_electricity_from_bus;electricity;r120640428428_r120640472472;transmission;link;278.59103257365877
2045_scenario;r120640428428-r120670124124-electricity-transmission;flow_out_electricity_from_bus;electricity;r120640428428_r120670124124;transmission;link;107.089705159555
2045_scenario;r120640428428-r120670201201-electricity-transmission;flow_out_electricity_from_bus;electricity;r120640428428_r120670201201;transmission;link;2748.2647344721363
2045_scenario;r120640472472-r120670124124-electricity-transmission;flow_out_electricity_from_bus;electricity;r120640472472_r120670124124;transmission;link;1.6466866188749236
2045_scenario;r120640472472-r120670201201-electricity-transmission;flow_out_electricity_from_bus;electricity;r120640472472_r120670201201;transmission;link;4935.835916718386
2045_scenario;r120670124124-r120670201201-electricity-transmission;flow_out_electricity_from_bus;electricity;r120670124124_r120670201201;transmission;link;2073.9603588526334
2045_scenario;r120640428428-r120640472472-electricity-transmission;flow_out_electricity_to_bus;electricity;r120640428428_r120640472472;transmission;link;7.467113087604457
2045_scenario;r120640428428-r120670124124-electricity-transmission;flow_out_electricity_to_bus;electricity;r120640428428_r120670124124;transmission;link;4.5769870737581755
2045_scenario;r120640428428-r120670201201-electricity-transmission;flow_out_electricity_to_bus;electricity;r120640428428_r120670201201;transmission;link;2247.7189170162615
2045_scenario;r120640472472-r120670124124-electricity-transmission;flow_out_electricity_to_bus;electricity;r120640472472_r120670124124;transmission;link;0.6668193822209423
2045_scenario;r120640472472-r120670201201-electricity-transmission;flow_out_electricity_to_bus;electricity;r120640472472_r120670201201;transmission;link;7868.7614283438525
2045_scenario;r120670124124-r120670201201-electricity-transmission;flow_out_electricity_to_bus;electricity;r120670124124_r120670201201;transmission;link;2897.701554866324
2045_scenario;r120640428428-r120640472472-electricity-transmission;summed_variable_costs_out_electricity_from_bus;electricity;r120640428428_r120640472472;transmission;link;1618.6138992529573
2045_scenario;r120640428428-r120670124124-electricity-transmission;summed_variable_costs_out_electricity_from_bus;electricity;r120640428428_r120670124124;transmission;link;622.1911869770145
2045_scenario;r120640428428-r120670201201-electricity-transmission;summed_variable_costs_out_electricity_from_bus;electricity;r120640428428_r120670201201;transmission;link;15967.41810728311
2045_scenario;r120640472472-r120670124124-electricity-transmission;summed_variable_costs_out_electricity_from_bus;electricity;r120640472472_r120670124124;transmission;link;9.567249255663306
2045_scenario;r120640472472-r120670201201-electricity-transmission;summed_variable_costs_out_electricity_from_bus;electricity;r120640472472_r120670201201;transmission;link;28677.20667613382
2045_scenario;r120670124124-r120670201201-electricity-transmission;summed_variable_costs_out_electricity_from_bus;electricity;r120670124124_r120670201201;transmission;link;12049.7096849338
2045_scenario;r120640428428-r120640472472-electricity-transmission;summed_variable_costs_out_electricity_to_bus;electricity;r120640428428_r120640472472;transmission;link;43.383927038981895
2045_scenario;r120640428428-r120670124124-electricity-transmission;summed_variable_costs_out_electricity_to_bus;electricity;r120640428428_r120670124124;transmission;link;26.592294898535
2045_scenario;r120640428428-r120670201201-electricity-transmission;summed_variable_costs_out_electricity_to_bus;electricity;r120640428428_r120670201201;transmission;link;13059.246907864479
2045_scenario;r120640472472-r120670124124-electricity-transmission;summed_variable_costs_out_electricity_to_bus;electricity;r120640472472_r120670124124;transmission;link;3.8742206107036745
2045_scenario;r120640472472-r120670201201-electricity-transmission;summed_variable_costs_out_electricity_to_bus;electricity;r120640472472_r120670201201;transmission;link;45717.50389867778
2045_scenario;r120670124124-r120670201201-electricity-transmission;summed_variable_costs_out_electricity_to_bus;electricity;r120670124124_r120670201201;transmission;link;16835.64603377334
2045_scenario;r120640428428-r120640472472-electricity-transmission;transmission_losses;electricity;r120640428428_r120640472472;transmission;link;2.8894762188006666
2045_scenario;r120640428428-r120670124124-electricity-transmission;transmission_losses;electricity;r120640428428_r120670124124;transmission;link;1.1279463861950774
2045_scenario;r120640428428-r120670201201-electricity-transmission;transmission_losses;electricity;r120640428428_r120670201201;transmission;link;50.464481328166585
2045_scenario;r120640472472-r120670124124-electricity-transmission;transmission_losses;electricity;r120640472472_r120670124124;transmission;link;0.023368747485816854
2045_scenario;r120640472472-r120670201201-electricity-transmission;transmission_losses;electricity;r120640472472_r120670201201;transmission;link;129.33936712184004
2045_scenario;r120670124124-r120670201201-electricity-transmission;transmission_losses;electricity;r120670124124_r120670201201;transmission;link;50.218807209281294
2045_scenario;r120640428428-electricity-wind;flow_out_electricity;electricity;r120640428428;wind;volatile;0.0
2045_scenario;r120640472472-electricity-wind;flow_out_electricity;electricity;r120640472472;wind;volatile;0.0
2045_scenario;r120670124124-electricity-wind;flow_out_electricity;electricity;r120670124124;wind;volatile;0.0
2045_scenario;r120670201201-electricity-wind;flow_out_electricity;electricity;r120670201201;wind;volatile;289924.7086035443
2045_scenario;r120640428428-electricity-wind;invest_costs_out_electricity;electricity;r120640428428;wind;volatile;0.0
2045_scenario;r120640472472-electricity-wind;invest_costs_out_electricity;electricity;r120640472472;wind;volatile;0.0
2045_scenario;r120670124124-electricity-wind;invest_costs_out_electricity;electricity;r120670124124;wind;volatile;0.0
2045_scenario;r120670201201-electricity-wind;invest_costs_out_electricity;electricity;r120670201201;wind;volatile;6324757.968981164
2045_scenario;r120640428428-electricity-wind;invest_out_electricity;electricity;r120640428428;wind;volatile;0.0
2045_scenario;r120640472472-electricity-wind;invest_out_electricity;electricity;r120640472472;wind;volatile;0.0
2045_scenario;r120670124124-electricity-wind;invest_out_electricity;electricity;r120670124124;wind;volatile;0.0
2045_scenario;r120670201201-electricity-wind;invest_out_electricity;electricity;r120670201201;wind;volatile;92.0395900328712
2045_scenario;r120640428428-h2-boiler_heat_high;flow_in_h2;h2;r120640428428;boiler_heat_high;conversion;0.0
2045_scenario;r120640472472-h2-boiler_heat_high;flow_in_h2;h2;r120640472472;boiler_heat_high;conversion;0.0
2045_scenario;r120670124124-h2-boiler_heat_high;flow_in_h2;h2;r120670124124;boiler_heat_high;conversion;0.0
2045_scenario;r120670201201-h2-boiler_heat_high;flow_in_h2;h2;r120670201201;boiler_heat_high;conversion;0.0
2045_scenario;r120640428428-h2-boiler_heat_high;flow_out_heat_high;h2;r120640428428;boiler_heat_high;conversion;0.0
2045_scenario;r120640472472-h2-boiler_heat_high;flow_out_heat_high;h2;r120640472472;boiler_heat_high;conversion;0.0
2045_scenario;r120670124124-h2-boiler_heat_high;flow_out_heat_high;h2;r120670124124;boiler_heat_high;conversion;0.0
2045_scenario;r120670201201-h2-boiler_heat_high;flow_out_heat_high;h2;r120670201201;boiler_heat_high;conversion;0.0
2045_scenario;r120640428428-h2-boiler_heat_high;invest_costs_out_heat_high;h2;r120640428428;boiler_heat_high;conversion;0.0
2045_scenario;r120640472472-h2-boiler_heat_high;invest_costs_out_heat_high;h2;r120640472472;boiler_heat_high;conversion;0.0
2045_scenario;r120670124124-h2-boiler_heat_high;invest_costs_out_heat_high;h2;r120670124124;boiler_heat_high;conversion;0.0
2045_scenario;r120670201201-h2-boiler_heat_high;invest_costs_out_heat_high;h2;r120670201201;boiler_heat_high;conversion;0.0
2045_scenario;r120640428428-h2-boiler_heat_high;invest_out_heat_high;h2;r120640428428;boiler_heat_high;conversion;0.0
2045_scenario;r120640472472-h2-boiler_heat_high;invest_out_heat_high;h2;r120640472472;boiler_heat_high;conversion;0.0
2045_scenario;r120670124124-h2-boiler_heat_high;invest_out_heat_high;h2;r120670124124;boiler_heat_high;conversion;0.0
2045_scenario;r120670201201-h2-boiler_heat_high;invest_out_heat_high;h2;r120670201201;boiler_heat_high;conversion;0.0
2045_scenario;r120640428428-h2-boiler_heat_high;summed_variable_costs_out_heat_high;h2;r120640428428;boiler_heat_high;conversion;0.0
2045_scenario;r120640472472-h2-boiler_heat_high;summed_variable_costs_out_heat_high;h2;r120640472472;boiler_heat_high;conversion;0.0
2045_scenario;r120670124124-h2-boiler_heat_high;summed_variable_costs_out_heat_high;h2;r120670124124;boiler_heat_high;conversion;0.0
2045_scenario;r120670201201-h2-boiler_heat_high;summed_variable_costs_out_heat_high;h2;r120670201201;boiler_heat_high;conversion;0.0
2045_scenario;r120640428428-h2-bpchp_heat_high;flow_in_h2;h2;r120640428428;bpchp_heat_high;backpressure;0.0
2045_scenario;r120640472472-h2-bpchp_heat_high;flow_in_h2;h2;r120640472472;bpchp_heat_high;backpressure;0.0
2045_scenario;r120670124124-h2-bpchp_heat_high;flow_in_h2;h2;r120670124124;bpchp_heat_high;backpressure;0.0
2045_scenario;r120670201201-h2-bpchp_heat_high;flow_in_h2;h2;r120670201201;bpchp_heat_high;backpressure;0.0
2045_scenario;r120640428428-h2-bpchp_heat_high;flow_out_electricity;h2;r120640428428;bpchp_heat_high;backpressure;0.0
2045_scenario;r120640472472-h2-bpchp_heat_high;flow_out_electricity;h2;r120640472472;bpchp_heat_high;backpressure;0.0
2045_scenario;r120670124124-h2-bpchp_heat_high;flow_out_electricity;h2;r120670124124;bpchp_heat_high;backpressure;0.0
2045_scenario;r120670201201-h2-bpchp_heat_high;flow_out_electricity;h2;r120670201201;bpchp_heat_high;backpressure;0.0
2045_scenario;r120640428428-h2-bpchp_heat_high;flow_out_heat_high;h2;r120640428428;bpchp_heat_high;backpressure;0.0
2045_scenario;r120640472472-h2-bpchp_heat_high;flow_out_heat_high;h2;r120640472472;bpchp_heat_high;backpressure;0.0
2045_scenario;r120670124124-h2-bpchp_heat_high;flow_out_heat_high;h2;r120670124124;bpchp_heat_high;backpressure;0.0
2045_scenario;r120670201201-h2-bpchp_heat_high;flow_out_heat_high;h2;r120670201201;bpchp_heat_high;backpressure;0.0
2045_scenario;r120640428428-h2-bpchp_heat_high;invest_costs_out_electricity;h2;r120640428428;bpchp_heat_high;backpressure;0.0
2045_scenario;r120640472472-h2-bpchp_heat_high;invest_costs_out_electricity;h2;r120640472472;bpchp_heat_high;backpressure;0.0
2045_scenario;r120670124124-h2-bpchp_heat_high;invest_costs_out_electricity;h2;r120670124124;bpchp_heat_high;backpressure;0.0
2045_scenario;r120670201201-h2-bpchp_heat_high;invest_costs_out_electricity;h2;r120670201201;bpchp_heat_high;backpressure;0.0
2045_scenario;r120640428428-h2-bpchp_heat_high;invest_out_electricity;h2;r120640428428;bpchp_heat_high;backpressure;0.0
2045_scenario;r120640472472-h2-bpchp_heat_high;invest_out_electricity;h2;r120640472472;bpchp_heat_high;backpressure;0.0
2045_scenario;r120670124124-h2-bpchp_heat_high;invest_out_electricity;h2;r120670124124;bpchp_heat_high;backpressure;0.0
2045_scenario;r120670201201-h2-bpchp_heat_high;invest_out_electricity;h2;r120670201201;bpchp_heat_high;backpressure;0.0
2045_scenario;r120640428428-h2-commodity;flow_out_h2;h2;r120640428428;commodity;shortage;0.0
2045_scenario;r120640472472-h2-commodity;flow_out_h2;h2;r120640472472;commodity;shortage;0.0
2045_scenario;r120670124124-h2-commodity;flow_out_h2;h2;r120670124124;commodity;shortage;0.0
2045_scenario;r120670201201-h2-commodity;flow_out_h2;h2;r120670201201;commodity;shortage;0.0
2045_scenario;r120640428428-h2-commodity;summed_variable_costs_out_h2;h2;r120640428428;commodity;shortage;0.0
2045_scenario;r120640472472-h2-commodity;summed_variable_costs_out_h2;h2;r120640472472;commodity;shortage;0.0
2045_scenario;r120670124124-h2-commodity;summed_variable_costs_out_h2;h2;r120670124124;commodity;shortage;0.0
2045_scenario;r120670201201-h2-commodity;summed_variable_costs_out_h2;h2;r120670201201;commodity;shortage;0.0
2045_scenario;r120640428428-h2-export;flow_in_h2;h2;r120640428428;export;excess;0.0
2045_scenario;r120640472472-h2-export;flow_in_h2;h2;r120640472472;export;excess;0.0
2045_scenario;r120670124124-h2-export;flow_in_h2;h2;r120670124124;export;excess;0.0
2045_scenario;r120670201201-h2-export;flow_in_h2;h2;r120670201201;export;excess;0.0
2045_scenario;r120640428428-r120640472472-h2-transmission;flow_in_h2_from_bus;h2;r120640428428_r120640472472;transmission;link;0.0
2045_scenario;r120640428428-r120670124124-h2-transmission;flow_in_h2_from_bus;h2;r120640428428_r120670124124;transmission;link;0.0
2045_scenario;r120640428428-r120670201201-h2-transmission;flow_in_h2_from_bus;h2;r120640428428_r120670201201;transmission;link;0.0
2045_scenario;r120640472472-r120670124124-h2-transmission;flow_in_h2_from_bus;h2;r120640472472_r120670124124;transmission;link;0.0
2045_scenario;r120640472472-r120670201201-h2-transmission;flow_in_h2_from_bus;h2;r120640472472_r120670201201;transmission;link;0.0
2045_scenario;r120670124124-r120670201201-h2-transmission;flow_in_h2_from_bus;h2;r120670124124_r120670201201;transmission;link;0.0
2045_scenario;r120640428428-r120640472472-h2-transmission;flow_in_h2_to_bus;h2;r120640428428_r120640472472;transmission;link;0.0
2045_scenario;r120640428428-r120670124124-h2-transmission;flow_in_h2_to_bus;h2;r120640428428_r120670124124;transmission;link;0.0
2045_scenario;r120640472472-r120670124124-h2-transmission;flow_in_h2_to_bus;h2;r120640472472_r120670124124;transmission;link;0.0
2045_scenario;r120640428428-r120670201201-h2-transmission;flow_in_h2_to_bus;h2;r120640428428_r120670201201;transmission;link;0.0
2045_scenario;r120640472472-r120670201201-h2-transmission;flow_in_h2_to_bus;h2;r120640472472_r120670201201;transmission;link;0.0
2045_scenario;r120670124124-r120670201201-h2-transmission;flow_in_h2_to_bus;h2;r120670124124_r120670201201;transmission;link;0.0
2045_scenario;r120640428428-r120640472472-h2-transmission;flow_out_h2_from_bus;h2;r120640428428_r120640472472;transmission;link;0.0
2045_scenario;r120640428428-r120670124124-h2-transmission;flow_out_h2_from_bus;h2;r120640428428_r120670124124;transmission;link;0.0
2045_scenario;r120640428428-r120670201201-h2-transmission;flow_out_h2_from_bus;h2;r120640428428_r120670201201;transmission;link;0.0
2045_scenario;r120640472472-r120670124124-h2-transmission;flow_out_h2_from_bus;h2;r120640472472_r120670124124;transmission;link;0.0
2045_scenario;r120640472472-r120670201201-h2-transmission;flow_out_h2_from_bus;h2;r120640472472_r120670201201;transmission;link;0.0
2045_scenario;r120670124124-r120670201201-h2-transmission;flow_out_h2_from_bus;h2;r120670124124_r120670201201;transmission;link;0.0
2045_scenario;r120640428428-r120640472472-h2-transmission;flow_out_h2_to_bus;h2;r120640428428_r120640472472;transmission;link;0.0
2045_scenario;r120640428428-r120670124124-h2-transmission;flow_out_h2_to_bus;h2;r120640428428_r120670124124;transmission;link;0.0
2045_scenario;r120640428428-r120670201201-h2-transmission;flow_out_h2_to_bus;h2;r120640428428_r120670201201;transmission;link;0.0
2045_scenario;r120640472472-r120670124124-h2-transmission;flow_out_h2_to_bus;h2;r120640472472_r120670124124;transmission;link;0.0
2045_scenario;r120640472472-r120670201201-h2-transmission;flow_out_h2_to_bus;h2;r120640472472_r120670201201;transmission;link;0.0
2045_scenario;r120670124124-r120670201201-h2-transmission;flow_out_h2_to_bus;h2;r120670124124_r120670201201;transmission;link;0.0
2045_scenario;r120640428428-r120640472472-h2-transmission;summed_variable_costs_out_h2_from_bus;h2;r120640428428_r120640472472;transmission;link;0.0
2045_scenario;r120640428428-r120670124124-h2-transmission;summed_variable_costs_out_h2_from_bus;h2;r120640428428_r120670124124;transmission;link;0.0
2045_scenario;r120640428428-r120670201201-h2-transmission;summed_variable_costs_out_h2_from_bus;h2;r120640428428_r120670201201;transmission;link;0.0
2045_scenario;r120640472472-r120670124124-h2-transmission;summed_variable_costs_out_h2_from_bus;h2;r120640472472_r120670124124;transmission;link;0.0
2045_scenario;r120640472472-r120670201201-h2-transmission;summed_variable_costs_out_h2_from_bus;h2;r120640472472_r120670201201;transmission;link;0.0
2045_scenario;r120670124124-r120670201201-h2-transmission;summed_variable_costs_out_h2_from_bus;h2;r120670124124_r120670201201;transmission;link;0.0
2045_scenario;r120640428428-r120640472472-h2-transmission;summed_variable_costs_out_h2_to_bus;h2;r120640428428_r120640472472;transmission;link;0.0
2045_scenario;r120640428428-r120670124124-h2-transmission;summed_variable_costs_out_h2_to_bus;h2;r120640428428_r120670124124;transmission;link;0.0
2045_scenario;r120640428428-r120670201201-h2-transmission;summed_variable_costs_out_h2_to_bus;h2;r120640428428_r120670201201;transmission;link;0.0
2045_scenario;r120640472472-r120670124124-h2-transmission;summed_variable_costs_out_h2_to_bus;h2;r120640472472_r120670124124;transmission;link;0.0
2045_scenario;r120640472472-r120670201201-h2-transmission;summed_variable_costs_out_h2_to_bus;h2;r120640472472_r120670201201;transmission;link;0.0
2045_scenario;r120670124124-r120670201201-h2-transmission;summed_variable_costs_out_h2_to_bus;h2;r120670124124_r120670201201;transmission;link;0.0
2045_scenario;r120640428428-r120640472472-h2-transmission;transmission_losses;h2;r120640428428_r120640472472;transmission;link;0.0
2045_scenario;r120640428428-r120670124124-h2-transmission;transmission_losses;h2;r120640428428_r120670124124;transmission;link;0.0
2045_scenario;r120640428428-r120670201201-h2-transmission;transmission_losses;h2;r120640428428_r120670201201;transmission;link;0.0
2045_scenario;r120640472472-r120670124124-h2-transmission;transmission_losses;h2;r120640472472_r120670124124;transmission;link;0.0
2045_scenario;r120640472472-r120670201201-h2-transmission;transmission_losses;h2;r120640472472_r120670201201;transmission;link;0.0
2045_scenario;r120670124124-r120670201201-h2-transmission;transmission_losses;h2;r120670124124_r120670201201;transmission;link;0.0
2045_scenario;r120640428428-heat_high-demand_ind;flow_in_heat_high;heat_high;r120640428428;demand_ind;load;4637.3071033361675
2045_scenario;r120640472472-heat_high-demand_ind;flow_in_heat_high;heat_high;r120640472472;demand_ind;load;3927.526073899517
2045_scenario;r120670124124-heat_high-demand_ind;flow_in_heat_high;heat_high;r120670124124;demand_ind;load;2727.7576444361844
2045_scenario;r120670201201-heat_high-demand_ind;flow_in_heat_high;heat_high;r120670201201;demand_ind;load;79110.26369319638
2045_scenario;r120640428428-heat_low_central-demand_cts;flow_in_heat_low_central;heat_low_central;r120640428428;demand_cts;load;254.3048191227834
2045_scenario;r120640472472-heat_low_central-demand_cts;flow_in_heat_low_central;heat_low_central;r120640472472;demand_cts;load;4332.122318166934
2045_scenario;r120670124124-heat_low_central-demand_cts;flow_in_heat_low_central;heat_low_central;r120670124124;demand_cts;load;6.37862121270399
2045_scenario;r120670201201-heat_low_central-demand_cts;flow_in_heat_low_central;heat_low_central;r120670201201;demand_cts;load;715.1920101568411
2045_scenario;r120640428428-heat_low_central-demand_hh;flow_in_heat_low_central;heat_low_central;r120640428428;demand_hh;load;400.8599830915628
2045_scenario;r120640472472-heat_low_central-demand_hh;flow_in_heat_low_central;heat_low_central;r120640472472;demand_hh;load;6188.238586939903
2045_scenario;r120670124124-heat_low_central-demand_hh;flow_in_heat_low_central;heat_low_central;r120670124124;demand_hh;load;15.676058589092591
2045_scenario;r120670201201-heat_low_central-demand_hh;flow_in_heat_low_central;heat_low_central;r120670201201;demand_hh;load;1919.7125052752187
2045_scenario;r120640428428-heat_low_central-demand_ind;flow_in_heat_low_central;heat_low_central;r120640428428;demand_ind;load;24.099639938017795
2045_scenario;r120640472472-heat_low_central-demand_ind;flow_in_heat_low_central;heat_low_central;r120640472472;demand_ind;load;245.82399159586745
2045_scenario;r120670124124-heat_low_central-demand_ind;flow_in_heat_low_central;heat_low_central;r120670124124;demand_ind;load;0.8994329109801891
2045_scenario;r120670201201-heat_low_central-demand_ind;flow_in_heat_low_central;heat_low_central;r120670201201;demand_ind;load;2006.6006630703273
2045_scenario;r120640428428-heat_low_central-storage;flow_in_heat_low_central;heat_low_central;r120640428428;storage;storage;1347.7263762243247
2045_scenario;r120640472472-heat_low_central-storage;flow_in_heat_low_central;heat_low_central;r120640472472;storage;storage;1043.6547992795618
2045_scenario;r120670124124-heat_low_central-storage;flow_in_heat_low_central;heat_low_central;r120670124124;storage;storage;2.2141894372587694
2045_scenario;r120670201201-heat_low_central-storage;flow_in_heat_low_central;heat_low_central;r120670201201;storage;storage;552.7512245688299
2045_scenario;r120640428428-heat_low_central-storage;flow_out_heat_low_central;heat_low_central;r120640428428;storage;storage;26.48595703982976
2045_scenario;r120640472472-heat_low_central-storage;flow_out_heat_low_central;heat_low_central;r120640472472;storage;storage;594.1529047440231
2045_scenario;r120670124124-heat_low_central-storage;flow_out_heat_low_central;heat_low_central;r120670124124;storage;storage;1.26229798740671
2045_scenario;r120670201201-heat_low_central-storage;flow_out_heat_low_central;heat_low_central;r120670201201;storage;storage;321.3044876578756
2045_scenario;r120640428428-heat_low_central-storage;invest;heat_low_central;r120640428428;storage;storage;2.118390648853077
2045_scenario;r120640472472-heat_low_central-storage;invest;heat_low_central;r120640472472;storage;storage;7.532425892818991
2045_scenario;r120670124124-heat_low_central-storage;invest;heat_low_central;r120670124124;storage;storage;0.0160634123607895
2045_scenario;r120670201201-heat_low_central-storage;invest;heat_low_central;r120670201201;storage;storage;3.547898125457695
2045_scenario;r120640428428-heat_low_central-storage;invest_costs;heat_low_central;r120640428428;storage;storage;359.0928021845655
2045_scenario;r120640472472-heat_low_central-storage;invest_costs;heat_low_central;r120640472472;storage;storage;1276.8371700301752
2045_scenario;r120670124124-heat_low_central-storage;invest_costs;heat_low_central;r120670124124;storage;storage;2.722942418767329
2045_scenario;r120670201201-heat_low_central-storage;invest_costs;heat_low_central;r120670201201;storage;storage;601.4115859252606
2045_scenario;r120640428428-heat_low_central-storage;invest_costs_in_heat_low_central;heat_low_central;r120640428428;storage;storage;3.078681877622952
2045_scenario;r120640472472-heat_low_central-storage;invest_costs_in_heat_low_central;heat_low_central;r120640472472;storage;storage;31.668667166145795
2045_scenario;r120670124124-heat_low_central-storage;invest_costs_in_heat_low_central;heat_low_central;r120670124124;storage;storage;0.06594137313806604
2045_scenario;r120670201201-heat_low_central-storage;invest_costs_in_heat_low_central;heat_low_central;r120670201201;storage;storage;8.40818630369935
2045_scenario;r120640428428-heat_low_central-storage;invest_costs_out_heat_low_central;heat_low_central;r120640428428;storage;storage;0.0
2045_scenario;r120640472472-heat_low_central-storage;invest_costs_out_heat_low_central;heat_low_central;r120640472472;storage;storage;0.0
2045_scenario;r120670124124-heat_low_central-storage;invest_costs_out_heat_low_central;heat_low_central;r120670124124;storage;storage;0.0
2045_scenario;r120670201201-heat_low_central-storage;invest_costs_out_heat_low_central;heat_low_central;r120670201201;storage;storage;0.0
2045_scenario;r120640428428-heat_low_central-storage;invest_in_heat_low_central;heat_low_central;r120640428428;storage;storage;0.3381289595752762
2045_scenario;r120640472472-heat_low_central-storage;invest_in_heat_low_central;heat_low_central;r120640472472;storage;storage;3.4781422393314307
2045_scenario;r120670124124-heat_low_central-storage;invest_in_heat_low_central;heat_low_central;r120670124124;storage;storage;0.007242283801454209
2045_scenario;r120670201201-heat_low_central-storage;invest_in_heat_low_central;heat_low_central;r120670201201;storage;storage;0.9234638068484251
2045_scenario;r120640428428-heat_low_central-storage;invest_out_heat_low_central;heat_low_central;r120640428428;storage;storage;0.3381289595752762
2045_scenario;r120640472472-heat_low_central-storage;invest_out_heat_low_central;heat_low_central;r120640472472;storage;storage;3.4781422393314307
2045_scenario;r120670124124-heat_low_central-storage;invest_out_heat_low_central;heat_low_central;r120670124124;storage;storage;0.007242283801454209
2045_scenario;r120670201201-heat_low_central-storage;invest_out_heat_low_central;heat_low_central;r120670201201;storage;storage;0.9234638068484251
2045_scenario;r120640428428-heat_low_central-storage;storage_losses;heat_low_central;r120640428428;storage;storage;1321.2404191844948
2045_scenario;r120640472472-heat_low_central-storage;storage_losses;heat_low_central;r120640472472;storage;storage;449.50189453553867
2045_scenario;r120670124124-heat_low_central-storage;storage_losses;heat_low_central;r120670124124;storage;storage;0.9518914498520594
2045_scenario;r120670201201-heat_low_central-storage;storage_losses;heat_low_central;r120670201201;storage;storage;231.44673691095431
2045_scenario;r120640428428-heat_low_central-storage;summed_variable_costs_in_heat_low_central;heat_low_central;r120640428428;storage;storage;134.77263762243248
2045_scenario;r120640472472-heat_low_central-storage;summed_variable_costs_in_heat_low_central;heat_low_central;r120640472472;storage;storage;104.36547992795619
2045_scenario;r120670124124-heat_low_central-storage;summed_variable_costs_in_heat_low_central;heat_low_central;r120670124124;storage;storage;0.22141894372587695
2045_scenario;r120670201201-heat_low_central-storage;summed_variable_costs_in_heat_low_central;heat_low_central;r120670201201;storage;storage;55.275122456883
2045_scenario;r120640428428-heat_low_decentral-demand_cts;flow_in_heat_low_decentral;heat_low_decentral;r120640428428;demand_cts;load;11979.171979321722
2045_scenario;r120640472472-heat_low_decentral-demand_cts;flow_in_heat_low_decentral;heat_low_decentral;r120640472472;demand_cts;load;12971.440333978917
2045_scenario;r120670124124-heat_low_decentral-demand_cts;flow_in_heat_low_decentral;heat_low_decentral;r120670124124;demand_cts;load;4829.816652915781
2045_scenario;r120670201201-heat_low_decentral-demand_cts;flow_in_heat_low_decentral;heat_low_decentral;r120670201201;demand_cts;load;6333.92214046211
2045_scenario;r120640428428-heat_low_decentral-demand_hh;flow_in_heat_low_decentral;heat_low_decentral;r120640428428;demand_hh;load;18882.735662053397
2045_scenario;r120640472472-heat_low_decentral-demand_hh;flow_in_heat_low_decentral;heat_low_decentral;r120640472472;demand_hh;load;18529.10922350932
2045_scenario;r120670124124-heat_low_decentral-demand_hh;flow_in_heat_low_decentral;heat_low_decentral;r120670124124;demand_hh;load;11869.726434748958
2045_scenario;r120670201201-heat_low_decentral-demand_hh;flow_in_heat_low_decentral;heat_low_decentral;r120670201201;demand_hh;load;17001.461660370278
2045_scenario;r120640428428-heat_low_decentral-demand_ind;flow_in_heat_low_decentral;heat_low_decentral;r120640428428;demand_ind;load;1135.2271358957557
2045_scenario;r120640472472-heat_low_decentral-demand_ind;flow_in_heat_low_decentral;heat_low_decentral;r120640472472;demand_ind;load;736.0575268787832
2045_scenario;r120670124124-heat_low_decentral-demand_ind;flow_in_heat_low_decentral;heat_low_decentral;r120670124124;demand_ind;load;681.0399781979074
2045_scenario;r120670201201-heat_low_decentral-demand_ind;flow_in_heat_low_decentral;heat_low_decentral;r120670201201;demand_ind;load;17770.96526022415
2045_scenario;r120640428428-heat_low_decentral-solarthermal_plant;flow_out_heat_low_decentral;heat_low_decentral;r120640428428;solarthermal_plant;volatile;0.0
2045_scenario;r120640472472-heat_low_decentral-solarthermal_plant;flow_out_heat_low_decentral;heat_low_decentral;r120640472472;solarthermal_plant;volatile;0.0
2045_scenario;r120670124124-heat_low_decentral-solarthermal_plant;flow_out_heat_low_decentral;heat_low_decentral;r120670124124;solarthermal_plant;volatile;0.0
2045_scenario;r120670201201-heat_low_decentral-solarthermal_plant;flow_out_heat_low_decentral;heat_low_decentral;r120670201201;solarthermal_plant;volatile;0.0
2045_scenario;r120640428428-heat_low_decentral-solarthermal_plant;invest_costs_out_heat_low_decentral;heat_low_decentral;r120640428428;solarthermal_plant;volatile;0.0
2045_scenario;r120640472472-heat_low_decentral-solarthermal_plant;invest_costs_out_heat_low_decentral;heat_low_decentral;r120640472472;solarthermal_plant;volatile;0.0
2045_scenario;r120670124124-heat_low_decentral-solarthermal_plant;invest_costs_out_heat_low_decentral;heat_low_decentral;r120670124124;solarthermal_plant;volatile;0.0
2045_scenario;r120670201201-heat_low_decentral-solarthermal_plant;invest_costs_out_heat_low_decentral;heat_low_decentral;r120670201201;solarthermal_plant;volatile;0.0
2045_scenario;r120640428428-heat_low_decentral-solarthermal_plant;invest_out_heat_low_decentral;heat_low_decentral;r120640428428;solarthermal_plant;volatile;0.0
2045_scenario;r120640472472-heat_low_decentral-solarthermal_plant;invest_out_heat_low_decentral;heat_low_decentral;r120640472472;solarthermal_plant;volatile;0.0
2045_scenario;r120670124124-heat_low_decentral-solarthermal_plant;invest_out_heat_low_decentral;heat_low_decentral;r120670124124;solarthermal_plant;volatile;0.0
2045_scenario;r120670201201-heat_low_decentral-solarthermal_plant;invest_out_heat_low_decentral;heat_low_decentral;r120670201201;solarthermal_plant;volatile;0.0
2045_scenario;r120640428428-heat_low_decentral-storage;flow_in_heat_low_decentral;heat_low_decentral;r120640428428;storage;storage;234.54061489720587
2045_scenario;r120640472472-heat_low_decentral-storage;flow_in_heat_low_decentral;heat_low_decentral;r120640472472;storage;storage;218.80015595389187
2045_scenario;r120670124124-heat_low_decentral-storage;flow_in_heat_low_decentral;heat_low_decentral;r120670124124;storage;storage;181.20156146246038
2045_scenario;r120670201201-heat_low_decentral-storage;flow_in_heat_low_decentral;heat_low_decentral;r120670201201;storage;storage;263.13263705214854
2045_scenario;r120640428428-heat_low_decentral-storage;flow_out_heat_low_decentral;heat_low_decentral;r120640428428;storage;storage;204.03315126120083
2045_scenario;r120640472472-heat_low_decentral-storage;flow_out_heat_low_decentral;heat_low_decentral;r120640472472;storage;storage;188.36637478839356
2045_scenario;r120670124124-heat_low_decentral-storage;flow_out_heat_low_decentral;heat_low_decentral;r120670124124;storage;storage;155.08424203778264
2045_scenario;r120670201201-heat_low_decentral-storage;flow_out_heat_low_decentral;heat_low_decentral;r120670201201;storage;storage;230.4133584921469
2045_scenario;r120640428428-heat_low_decentral-storage;invest;heat_low_decentral;r120640428428;storage;storage;0.5797901959956048
2045_scenario;r120640472472-heat_low_decentral-storage;invest;heat_low_decentral;r120640472472;storage;storage;0.5294709144545742
2045_scenario;r120670124124-heat_low_decentral-storage;invest;heat_low_decentral;r120670124124;storage;storage;0.45204330615112653
2045_scenario;r120670201201-heat_low_decentral-storage;invest;heat_low_decentral;r120670201201;storage;storage;0.6664214449947354
2045_scenario;r120640428428-heat_low_decentral-storage;invest_costs;heat_low_decentral;r120640428428;storage;storage;24772.668147066684
2045_scenario;r120640472472-heat_low_decentral-storage;invest_costs;heat_low_decentral;r120640472472;storage;storage;22622.678596321988
2045_scenario;r120670124124-heat_low_decentral-storage;invest_costs;heat_low_decentral;r120670124124;storage;storage;19314.432856449363
2045_scenario;r120670201201-heat_low_decentral-storage;invest_costs;heat_low_decentral;r120670201201;storage;storage;28474.15740549774
2045_scenario;r120640428428-heat_low_decentral-storage;invest_costs_in_heat_low_decentral;heat_low_decentral;r120640428428;storage;storage;2462.7184318423297
2045_scenario;r120640472472-heat_low_decentral-storage;invest_costs_in_heat_low_decentral;heat_low_decentral;r120640472472;storage;storage;2248.9821131117887
2045_scenario;r120670124124-heat_low_decentral-storage;invest_costs_in_heat_low_decentral;heat_low_decentral;r120670124124;storage;storage;1920.1003910348354
2045_scenario;r120670201201-heat_low_decentral-storage;invest_costs_in_heat_low_decentral;heat_low_decentral;r120670201201;storage;storage;2830.6935634626975
2045_scenario;r120640428428-heat_low_decentral-storage;invest_costs_out_heat_low_decentral;heat_low_decentral;r120640428428;storage;storage;0.0
2045_scenario;r120640472472-heat_low_decentral-storage;invest_costs_out_heat_low_decentral;heat_low_decentral;r120640472472;storage;storage;0.0
2045_scenario;r120670124124-heat_low_decentral-storage;invest_costs_out_heat_low_decentral;heat_low_decentral;r120670124124;storage;storage;0.0
2045_scenario;r120670201201-heat_low_decentral-storage;invest_costs_out_heat_low_decentral;heat_low_decentral;r120670201201;storage;storage;0.0
2045_scenario;r120640428428-heat_low_decentral-storage;invest_in_heat_low_decentral;heat_low_decentral;r120640428428;storage;storage;0.567614601879697
2045_scenario;r120640472472-heat_low_decentral-storage;invest_in_heat_low_decentral;heat_low_decentral;r120640472472;storage;storage;0.5183520252510281
2045_scenario;r120670124124-heat_low_decentral-storage;invest_in_heat_low_decentral;heat_low_decentral;r120670124124;storage;storage;0.44255039672195284
2045_scenario;r120670201201-heat_low_decentral-storage;invest_in_heat_low_decentral;heat_low_decentral;r120670201201;storage;storage;0.652426594649846
2045_scenario;r120640428428-heat_low_decentral-storage;invest_out_heat_low_decentral;heat_low_decentral;r120640428428;storage;storage;0.567614601879697
2045_scenario;r120640472472-heat_low_decentral-storage;invest_out_heat_low_decentral;heat_low_decentral;r120640472472;storage;storage;0.5183520252510281
2045_scenario;r120670124124-heat_low_decentral-storage;invest_out_heat_low_decentral;heat_low_decentral;r120670124124;storage;storage;0.44255039672195284
2045_scenario;r120670201201-heat_low_decentral-storage;invest_out_heat_low_decentral;heat_low_decentral;r120670201201;storage;storage;0.652426594649846
2045_scenario;r120640428428-heat_low_decentral-storage;storage_losses;heat_low_decentral;r120640428428;storage;storage;30.507463636005042
2045_scenario;r120640472472-heat_low_decentral-storage;storage_losses;heat_low_decentral;r120640472472;storage;storage;30.433781165498317
2045_scenario;r120670124124-heat_low_decentral-storage;storage_losses;heat_low_decentral;r120670124124;storage;storage;26.11731942467773
2045_scenario;r120670201201-heat_low_decentral-storage;storage_losses;heat_low_decentral;r120670201201;storage;storage;32.71927856000164
2045_scenario;r120640428428-heat_low_decentral-storage;summed_variable_costs_in_heat_low_decentral;heat_low_decentral;r120640428428;storage;storage;23.454061489720587
2045_scenario;r120640472472-heat_low_decentral-storage;summed_variable_costs_in_heat_low_decentral;heat_low_decentral;r120640472472;storage;storage;21.88001559538919
2045_scenario;r120670124124-heat_low_decentral-storage;summed_variable_costs_in_heat_low_decentral;heat_low_decentral;r120670124124;storage;storage;18.12015614624604
2045_scenario;r120670201201-heat_low_decentral-storage;summed_variable_costs_in_heat_low_decentral;heat_low_decentral;r120670201201;storage;storage;26.313263705214855
2045_scenario;r120640428428-heat_low_decentral-storage;summed_variable_costs_out_heat_low_decentral;heat_low_decentral;r120640428428;storage;storage;259.12210210172503
2045_scenario;r120640472472-heat_low_decentral-storage;summed_variable_costs_out_heat_low_decentral;heat_low_decentral;r120640472472;storage;storage;239.22529598125982
2045_scenario;r120670124124-heat_low_decentral-storage;summed_variable_costs_out_heat_low_decentral;heat_low_decentral;r120670124124;storage;storage;196.95698738798396
2045_scenario;r120670201201-heat_low_decentral-storage;summed_variable_costs_out_heat_low_decentral;heat_low_decentral;r120670201201;storage;storage;292.6249652850266
2045_scenario;r120640428428-residual_waste-bpchp_heat_high;flow_in_residual_waste;residual_waste;r120640428428;bpchp_heat_high;backpressure;5790.745641181844
2045_scenario;r120640472472-residual_waste-bpchp_heat_high;flow_in_residual_waste;residual_waste;r120640472472;bpchp_heat_high;backpressure;0.0
2045_scenario;r120670124124-residual_waste-bpchp_heat_high;flow_in_residual_waste;residual_waste;r120670124124;bpchp_heat_high;backpressure;0.0
2045_scenario;r120670201201-residual_waste-bpchp_heat_high;flow_in_residual_waste;residual_waste;r120670201201;bpchp_heat_high;backpressure;0.0
2045_scenario;r120640428428-residual_waste-bpchp_heat_high;flow_out_electricity;residual_waste;r120640428428;bpchp_heat_high;backpressure;1216.0565846481868
2045_scenario;r120640472472-residual_waste-bpchp_heat_high;flow_out_electricity;residual_waste;r120640472472;bpchp_heat_high;backpressure;0.0
2045_scenario;r120670124124-residual_waste-bpchp_heat_high;flow_out_electricity;residual_waste;r120670124124;bpchp_heat_high;backpressure;0.0
2045_scenario;r120670201201-residual_waste-bpchp_heat_high;flow_out_electricity;residual_waste;r120670201201;bpchp_heat_high;backpressure;0.0
2045_scenario;r120640428428-residual_waste-bpchp_heat_high;flow_out_heat_high;residual_waste;r120640428428;bpchp_heat_high;backpressure;4400.966687298201
2045_scenario;r120640472472-residual_waste-bpchp_heat_high;flow_out_heat_high;residual_waste;r120640472472;bpchp_heat_high;backpressure;0.0
2045_scenario;r120670124124-residual_waste-bpchp_heat_high;flow_out_heat_high;residual_waste;r120670124124;bpchp_heat_high;backpressure;0.0
2045_scenario;r120670201201-residual_waste-bpchp_heat_high;flow_out_heat_high;residual_waste;r120670201201;bpchp_heat_high;backpressure;0.0
2045_scenario;r120640428428-residual_waste-bpchp_heat_high;invest_costs_out_electricity;residual_waste;r120640428428;bpchp_heat_high;backpressure;119552.64148383215
2045_scenario;r120640472472-residual_waste-bpchp_heat_high;invest_costs_out_electricity;residual_waste;r120640472472;bpchp_heat_high;backpressure;0.0
2045_scenario;r120670124124-residual_waste-bpchp_heat_high;invest_costs_out_electricity;residual_waste;r120670124124;bpchp_heat_high;backpressure;0.0
2045_scenario;r120670201201-residual_waste-bpchp_heat_high;invest_costs_out_electricity;residual_waste;r120670201201;bpchp_heat_high;backpressure;0.0
2045_scenario;r120640428428-residual_waste-bpchp_heat_high;invest_out_electricity;residual_waste;r120640428428;bpchp_heat_high;backpressure;0.17696374113452545
2045_scenario;r120640472472-residual_waste-bpchp_heat_high;invest_out_electricity;residual_waste;r120640472472;bpchp_heat_high;backpressure;0.0
2045_scenario;r120670124124-residual_waste-bpchp_heat_high;invest_out_electricity;residual_waste;r120670124124;bpchp_heat_high;backpressure;0.0
2045_scenario;r120670201201-residual_waste-bpchp_heat_high;invest_out_electricity;residual_waste;r120670201201;bpchp_heat_high;backpressure;0.0
2045_scenario;r120640428428-residual_waste-bpchp_heat_low_central;flow_in_residual_waste;residual_waste;r120640428428;bpchp_heat_low_central;backpressure;2632.24323860113
2045_scenario;r120640472472-residual_waste-bpchp_heat_low_central;flow_in_residual_waste;residual_waste;r120640472472;bpchp_heat_low_central;backpressure;0.0
2045_scenario;r120670124124-residual_waste-bpchp_heat_low_central;flow_in_residual_waste;residual_waste;r120670124124;bpchp_heat_low_central;backpressure;0.0
2045_scenario;r120670201201-residual_waste-bpchp_heat_low_central;flow_in_residual_waste;residual_waste;r120670201201;bpchp_heat_low_central;backpressure;0.0
2045_scenario;r120640428428-residual_waste-bpchp_heat_low_central;flow_out_electricity;residual_waste;r120640428428;bpchp_heat_low_central;backpressure;552.7710801062375
2045_scenario;r120640472472-residual_waste-bpchp_heat_low_central;flow_out_electricity;residual_waste;r120640472472;bpchp_heat_low_central;backpressure;0.0
2045_scenario;r120670124124-residual_waste-bpchp_heat_low_central;flow_out_electricity;residual_waste;r120670124124;bpchp_heat_low_central;backpressure;0.0
2045_scenario;r120670201201-residual_waste-bpchp_heat_low_central;flow_out_electricity;residual_waste;r120670201201;bpchp_heat_low_central;backpressure;0.0
2045_scenario;r120640428428-residual_waste-bpchp_heat_low_central;flow_out_heat_low_central;residual_waste;r120640428428;bpchp_heat_low_central;backpressure;2000.504861336858
2045_scenario;r120640472472-residual_waste-bpchp_heat_low_central;flow_out_heat_low_central;residual_waste;r120640472472;bpchp_heat_low_central;backpressure;0.0
2045_scenario;r120670124124-residual_waste-bpchp_heat_low_central;flow_out_heat_low_central;residual_waste;r120670124124;bpchp_heat_low_central;backpressure;0.0
2045_scenario;r120670201201-residual_waste-bpchp_heat_low_central;flow_out_heat_low_central;residual_waste;r120670201201;bpchp_heat_low_central;backpressure;0.0
2045_scenario;r120640428428-residual_waste-bpchp_heat_low_central;invest_costs_out_electricity;residual_waste;r120640428428;bpchp_heat_low_central;backpressure;43968.03922964569
2045_scenario;r120640472472-residual_waste-bpchp_heat_low_central;invest_costs_out_electricity;residual_waste;r120640472472;bpchp_heat_low_central;backpressure;0.0
2045_scenario;r120670124124-residual_waste-bpchp_heat_low_central;invest_costs_out_electricity;residual_waste;r120670124124;bpchp_heat_low_central;backpressure;0.0
2045_scenario;r120670201201-residual_waste-bpchp_heat_low_central;invest_costs_out_electricity;residual_waste;r120670201201;bpchp_heat_low_central;backpressure;0.0
2045_scenario;r120640428428-residual_waste-bpchp_heat_low_central;invest_out_electricity;residual_waste;r120640428428;bpchp_heat_low_central;backpressure;0.06508219823382086
2045_scenario;r120640472472-residual_waste-bpchp_heat_low_central;invest_out_electricity;residual_waste;r120640472472;bpchp_heat_low_central;backpressure;0.0
2045_scenario;r120670124124-residual_waste-bpchp_heat_low_central;invest_out_electricity;residual_waste;r120670124124;bpchp_heat_low_central;backpressure;0.0
2045_scenario;r120670201201-residual_waste-bpchp_heat_low_central;invest_out_electricity;residual_waste;r120670201201;bpchp_heat_low_central;backpressure;0.0
2045_scenario;r120640428428-residual_waste-commodity;flow_out_residual_waste;residual_waste;r120640428428;commodity;shortage;8422.988879782974
2045_scenario;r120640472472-residual_waste-commodity;flow_out_residual_waste;residual_waste;r120640472472;commodity;shortage;0.0
2045_scenario;r120670124124-residual_waste-commodity;flow_out_residual_waste;residual_waste;r120670124124;commodity;shortage;0.0
2045_scenario;r120670201201-residual_waste-commodity;flow_out_residual_waste;residual_waste;r120670201201;commodity;shortage;0.0
2045_scenario;system;total_system_cost;;;;;91280572.06218903
