scenario;name;var_name;carrier;region;tech;type;var_value
2045_scenario;r120640428428-biomass_gas-bpchp_heat_high;flow_in_biomass_gas;biomass_gas;r120640428428;bpchp_heat_high;backpressure;0.0
2045_scenario;r120640472472-biomass_gas-bpchp_heat_high;flow_in_biomass_gas;biomass_gas;r120640472472;bpchp_heat_high;backpressure;0.0
2045_scenario;r120670124124-biomass_gas-bpchp_heat_high;flow_in_biomass_gas;biomass_gas;r120670124124;bpchp_heat_high;backpressure;0.0
2045_scenario;r120670201201-biomass_gas-bpchp_heat_high;flow_in_biomass_gas;biomass_gas;r120670201201;bpchp_heat_high;backpressure;0.0
2045_scenario;r120640428428-biomass_gas-bpchp_heat_high;flow_out_electricity;biomass_gas;r120640428428;bpchp_heat_high;backpressure;0.0
2045_scenario;r120640472472-biomass_gas-bpchp_heat_high;flow_out_electricity;biomass_gas;r120640472472;bpchp_heat_high;backpressure;0.0
2045_scenario;r120670124124-biomass_gas-bpchp_heat_high;flow_out_electricity;biomass_gas;r120670124124;bpchp_heat_high;backpressure;0.0
2045_scenario;r120670201201-biomass_gas-bpchp_heat_high;flow_out_electricity;biomass_gas;r120670201201;bpchp_heat_high;backpressure;0.0
2045_scenario;r120640428428-biomass_gas-bpchp_heat_high;flow_out_heat_high;biomass_gas;r120640428428;bpchp_heat_high;backpressure;0.0
2045_scenario;r120640472472-biomass_gas-bpchp_heat_high;flow_out_heat_high;biomass_gas;r120640472472;bpchp_heat_high;backpressure;0.0
2045_scenario;r120670124124-biomass_gas-bpchp_heat_high;flow_out_heat_high;biomass_gas;r120670124124;bpchp_heat_high;backpressure;0.0
2045_scenario;r120670201201-biomass_gas-bpchp_heat_high;flow_out_heat_high;biomass_gas;r120670201201;bpchp_heat_high;backpressure;0.0
2045_scenario;r120640428428-biomass_gas-bpchp_heat_high;invest_costs_out_electricity;biomass_gas;r120640428428;bpchp_heat_high;backpressure;0.0
2045_scenario;r120640472472-biomass_gas-bpchp_heat_high;invest_costs_out_electricity;biomass_gas;r120640472472;bpchp_heat_high;backpressure;0.0
2045_scenario;r120670124124-biomass_gas-bpchp_heat_high;invest_costs_out_electricity;biomass_gas;r120670124124;bpchp_heat_high;backpressure;0.0
2045_scenario;r120670201201-biomass_gas-bpchp_heat_high;invest_costs_out_electricity;biomass_gas;r120670201201;bpchp_heat_high;backpressure;0.0
2045_scenario;r120640428428-biomass_gas-bpchp_heat_high;invest_out_electricity;biomass_gas;r120640428428;bpchp_heat_high;backpressure;0.0
2045_scenario;r120640472472-biomass_gas-bpchp_heat_high;invest_out_electricity;biomass_gas;r120640472472;bpchp_heat_high;backpressure;0.0
2045_scenario;r120670124124-biomass_gas-bpchp_heat_high;invest_out_electricity;biomass_gas;r120670124124;bpchp_heat_high;backpressure;0.0
2045_scenario;r120670201201-biomass_gas-bpchp_heat_high;invest_out_electricity;biomass_gas;r120670201201;bpchp_heat_high;backpressure;0.0
2045_scenario;r120640428428-biomass_gas-bpchp_heat_low_central;flow_in_biomass_gas;biomass_gas;r120640428428;bpchp_heat_low_central;backpressure;0.0
2045_scenario;r120640472472-biomass_gas-bpchp_heat_low_central;flow_in_biomass_gas;biomass_gas;r120640472472;bpchp_heat_low_central;backpressure;0.0
2045_scenario;r120670124124-biomass_gas-bpchp_heat_low_central;flow_in_biomass_gas;biomass_gas;r120670124124;bpchp_heat_low_central;backpressure;0.0
2045_scenario;r120670201201-biomass_gas-bpchp_heat_low_central;flow_in_biomass_gas;biomass_gas;r120670201201;bpchp_heat_low_central;backpressure;0.0
2045_scenario;r120640428428-biomass_gas-bpchp_heat_low_central;flow_out_electricity;biomass_gas;r120640428428;bpchp_heat_low_central;backpressure;0.0
2045_scenario;r120640472472-biomass_gas-bpchp_heat_low_central;flow_out_electricity;biomass_gas;r120640472472;bpchp_heat_low_central;backpressure;0.0
2045_scenario;r120670124124-biomass_gas-bpchp_heat_low_central;flow_out_electricity;biomass_gas;r120670124124;bpchp_heat_low_central;backpressure;0.0
2045_scenario;r120670201201-biomass_gas-bpchp_heat_low_central;flow_out_electricity;biomass_gas;r120670201201;bpchp_heat_low_central;backpressure;0.0
2045_scenario;r120640428428-biomass_gas-bpchp_heat_low_central;flow_out_heat_low_central;biomass_gas;r120640428428;bpchp_heat_low_central;backpressure;0.0
2045_scenario;r120640472472-biomass_gas-bpchp_heat_low_central;flow_out_heat_low_central;biomass_gas;r120640472472;bpchp_heat_low_central;backpressure;0.0
2045_scenario;r120670124124-biomass_gas-bpchp_heat_low_central;flow_out_heat_low_central;biomass_gas;r120670124124;bpchp_heat_low_central;backpressure;0.0
2045_scenario;r120670201201-biomass_gas-bpchp_heat_low_central;flow_out_heat_low_central;biomass_gas;r120670201201;bpchp_heat_low_central;backpressure;0.0
2045_scenario;r120640428428-biomass_gas-bpchp_heat_low_central;invest_costs_out_electricity;biomass_gas;r120640428428;bpchp_heat_low_central;backpressure;0.0
2045_scenario;r120640472472-biomass_gas-bpchp_heat_low_central;invest_costs_out_electricity;biomass_gas;r120640472472;bpchp_heat_low_central;backpressure;0.0
2045_scenario;r120670124124-biomass_gas-bpchp_heat_low_central;invest_costs_out_electricity;biomass_gas;r120670124124;bpchp_heat_low_central;backpressure;0.0
2045_scenario;r120670201201-biomass_gas-bpchp_heat_low_central;invest_costs_out_electricity;biomass_gas;r120670201201;bpchp_heat_low_central;backpressure;0.0
2045_scenario;r120640428428-biomass_gas-bpchp_heat_low_central;invest_out_electricity;biomass_gas;r120640428428;bpchp_heat_low_central;backpressure;0.0
2045_scenario;r120640472472-biomass_gas-bpchp_heat_low_central;invest_out_electricity;biomass_gas;r120640472472;bpchp_heat_low_central;backpressure;0.0
2045_scenario;r120670124124-biomass_gas-bpchp_heat_low_central;invest_out_electricity;biomass_gas;r120670124124;bpchp_heat_low_central;backpressure;0.0
2045_scenario;r120670201201-biomass_gas-bpchp_heat_low_central;invest_out_electricity;biomass_gas;r120670201201;bpchp_heat_low_central;backpressure;0.0
2045_scenario;r120640428428-biomass_gas-bpchp_heat_low_decentral;flow_in_biomass_gas;biomass_gas;r120640428428;bpchp_heat_low_decentral;backpressure;2474.219307790414
2045_scenario;r120640472472-biomass_gas-bpchp_heat_low_decentral;flow_in_biomass_gas;biomass_gas;r120640472472;bpchp_heat_low_decentral;backpressure;2493.3464640523475
2045_scenario;r120670124124-biomass_gas-bpchp_heat_low_decentral;flow_in_biomass_gas;biomass_gas;r120670124124;bpchp_heat_low_decentral;backpressure;1430.8807412076035
2045_scenario;r120670201201-biomass_gas-bpchp_heat_low_decentral;flow_in_biomass_gas;biomass_gas;r120670201201;bpchp_heat_low_decentral;backpressure;2007.0556960593615
2045_scenario;r120640428428-biomass_gas-bpchp_heat_low_decentral;flow_out_electricity;biomass_gas;r120640428428;bpchp_heat_low_decentral;backpressure;1101.0275919667342
2045_scenario;r120640472472-biomass_gas-bpchp_heat_low_decentral;flow_out_electricity;biomass_gas;r120640472472;bpchp_heat_low_decentral;backpressure;1109.5391765032948
2045_scenario;r120670124124-biomass_gas-bpchp_heat_low_decentral;flow_out_electricity;biomass_gas;r120670124124;bpchp_heat_low_decentral;backpressure;636.7419298373835
2045_scenario;r120670201201-biomass_gas-bpchp_heat_low_decentral;flow_out_electricity;biomass_gas;r120670201201;bpchp_heat_low_decentral;backpressure;893.1397847464159
2045_scenario;r120640428428-biomass_gas-bpchp_heat_low_decentral;flow_out_heat_low_decentral;biomass_gas;r120640428428;bpchp_heat_low_decentral;backpressure;1123.542987667627
2045_scenario;r120640472472-biomass_gas-bpchp_heat_low_decentral;flow_out_heat_low_decentral;biomass_gas;r120640472472;bpchp_heat_low_decentral;backpressure;1132.2286293261711
2045_scenario;r120670124124-biomass_gas-bpchp_heat_low_decentral;flow_out_heat_low_decentral;biomass_gas;r120670124124;bpchp_heat_low_decentral;backpressure;649.7629445823726
2045_scenario;r120670201201-biomass_gas-bpchp_heat_low_decentral;flow_out_heat_low_decentral;biomass_gas;r120670201201;bpchp_heat_low_decentral;backpressure;911.403991580556
2045_scenario;r120640428428-biomass_gas-bpchp_heat_low_decentral;invest_costs_out_electricity;biomass_gas;r120640428428;bpchp_heat_low_decentral;backpressure;540097.4973908613
2045_scenario;r120640472472-biomass_gas-bpchp_heat_low_decentral;invest_costs_out_electricity;biomass_gas;r120640472472;bpchp_heat_low_decentral;backpressure;545749.1483013812
2045_scenario;r120670124124-biomass_gas-bpchp_heat_low_decentral;invest_costs_out_electricity;biomass_gas;r120670124124;bpchp_heat_low_decentral;backpressure;305101.0076065939
2045_scenario;r120670201201-biomass_gas-bpchp_heat_low_decentral;invest_costs_out_electricity;biomass_gas;r120670201201;bpchp_heat_low_decentral;backpressure;436963.55667321995
2045_scenario;r120640428428-biomass_gas-bpchp_heat_low_decentral;invest_out_electricity;biomass_gas;r120640428428;bpchp_heat_low_decentral;backpressure;7.986075835190281
2045_scenario;r120640472472-biomass_gas-bpchp_heat_low_decentral;invest_out_electricity;biomass_gas;r120640472472;bpchp_heat_low_decentral;backpressure;8.069643178093132
2045_scenario;r120670124124-biomass_gas-bpchp_heat_low_decentral;invest_out_electricity;biomass_gas;r120670124124;bpchp_heat_low_decentral;backpressure;4.5113332239270125
2045_scenario;r120670201201-biomass_gas-bpchp_heat_low_decentral;invest_out_electricity;biomass_gas;r120670201201;bpchp_heat_low_decentral;backpressure;6.461100297010646
2045_scenario;r120640428428-biomass_gas-commodity;flow_out_biomass_gas;biomass_gas;r120640428428;commodity;shortage;2474.219307790414
2045_scenario;r120640472472-biomass_gas-commodity;flow_out_biomass_gas;biomass_gas;r120640472472;commodity;shortage;2493.3464640523475
2045_scenario;r120670124124-biomass_gas-commodity;flow_out_biomass_gas;biomass_gas;r120670124124;commodity;shortage;1430.8807412076035
2045_scenario;r120670201201-biomass_gas-commodity;flow_out_biomass_gas;biomass_gas;r120670201201;commodity;shortage;2007.0556960593615
2045_scenario;r120640428428-biomass_gas-commodity;summed_variable_costs_out_biomass_gas;biomass_gas;r120640428428;commodity;shortage;170721.13223753855
2045_scenario;r120640472472-biomass_gas-commodity;summed_variable_costs_out_biomass_gas;biomass_gas;r120640472472;commodity;shortage;172040.90601961198
2045_scenario;r120670124124-biomass_gas-commodity;summed_variable_costs_out_biomass_gas;biomass_gas;r120670124124;commodity;shortage;98730.77114332464
2045_scenario;r120670201201-biomass_gas-commodity;summed_variable_costs_out_biomass_gas;biomass_gas;r120670201201;commodity;shortage;138486.84302809593
2045_scenario;r120640428428-biomass_solid-boiler_heat_high;flow_in_biomass_solid;biomass_solid;r120640428428;boiler_heat_high;conversion;73.08253277638507
2045_scenario;r120640472472-biomass_solid-boiler_heat_high;flow_in_biomass_solid;biomass_solid;r120640472472;boiler_heat_high;conversion;61.75652501481996
2045_scenario;r120670124124-biomass_solid-boiler_heat_high;flow_in_biomass_solid;biomass_solid;r120670124124;boiler_heat_high;conversion;42.85861048724803
2045_scenario;r120670201201-biomass_solid-boiler_heat_high;flow_in_biomass_solid;biomass_solid;r120670201201;boiler_heat_high;conversion;1272.9450597768766
2045_scenario;r120640428428-biomass_solid-boiler_heat_high;flow_out_heat_high;biomass_solid;r120640428428;boiler_heat_high;conversion;62.120152859927316
2045_scenario;r120640472472-biomass_solid-boiler_heat_high;flow_out_heat_high;biomass_solid;r120640472472;boiler_heat_high;conversion;52.49304626259697
2045_scenario;r120670124124-biomass_solid-boiler_heat_high;flow_out_heat_high;biomass_solid;r120670124124;boiler_heat_high;conversion;36.429818914160826
2045_scenario;r120670201201-biomass_solid-boiler_heat_high;flow_out_heat_high;biomass_solid;r120670201201;boiler_heat_high;conversion;1082.0033008103449
2045_scenario;r120640428428-biomass_solid-boiler_heat_high;invest_costs_out_heat_high;biomass_solid;r120640428428;boiler_heat_high;conversion;1048.1848460921597
2045_scenario;r120640472472-biomass_solid-boiler_heat_high;invest_costs_out_heat_high;biomass_solid;r120640472472;boiler_heat_high;conversion;887.7508479720098
2045_scenario;r120670124124-biomass_solid-boiler_heat_high;invest_costs_out_heat_high;biomass_solid;r120670124124;boiler_heat_high;conversion;616.5634845820535
2045_scenario;r120670201201-biomass_solid-boiler_heat_high;invest_costs_out_heat_high;biomass_solid;r120670201201;boiler_heat_high;conversion;18948.44184783423
2045_scenario;r120640428428-biomass_solid-boiler_heat_high;invest_out_heat_high;biomass_solid;r120640428428;boiler_heat_high;conversion;0.047286901533602155
2045_scenario;r120640472472-biomass_solid-boiler_heat_high;invest_out_heat_high;biomass_solid;r120640472472;boiler_heat_high;conversion;0.04004922136675626
2045_scenario;r120670124124-biomass_solid-boiler_heat_high;invest_out_heat_high;biomass_solid;r120670124124;boiler_heat_high;conversion;0.027815109990707465
2045_scenario;r120670201201-biomass_solid-boiler_heat_high;invest_out_heat_high;biomass_solid;r120670201201;boiler_heat_high;conversion;0.8548235620980762
2045_scenario;r120640428428-biomass_solid-boiler_heat_high;summed_variable_costs_out_heat_high;biomass_solid;r120640428428;boiler_heat_high;conversion;65.73554575637509
2045_scenario;r120640472472-biomass_solid-boiler_heat_high;summed_variable_costs_out_heat_high;biomass_solid;r120640472472;boiler_heat_high;conversion;55.548141555080115
2045_scenario;r120670124124-biomass_solid-boiler_heat_high;summed_variable_costs_out_heat_high;biomass_solid;r120670124124;boiler_heat_high;conversion;38.55003437496499
2045_scenario;r120670201201-biomass_solid-boiler_heat_high;summed_variable_costs_out_heat_high;biomass_solid;r120670201201;boiler_heat_high;conversion;1144.975892917507
2045_scenario;r120640428428-biomass_solid-bpchp_heat_high;flow_in_biomass_solid;biomass_solid;r120640428428;bpchp_heat_high;backpressure;0.0
2045_scenario;r120640472472-biomass_solid-bpchp_heat_high;flow_in_biomass_solid;biomass_solid;r120640472472;bpchp_heat_high;backpressure;0.0
2045_scenario;r120670124124-biomass_solid-bpchp_heat_high;flow_in_biomass_solid;biomass_solid;r120670124124;bpchp_heat_high;backpressure;0.0
2045_scenario;r120670201201-biomass_solid-bpchp_heat_high;flow_in_biomass_solid;biomass_solid;r120670201201;bpchp_heat_high;backpressure;0.0
2045_scenario;r120640428428-biomass_solid-bpchp_heat_high;flow_out_electricity;biomass_solid;r120640428428;bpchp_heat_high;backpressure;0.0
2045_scenario;r120640472472-biomass_solid-bpchp_heat_high;flow_out_electricity;biomass_solid;r120640472472;bpchp_heat_high;backpressure;0.0
2045_scenario;r120670124124-biomass_solid-bpchp_heat_high;flow_out_electricity;biomass_solid;r120670124124;bpchp_heat_high;backpressure;0.0
2045_scenario;r120670201201-biomass_solid-bpchp_heat_high;flow_out_electricity;biomass_solid;r120670201201;bpchp_heat_high;backpressure;0.0
2045_scenario;r120640428428-biomass_solid-bpchp_heat_high;flow_out_heat_high;biomass_solid;r120640428428;bpchp_heat_high;backpressure;0.0
2045_scenario;r120640472472-biomass_solid-bpchp_heat_high;flow_out_heat_high;biomass_solid;r120640472472;bpchp_heat_high;backpressure;0.0
2045_scenario;r120670124124-biomass_solid-bpchp_heat_high;flow_out_heat_high;biomass_solid;r120670124124;bpchp_heat_high;backpressure;0.0
2045_scenario;r120670201201-biomass_solid-bpchp_heat_high;flow_out_heat_high;biomass_solid;r120670201201;bpchp_heat_high;backpressure;0.0
2045_scenario;r120640428428-biomass_solid-bpchp_heat_high;invest_costs_out_electricity;biomass_solid;r120640428428;bpchp_heat_high;backpressure;0.0
2045_scenario;r120640472472-biomass_solid-bpchp_heat_high;invest_costs_out_electricity;biomass_solid;r120640472472;bpchp_heat_high;backpressure;0.0
2045_scenario;r120670124124-biomass_solid-bpchp_heat_high;invest_costs_out_electricity;biomass_solid;r120670124124;bpchp_heat_high;backpressure;0.0
2045_scenario;r120670201201-biomass_solid-bpchp_heat_high;invest_costs_out_electricity;biomass_solid;r120670201201;bpchp_heat_high;backpressure;0.0
2045_scenario;r120640428428-biomass_solid-bpchp_heat_high;invest_out_electricity;biomass_solid;r120640428428;bpchp_heat_high;backpressure;0.0
2045_scenario;r120640472472-biomass_solid-bpchp_heat_high;invest_out_electricity;biomass_solid;r120640472472;bpchp_heat_high;backpressure;0.0
2045_scenario;r120670124124-biomass_solid-bpchp_heat_high;invest_out_electricity;biomass_solid;r120670124124;bpchp_heat_high;backpressure;0.0
2045_scenario;r120670201201-biomass_solid-bpchp_heat_high;invest_out_electricity;biomass_solid;r120670201201;bpchp_heat_high;backpressure;0.0
2045_scenario;r120640428428-biomass_solid-bpchp_heat_low_central;flow_in_biomass_solid;biomass_solid;r120640428428;bpchp_heat_low_central;backpressure;0.0
2045_scenario;r120640472472-biomass_solid-bpchp_heat_low_central;flow_in_biomass_solid;biomass_solid;r120640472472;bpchp_heat_low_central;backpressure;0.0
2045_scenario;r120670124124-biomass_solid-bpchp_heat_low_central;flow_in_biomass_solid;biomass_solid;r120670124124;bpchp_heat_low_central;backpressure;0.0
2045_scenario;r120670201201-biomass_solid-bpchp_heat_low_central;flow_in_biomass_solid;biomass_solid;r120670201201;bpchp_heat_low_central;backpressure;0.0
2045_scenario;r120640428428-biomass_solid-bpchp_heat_low_central;flow_out_electricity;biomass_solid;r120640428428;bpchp_heat_low_central;backpressure;0.0
2045_scenario;r120640472472-biomass_solid-bpchp_heat_low_central;flow_out_electricity;biomass_solid;r120640472472;bpchp_heat_low_central;backpressure;0.0
2045_scenario;r120670124124-biomass_solid-bpchp_heat_low_central;flow_out_electricity;biomass_solid;r120670124124;bpchp_heat_low_central;backpressure;0.0
2045_scenario;r120670201201-biomass_solid-bpchp_heat_low_central;flow_out_electricity;biomass_solid;r120670201201;bpchp_heat_low_central;backpressure;0.0
2045_scenario;r120640428428-biomass_solid-bpchp_heat_low_central;flow_out_heat_low_central;biomass_solid;r120640428428;bpchp_heat_low_central;backpressure;0.0
2045_scenario;r120640472472-biomass_solid-bpchp_heat_low_central;flow_out_heat_low_central;biomass_solid;r120640472472;bpchp_heat_low_central;backpressure;0.0
2045_scenario;r120670124124-biomass_solid-bpchp_heat_low_central;flow_out_heat_low_central;biomass_solid;r120670124124;bpchp_heat_low_central;backpressure;0.0
2045_scenario;r120670201201-biomass_solid-bpchp_heat_low_central;flow_out_heat_low_central;biomass_solid;r120670201201;bpchp_heat_low_central;backpressure;0.0
2045_scenario;r120640428428-biomass_solid-bpchp_heat_low_central;invest_costs_out_electricity;biomass_solid;r120640428428;bpchp_heat_low_central;backpressure;0.0
2045_scenario;r120640472472-biomass_solid-bpchp_heat_low_central;invest_costs_out_electricity;biomass_solid;r120640472472;bpchp_heat_low_central;backpressure;0.0
2045_scenario;r120670124124-biomass_solid-bpchp_heat_low_central;invest_costs_out_electricity;biomass_solid;r120670124124;bpchp_heat_low_central;backpressure;0.0
2045_scenario;r120670201201-biomass_solid-bpchp_heat_low_central;invest_costs_out_electricity;biomass_solid;r120670201201;bpchp_heat_low_central;backpressure;0.0
2045_scenario;r120640428428-biomass_solid-bpchp_heat_low_central;invest_out_electricity;biomass_solid;r120640428428;bpchp_heat_low_central;backpressure;0.0
2045_scenario;r120640472472-biomass_solid-bpchp_heat_low_central;invest_out_electricity;biomass_solid;r120640472472;bpchp_heat_low_central;backpressure;0.0
2045_scenario;r120670124124-biomass_solid-bpchp_heat_low_central;invest_out_electricity;biomass_solid;r120670124124;bpchp_heat_low_central;backpressure;0.0
2045_scenario;r120670201201-biomass_solid-bpchp_heat_low_central;invest_out_electricity;biomass_solid;r120670201201;bpchp_heat_low_central;backpressure;0.0
2045_scenario;r120640428428-biomass_solid-bpchp_heat_low_decentral;flow_in_biomass_solid;biomass_solid;r120640428428;bpchp_heat_low_decentral;backpressure;2358.6806531443976
2045_scenario;r120640472472-biomass_solid-bpchp_heat_low_decentral;flow_in_biomass_solid;biomass_solid;r120640472472;bpchp_heat_low_decentral;backpressure;2372.568123471882
2045_scenario;r120670124124-biomass_solid-bpchp_heat_low_decentral;flow_in_biomass_solid;biomass_solid;r120670124124;bpchp_heat_low_decentral;backpressure;1357.45607057059
2045_scenario;r120670201201-biomass_solid-bpchp_heat_low_decentral;flow_in_biomass_solid;biomass_solid;r120670201201;bpchp_heat_low_decentral;backpressure;1884.4588549579353
2045_scenario;r120640428428-biomass_solid-bpchp_heat_low_decentral;flow_out_electricity;biomass_solid;r120640428428;bpchp_heat_low_decentral;backpressure;330.21529144021576
2045_scenario;r120640472472-biomass_solid-bpchp_heat_low_decentral;flow_out_electricity;biomass_solid;r120640472472;bpchp_heat_low_decentral;backpressure;332.1595372860634
2045_scenario;r120670124124-biomass_solid-bpchp_heat_low_decentral;flow_out_electricity;biomass_solid;r120670124124;bpchp_heat_low_decentral;backpressure;190.04384987988263
2045_scenario;r120670201201-biomass_solid-bpchp_heat_low_decentral;flow_out_electricity;biomass_solid;r120670201201;bpchp_heat_low_decentral;backpressure;263.82423969411093
2045_scenario;r120640428428-biomass_solid-bpchp_heat_low_decentral;flow_out_heat_low_decentral;biomass_solid;r120640428428;bpchp_heat_low_decentral;backpressure;2299.006032619845
2045_scenario;r120640472472-biomass_solid-bpchp_heat_low_decentral;flow_out_heat_low_decentral;biomass_solid;r120640472472;bpchp_heat_low_decentral;backpressure;2312.542149948043
2045_scenario;r120670124124-biomass_solid-bpchp_heat_low_decentral;flow_out_heat_low_decentral;biomass_solid;r120670124124;bpchp_heat_low_decentral;backpressure;1323.112431985154
2045_scenario;r120670201201-biomass_solid-bpchp_heat_low_decentral;flow_out_heat_low_decentral;biomass_solid;r120670201201;bpchp_heat_low_decentral;backpressure;1836.7820459275
2045_scenario;r120640428428-biomass_solid-bpchp_heat_low_decentral;invest_costs_out_electricity;biomass_solid;r120640428428;bpchp_heat_low_decentral;backpressure;247907.05521348832
2045_scenario;r120640472472-biomass_solid-bpchp_heat_low_decentral;invest_costs_out_electricity;biomass_solid;r120640472472;bpchp_heat_low_decentral;backpressure;249249.60758878518
2045_scenario;r120670124124-biomass_solid-bpchp_heat_low_decentral;invest_costs_out_electricity;biomass_solid;r120670124124;bpchp_heat_low_decentral;backpressure;141862.38508813054
2045_scenario;r120670201201-biomass_solid-bpchp_heat_low_decentral;invest_costs_out_electricity;biomass_solid;r120670201201;bpchp_heat_low_decentral;backpressure;199830.40768662092
2045_scenario;r120640428428-biomass_solid-bpchp_heat_low_decentral;invest_out_electricity;biomass_solid;r120640428428;bpchp_heat_low_decentral;backpressure;0.3614126876798351
2045_scenario;r120640472472-biomass_solid-bpchp_heat_low_decentral;invest_out_electricity;biomass_solid;r120640472472;bpchp_heat_low_decentral;backpressure;0.36336993517280836
2045_scenario;r120670124124-biomass_solid-bpchp_heat_low_decentral;invest_out_electricity;biomass_solid;r120670124124;bpchp_heat_low_decentral;backpressure;0.20681487193343676
2045_scenario;r120670201201-biomass_solid-bpchp_heat_low_decentral;invest_out_electricity;biomass_solid;r120670201201;bpchp_heat_low_decentral;backpressure;0.2913238780557681
2045_scenario;r120640428428-biomass_solid-commodity;flow_out_biomass_solid;biomass_solid;r120640428428;commodity;shortage;2431.7631859207827
2045_scenario;r120640472472-biomass_solid-commodity;flow_out_biomass_solid;biomass_solid;r120640472472;commodity;shortage;2434.324648486702
2045_scenario;r120670124124-biomass_solid-commodity;flow_out_biomass_solid;biomass_solid;r120670124124;commodity;shortage;1400.314681057838
2045_scenario;r120670201201-biomass_solid-commodity;flow_out_biomass_solid;biomass_solid;r120670201201;commodity;shortage;3157.4039147348117
2045_scenario;r120640428428-biomass_solid-commodity;summed_variable_costs_out_biomass_solid;biomass_solid;r120640428428;commodity;shortage;87932.55680289549
2045_scenario;r120640472472-biomass_solid-commodity;summed_variable_costs_out_biomass_solid;biomass_solid;r120640472472;commodity;shortage;88025.17928927913
2045_scenario;r120670124124-biomass_solid-commodity;summed_variable_costs_out_biomass_solid;biomass_solid;r120670124124;commodity;shortage;50635.37886705142
2045_scenario;r120670201201-biomass_solid-commodity;summed_variable_costs_out_biomass_solid;biomass_solid;r120670201201;commodity;shortage;114171.72555681078
2045_scenario;r120640428428-electricity-boiler_heat_high;flow_in_electricity;electricity;r120640428428;boiler_heat_high;conversion;45.66706057215032
2045_scenario;r120640472472-electricity-boiler_heat_high;flow_in_electricity;electricity;r120640472472;boiler_heat_high;conversion;41.4816549943849
2045_scenario;r120670124124-electricity-boiler_heat_high;flow_in_electricity;electricity;r120670124124;boiler_heat_high;conversion;29.00946598851266
2045_scenario;r120670201201-electricity-boiler_heat_high;flow_in_electricity;electricity;r120670201201;boiler_heat_high;conversion;1007.9380653660413
2045_scenario;r120640428428-electricity-boiler_heat_high;flow_out_heat_high;electricity;r120640428428;boiler_heat_high;conversion;45.210389966428814
2045_scenario;r120640472472-electricity-boiler_heat_high;flow_out_heat_high;electricity;r120640472472;boiler_heat_high;conversion;41.066838444441046
2045_scenario;r120670124124-electricity-boiler_heat_high;flow_out_heat_high;electricity;r120670124124;boiler_heat_high;conversion;28.71937132862754
2045_scenario;r120670201201-electricity-boiler_heat_high;flow_out_heat_high;electricity;r120670201201;boiler_heat_high;conversion;997.858684712381
2045_scenario;r120640428428-electricity-boiler_heat_high;invest_costs_out_heat_high;electricity;r120640428428;boiler_heat_high;conversion;320.4402730615245
2045_scenario;r120640472472-electricity-boiler_heat_high;invest_costs_out_heat_high;electricity;r120640472472;boiler_heat_high;conversion;271.394043899142
2045_scenario;r120670124124-electricity-boiler_heat_high;invest_costs_out_heat_high;electricity;r120670124124;boiler_heat_high;conversion;188.48943685441037
2045_scenario;r120670201201-electricity-boiler_heat_high;invest_costs_out_heat_high;electricity;r120670201201;boiler_heat_high;conversion;5729.540863457625
2045_scenario;r120640428428-electricity-boiler_heat_high;invest_out_heat_high;electricity;r120640428428;boiler_heat_high;conversion;0.05864762786053024
2045_scenario;r120640472472-electricity-boiler_heat_high;invest_out_heat_high;electricity;r120640472472;boiler_heat_high;conversion;0.04967108765103723
2045_scenario;r120670124124-electricity-boiler_heat_high;invest_out_heat_high;electricity;r120670124124;boiler_heat_high;conversion;0.03449771853788153
2045_scenario;r120670201201-electricity-boiler_heat_high;invest_out_heat_high;electricity;r120670201201;boiler_heat_high;conversion;1.048632174605741
2045_scenario;r120640428428-electricity-boiler_heat_high;summed_variable_costs_out_heat_high;electricity;r120640428428;boiler_heat_high;conversion;35.512761318629835
2045_scenario;r120640472472-electricity-boiler_heat_high;summed_variable_costs_out_heat_high;electricity;r120640472472;boiler_heat_high;conversion;32.25800159810844
2045_scenario;r120670124124-electricity-boiler_heat_high;summed_variable_costs_out_heat_high;electricity;r120670124124;boiler_heat_high;conversion;22.55906617863693
2045_scenario;r120670201201-electricity-boiler_heat_high;summed_variable_costs_out_heat_high;electricity;r120670201201;boiler_heat_high;conversion;783.8179968415752
2045_scenario;r120640428428-electricity-demand_cts;flow_in_electricity;electricity;r120640428428;demand_cts;load;28295.789999994184
2045_scenario;r120640472472-electricity-demand_cts;flow_in_electricity;electricity;r120640472472;demand_cts;load;39842.147257856406
2045_scenario;r120670124124-electricity-demand_cts;flow_in_electricity;electricity;r120670124124;demand_cts;load;9565.240902967244
2045_scenario;r120670201201-electricity-demand_cts;flow_in_electricity;electricity;r120670201201;demand_cts;load;49826.99500253126
2045_scenario;r120640428428-electricity-demand_hh;flow_in_electricity;electricity;r120640428428;demand_hh;load;31156.039999991182
2045_scenario;r120640472472-electricity-demand_hh;flow_in_electricity;electricity;r120640472472;demand_hh;load;53199.93537869073
2045_scenario;r120670124124-electricity-demand_hh;flow_in_electricity;electricity;r120670124124;demand_hh;load;23146.42164818505
2045_scenario;r120670201201-electricity-demand_hh;flow_in_electricity;electricity;r120670201201;demand_hh;load;17696.72285078613
2045_scenario;r120640428428-electricity-demand_ind;flow_in_electricity;electricity;r120640428428;demand_ind;load;222309.36999996298
2045_scenario;r120640472472-electricity-demand_ind;flow_in_electricity;electricity;r120640472472;demand_ind;load;33173.46387251867
2045_scenario;r120670124124-electricity-demand_ind;flow_in_electricity;electricity;r120670124124;demand_ind;load;10737.784766899109
2045_scenario;r120670201201-electricity-demand_ind;flow_in_electricity;electricity;r120670201201;demand_ind;load;867381.8774538814
2045_scenario;r120640428428-electricity-demand_mob;flow_in_electricity;electricity;r120640428428;demand_mob;load;11885.29148591775
2045_scenario;r120640472472-electricity-demand_mob;flow_in_electricity;electricity;r120640472472;demand_mob;load;20289.635045682488
2045_scenario;r120670124124-electricity-demand_mob;flow_in_electricity;electricity;r120670124124;demand_mob;load;8444.81117721094
2045_scenario;r120670201201-electricity-demand_mob;flow_in_electricity;electricity;r120670201201;demand_mob;load;6231.0921190902955
2045_scenario;r120640428428-electricity-electrolyzer;flow_in_electricity;electricity;r120640428428;electrolyzer;conversion;0.0
2045_scenario;r120640472472-electricity-electrolyzer;flow_in_electricity;electricity;r120640472472;electrolyzer;conversion;0.0
2045_scenario;r120670124124-electricity-electrolyzer;flow_in_electricity;electricity;r120670124124;electrolyzer;conversion;0.0
2045_scenario;r120670201201-electricity-electrolyzer;flow_in_electricity;electricity;r120670201201;electrolyzer;conversion;0.0
2045_scenario;r120640428428-electricity-electrolyzer;flow_out_h2;electricity;r120640428428;electrolyzer;conversion;0.0
2045_scenario;r120640472472-electricity-electrolyzer;flow_out_h2;electricity;r120640472472;electrolyzer;conversion;0.0
2045_scenario;r120670124124-electricity-electrolyzer;flow_out_h2;electricity;r120670124124;electrolyzer;conversion;0.0
2045_scenario;r120670201201-electricity-electrolyzer;flow_out_h2;electricity;r120670201201;electrolyzer;conversion;0.0
2045_scenario;r120640428428-electricity-electrolyzer;invest_costs_out_h2;electricity;r120640428428;electrolyzer;conversion;0.0
2045_scenario;r120640472472-electricity-electrolyzer;invest_costs_out_h2;electricity;r120640472472;electrolyzer;conversion;0.0
2045_scenario;r120670124124-electricity-electrolyzer;invest_costs_out_h2;electricity;r120670124124;electrolyzer;conversion;0.0
2045_scenario;r120670201201-electricity-electrolyzer;invest_costs_out_h2;electricity;r120670201201;electrolyzer;conversion;0.0
2045_scenario;r120640428428-electricity-electrolyzer;invest_out_h2;electricity;r120640428428;electrolyzer;conversion;0.0
2045_scenario;r120640472472-electricity-electrolyzer;invest_out_h2;electricity;r120640472472;electrolyzer;conversion;0.0
2045_scenario;r120670124124-electricity-electrolyzer;invest_out_h2;electricity;r120670124124;electrolyzer;conversion;0.0
2045_scenario;r120670201201-electricity-electrolyzer;invest_out_h2;electricity;r120670201201;electrolyzer;conversion;0.0
2045_scenario;r120640428428-electricity-export;flow_in_electricity;electricity;r120640428428;export;excess;2495.076484254407
2045_scenario;r120640472472-electricity-export;flow_in_electricity;electricity;r120640472472;export;excess;445.83063971949485
2045_scenario;r120670124124-electricity-export;flow_in_electricity;electricity;r120670124124;export;excess;161.75377788178727
2045_scenario;r120670201201-electricity-export;flow_in_electricity;electricity;r120670201201;export;excess;24690.673787176256
2045_scenario;r120640428428-electricity-heatpump_central;flow_in_electricity;electricity;r120640428428;heatpump_central;conversion;0.0
2045_scenario;r120640472472-electricity-heatpump_central;flow_in_electricity;electricity;r120640472472;heatpump_central;conversion;2660.1762178722847
2045_scenario;r120670124124-electricity-heatpump_central;flow_in_electricity;electricity;r120670124124;heatpump_central;conversion;5.6457342666429415
2045_scenario;r120670201201-electricity-heatpump_central;flow_in_electricity;electricity;r120670201201;heatpump_central;conversion;1069.9691810611412
2045_scenario;r120640428428-electricity-heatpump_central;flow_out_heat_low_central;electricity;r120640428428;heatpump_central;conversion;0.0
2045_scenario;r120640472472-electricity-heatpump_central;flow_out_heat_low_central;electricity;r120640472472;heatpump_central;conversion;11214.482259031467
2045_scenario;r120670124124-electricity-heatpump_central;flow_out_heat_low_central;electricity;r120670124124;heatpump_central;conversion;23.92404509182426
2045_scenario;r120670201201-electricity-heatpump_central;flow_out_heat_low_central;electricity;r120670201201;heatpump_central;conversion;4864.529429935991
2045_scenario;r120640428428-electricity-heatpump_central;invest_costs_out_heat_low_central;electricity;r120640428428;heatpump_central;conversion;0.0
2045_scenario;r120640472472-electricity-heatpump_central;invest_costs_out_heat_low_central;electricity;r120640472472;heatpump_central;conversion;202104.9272312543
2045_scenario;r120670124124-electricity-heatpump_central;invest_costs_out_heat_low_central;electricity;r120670124124;heatpump_central;conversion;423.90075849868634
2045_scenario;r120670201201-electricity-heatpump_central;invest_costs_out_heat_low_central;electricity;r120670201201;heatpump_central;conversion;63365.53159382073
2045_scenario;r120640428428-electricity-heatpump_central;invest_out_heat_low_central;electricity;r120640428428;heatpump_central;conversion;0.0
2045_scenario;r120640472472-electricity-heatpump_central;invest_out_heat_low_central;electricity;r120640472472;heatpump_central;conversion;3.7708627367873895
2045_scenario;r120670124124-electricity-heatpump_central;invest_out_heat_low_central;electricity;r120670124124;heatpump_central;conversion;0.007909117289800606
2045_scenario;r120670201201-electricity-heatpump_central;invest_out_heat_low_central;electricity;r120670201201;heatpump_central;conversion;1.1822706410836656
2045_scenario;r120640428428-electricity-heatpump_central;summed_variable_costs_out_heat_low_central;electricity;r120640428428;heatpump_central;conversion;0.0
2045_scenario;r120640472472-electricity-heatpump_central;summed_variable_costs_out_heat_low_central;electricity;r120640472472;heatpump_central;conversion;20073.923243666326
2045_scenario;r120670124124-electricity-heatpump_central;summed_variable_costs_out_heat_low_central;electricity;r120670124124;heatpump_central;conversion;42.82404071436543
2045_scenario;r120670201201-electricity-heatpump_central;summed_variable_costs_out_heat_low_central;electricity;r120670201201;heatpump_central;conversion;8707.507679585424
2045_scenario;r120640428428-electricity-heatpump_decentral;flow_in_electricity;electricity;r120640428428;heatpump_decentral;conversion;13043.62489265131
2045_scenario;r120640472472-electricity-heatpump_decentral;flow_in_electricity;electricity;r120640472472;heatpump_decentral;conversion;12997.732671073984
2045_scenario;r120670124124-electricity-heatpump_decentral;flow_in_electricity;electricity;r120670124124;heatpump_decentral;conversion;7586.970495168607
2045_scenario;r120670201201-electricity-heatpump_decentral;flow_in_electricity;electricity;r120670201201;heatpump_decentral;conversion;14101.509250939484
2045_scenario;r120640428428-electricity-heatpump_decentral;flow_out_heat_low_decentral;electricity;r120640428428;heatpump_decentral;conversion;55108.703420592035
2045_scenario;r120640472472-electricity-heatpump_decentral;flow_out_heat_low_decentral;electricity;r120640472472;heatpump_decentral;conversion;54833.17594551838
2045_scenario;r120670124124-electricity-heatpump_decentral;flow_out_heat_low_decentral;electricity;r120670124124;heatpump_decentral;conversion;32096.052537778378
2045_scenario;r120670201201-electricity-heatpump_decentral;flow_out_heat_low_decentral;electricity;r120670201201;heatpump_decentral;conversion;62250.20209071085
2045_scenario;r120640428428-electricity-heatpump_decentral;invest_costs_out_heat_low_decentral;electricity;r120640428428;heatpump_decentral;conversion;1409143.092325667
2045_scenario;r120640472472-electricity-heatpump_decentral;invest_costs_out_heat_low_decentral;electricity;r120640472472;heatpump_decentral;conversion;1406882.7425613042
2045_scenario;r120670124124-electricity-heatpump_decentral;invest_costs_out_heat_low_decentral;electricity;r120670124124;heatpump_decentral;conversion;819969.5815444451
2045_scenario;r120670201201-electricity-heatpump_decentral;invest_costs_out_heat_low_decentral;electricity;r120670201201;heatpump_decentral;conversion;1381049.397685493
2045_scenario;r120640428428-electricity-heatpump_decentral;invest_out_heat_low_decentral;electricity;r120640428428;heatpump_decentral;conversion;13.002171061522015
2045_scenario;r120640472472-electricity-heatpump_decentral;invest_out_heat_low_decentral;electricity;r120640472472;heatpump_decentral;conversion;12.98131480181697
2045_scenario;r120670124124-electricity-heatpump_decentral;invest_out_heat_low_decentral;electricity;r120670124124;heatpump_decentral;conversion;7.565863837780889
2045_scenario;r120670201201-electricity-heatpump_decentral;invest_out_heat_low_decentral;electricity;r120670201201;heatpump_decentral;conversion;12.742950386594785
2045_scenario;r120640428428-electricity-heatpump_heat_high;flow_in_electricity;electricity;r120640428428;heatpump_heat_high;conversion;47.733559843052014
2045_scenario;r120640472472-electricity-heatpump_heat_high;flow_in_electricity;electricity;r120640472472;heatpump_heat_high;conversion;1466.5101460046485
2045_scenario;r120670124124-electricity-heatpump_heat_high;flow_in_electricity;electricity;r120670124124;heatpump_heat_high;conversion;1018.4582604637108
2045_scenario;r120670201201-electricity-heatpump_heat_high;flow_in_electricity;electricity;r120670201201;heatpump_heat_high;conversion;29468.90996974479
2045_scenario;r120640428428-electricity-heatpump_heat_high;flow_out_heat_high;electricity;r120640428428;heatpump_heat_high;conversion;129.00987321161168
2045_scenario;r120640472472-electricity-heatpump_heat_high;flow_out_heat_high;electricity;r120640472472;heatpump_heat_high;conversion;3833.9661891924793
2045_scenario;r120670124124-electricity-heatpump_heat_high;flow_out_heat_high;electricity;r120670124124;heatpump_heat_high;conversion;2662.6084541933956
2045_scenario;r120670201201-electricity-heatpump_heat_high;flow_out_heat_high;electricity;r120670201201;heatpump_heat_high;conversion;77030.40170767366
2045_scenario;r120640428428-electricity-heatpump_heat_high;invest_costs_out_heat_high;electricity;r120640428428;heatpump_heat_high;conversion;2612.641077253067
2045_scenario;r120640472472-electricity-heatpump_heat_high;invest_costs_out_heat_high;electricity;r120640472472;heatpump_heat_high;conversion;31364.63719218796
2045_scenario;r120670124124-electricity-heatpump_heat_high;invest_costs_out_heat_high;electricity;r120670124124;heatpump_heat_high;conversion;21783.46553432634
2045_scenario;r120670201201-electricity-heatpump_heat_high;invest_costs_out_heat_high;electricity;r120670201201;heatpump_heat_high;conversion;629175.9583936604
2045_scenario;r120640428428-electricity-heatpump_heat_high;invest_out_heat_high;electricity;r120640428428;heatpump_heat_high;conversion;0.04861216135966984
2045_scenario;r120640472472-electricity-heatpump_heat_high;invest_out_heat_high;electricity;r120640472472;heatpump_heat_high;conversion;0.5835867840588409
2045_scenario;r120670124124-electricity-heatpump_heat_high;invest_out_heat_high;electricity;r120670124124;heatpump_heat_high;conversion;0.4053145113376424
2045_scenario;r120670201201-electricity-heatpump_heat_high;invest_out_heat_high;electricity;r120670201201;heatpump_heat_high;conversion;11.706775752456307
2045_scenario;r120640428428-electricity-heatpump_heat_high;summed_variable_costs_out_heat_high;electricity;r120640428428;heatpump_heat_high;conversion;411.8253172661068
2045_scenario;r120640472472-electricity-heatpump_heat_high;summed_variable_costs_out_heat_high;electricity;r120640472472;heatpump_heat_high;conversion;12238.786869140233
2045_scenario;r120670124124-electricity-heatpump_heat_high;summed_variable_costs_out_heat_high;electricity;r120670124124;heatpump_heat_high;conversion;8499.578707476157
2045_scenario;r120670201201-electricity-heatpump_heat_high;summed_variable_costs_out_heat_high;electricity;r120670201201;heatpump_heat_high;conversion;245896.44833123588
2045_scenario;r120640428428-electricity-import;flow_out_electricity;electricity;r120640428428;import;shortage;214145.55664796435
2045_scenario;r120640472472-electricity-import;flow_out_electricity;electricity;r120640472472;import;shortage;108060.6993734806
2045_scenario;r120670124124-electricity-import;flow_out_electricity;electricity;r120670124124;import;shortage;40311.02145872796
2045_scenario;r120670201201-electricity-import;flow_out_electricity;electricity;r120670201201;import;shortage;718349.2652998365
2045_scenario;r120640428428-electricity-import;summed_variable_costs_out_electricity;electricity;r120640428428;import;shortage;15632625.635301398
2045_scenario;r120640472472-electricity-import;summed_variable_costs_out_electricity;electricity;r120640472472;import;shortage;7888431.0542640835
2045_scenario;r120670124124-electricity-import;summed_variable_costs_out_electricity;electricity;r120670124124;import;shortage;2942704.5664871414
2045_scenario;r120670201201-electricity-import;summed_variable_costs_out_electricity;electricity;r120670201201;import;shortage;52439496.36688807
2045_scenario;r120640428428-electricity-large_battery_storage;flow_in_electricity;electricity;r120640428428;large_battery_storage;storage;0.0
2045_scenario;r120640472472-electricity-large_battery_storage;flow_in_electricity;electricity;r120640472472;large_battery_storage;storage;0.0
2045_scenario;r120670124124-electricity-large_battery_storage;flow_in_electricity;electricity;r120670124124;large_battery_storage;storage;0.0
2045_scenario;r120670201201-electricity-large_battery_storage;flow_in_electricity;electricity;r120670201201;large_battery_storage;storage;0.0
2045_scenario;r120640428428-electricity-large_battery_storage;flow_out_electricity;electricity;r120640428428;large_battery_storage;storage;0.0
2045_scenario;r120640472472-electricity-large_battery_storage;flow_out_electricity;electricity;r120640472472;large_battery_storage;storage;0.0
2045_scenario;r120670124124-electricity-large_battery_storage;flow_out_electricity;electricity;r120670124124;large_battery_storage;storage;0.0
2045_scenario;r120670201201-electricity-large_battery_storage;flow_out_electricity;electricity;r120670201201;large_battery_storage;storage;0.0
2045_scenario;r120640428428-electricity-large_battery_storage;invest;electricity;r120640428428;large_battery_storage;storage;0.0
2045_scenario;r120640472472-electricity-large_battery_storage;invest;electricity;r120640472472;large_battery_storage;storage;0.0
2045_scenario;r120670124124-electricity-large_battery_storage;invest;electricity;r120670124124;large_battery_storage;storage;0.0
2045_scenario;r120670201201-electricity-large_battery_storage;invest;electricity;r120670201201;large_battery_storage;storage;0.0
2045_scenario;r120640428428-electricity-large_battery_storage;invest_costs;electricity;r120640428428;large_battery_storage;storage;0.0
2045_scenario;r120640472472-electricity-large_battery_storage;invest_costs;electricity;r120640472472;large_battery_storage;storage;0.0
2045_scenario;r120670124124-electricity-large_battery_storage;invest_costs;electricity;r120670124124;large_battery_storage;storage;0.0
2045_scenario;r120670201201-electricity-large_battery_storage;invest_costs;electricity;r120670201201;large_battery_storage;storage;0.0
2045_scenario;r120640428428-electricity-large_battery_storage;invest_costs_in_electricity;electricity;r120640428428;large_battery_storage;storage;0.0
2045_scenario;r120640472472-electricity-large_battery_storage;invest_costs_in_electricity;electricity;r120640472472;large_battery_storage;storage;0.0
2045_scenario;r120670124124-electricity-large_battery_storage;invest_costs_in_electricity;electricity;r120670124124;large_battery_storage;storage;0.0
2045_scenario;r120670201201-electricity-large_battery_storage;invest_costs_in_electricity;electricity;r120670201201;large_battery_storage;storage;0.0
2045_scenario;r120640428428-electricity-large_battery_storage;invest_costs_out_electricity;electricity;r120640428428;large_battery_storage;storage;0.0
2045_scenario;r120640472472-electricity-large_battery_storage;invest_costs_out_electricity;electricity;r120640472472;large_battery_storage;storage;0.0
2045_scenario;r120670124124-electricity-large_battery_storage;invest_costs_out_electricity;electricity;r120670124124;large_battery_storage;storage;0.0
2045_scenario;r120670201201-electricity-large_battery_storage;invest_costs_out_electricity;electricity;r120670201201;large_battery_storage;storage;0.0
2045_scenario;r120640428428-electricity-large_battery_storage;invest_in_electricity;electricity;r120640428428;large_battery_storage;storage;0.0
2045_scenario;r120640472472-electricity-large_battery_storage;invest_in_electricity;electricity;r120640472472;large_battery_storage;storage;0.0
2045_scenario;r120670124124-electricity-large_battery_storage;invest_in_electricity;electricity;r120670124124;large_battery_storage;storage;0.0
2045_scenario;r120670201201-electricity-large_battery_storage;invest_in_electricity;electricity;r120670201201;large_battery_storage;storage;0.0
2045_scenario;r120640428428-electricity-large_battery_storage;invest_out_electricity;electricity;r120640428428;large_battery_storage;storage;0.0
2045_scenario;r120640472472-electricity-large_battery_storage;invest_out_electricity;electricity;r120640472472;large_battery_storage;storage;0.0
2045_scenario;r120670124124-electricity-large_battery_storage;invest_out_electricity;electricity;r120670124124;large_battery_storage;storage;0.0
2045_scenario;r120670201201-electricity-large_battery_storage;invest_out_electricity;electricity;r120670201201;large_battery_storage;storage;0.0
2045_scenario;r120640428428-electricity-large_battery_storage;storage_losses;electricity;r120640428428;large_battery_storage;storage;0.0
2045_scenario;r120640472472-electricity-large_battery_storage;storage_losses;electricity;r120640472472;large_battery_storage;storage;0.0
2045_scenario;r120670124124-electricity-large_battery_storage;storage_losses;electricity;r120670124124;large_battery_storage;storage;0.0
2045_scenario;r120670201201-electricity-large_battery_storage;storage_losses;electricity;r120670201201;large_battery_storage;storage;0.0
2045_scenario;r120640428428-electricity-large_battery_storage;summed_variable_costs_in_electricity;electricity;r120640428428;large_battery_storage;storage;0.0
2045_scenario;r120640472472-electricity-large_battery_storage;summed_variable_costs_in_electricity;electricity;r120640472472;large_battery_storage;storage;0.0
2045_scenario;r120670124124-electricity-large_battery_storage;summed_variable_costs_in_electricity;electricity;r120670124124;large_battery_storage;storage;0.0
2045_scenario;r120670201201-electricity-large_battery_storage;summed_variable_costs_in_electricity;electricity;r120670201201;large_battery_storage;storage;0.0
2045_scenario;r120640428428-electricity-large_battery_storage;summed_variable_costs_out_electricity;electricity;r120640428428;large_battery_storage;storage;0.0
2045_scenario;r120640472472-electricity-large_battery_storage;summed_variable_costs_out_electricity;electricity;r120640472472;large_battery_storage;storage;0.0
2045_scenario;r120670124124-electricity-large_battery_storage;summed_variable_costs_out_electricity;electricity;r120670124124;large_battery_storage;storage;0.0
2045_scenario;r120670201201-electricity-large_battery_storage;summed_variable_costs_out_electricity;electricity;r120670201201;large_battery_storage;storage;0.0
2045_scenario;r120640428428-electricity-pv_agri_horizontal;flow_out_electricity;electricity;r120640428428;pv_agri_horizontal;volatile;256.4352074864276
2045_scenario;r120640472472-electricity-pv_agri_horizontal;flow_out_electricity;electricity;r120640472472;pv_agri_horizontal;volatile;630.926729675851
2045_scenario;r120670124124-electricity-pv_agri_horizontal;flow_out_electricity;electricity;r120670124124;pv_agri_horizontal;volatile;0.0
2045_scenario;r120670201201-electricity-pv_agri_horizontal;flow_out_electricity;electricity;r120670201201;pv_agri_horizontal;volatile;0.0
2045_scenario;r120640428428-electricity-pv_agri_horizontal;invest_costs_out_electricity;electricity;r120640428428;pv_agri_horizontal;volatile;6678.225836089193
2045_scenario;r120640472472-electricity-pv_agri_horizontal;invest_costs_out_electricity;electricity;r120640472472;pv_agri_horizontal;volatile;16430.93874706552
2045_scenario;r120670124124-electricity-pv_agri_horizontal;invest_costs_out_electricity;electricity;r120670124124;pv_agri_horizontal;volatile;0.0
2045_scenario;r120670201201-electricity-pv_agri_horizontal;invest_costs_out_electricity;electricity;r120670201201;pv_agri_horizontal;volatile;0.0
2045_scenario;r120640428428-electricity-pv_agri_horizontal;invest_out_electricity;electricity;r120640428428;pv_agri_horizontal;volatile;0.240107872178303
2045_scenario;r120640472472-electricity-pv_agri_horizontal;invest_out_electricity;electricity;r120640472472;pv_agri_horizontal;volatile;0.590755364865029
2045_scenario;r120670124124-electricity-pv_agri_horizontal;invest_out_electricity;electricity;r120670124124;pv_agri_horizontal;volatile;0.0
2045_scenario;r120670201201-electricity-pv_agri_horizontal;invest_out_electricity;electricity;r120670201201;pv_agri_horizontal;volatile;0.0
2045_scenario;r120640428428-electricity-pv_agri_vertical;flow_out_electricity;electricity;r120640428428;pv_agri_vertical;volatile;1940.2837766009025
2045_scenario;r120640472472-electricity-pv_agri_vertical;flow_out_electricity;electricity;r120640472472;pv_agri_vertical;volatile;2224.091401343503
2045_scenario;r120670124124-electricity-pv_agri_vertical;flow_out_electricity;electricity;r120670124124;pv_agri_vertical;volatile;0.0
2045_scenario;r120670201201-electricity-pv_agri_vertical;flow_out_electricity;electricity;r120670201201;pv_agri_vertical;volatile;502.9650192932161
2045_scenario;r120640428428-electricity-pv_agri_vertical;invest_costs_out_electricity;electricity;r120640428428;pv_agri_vertical;volatile;82643.13310326205
2045_scenario;r120640472472-electricity-pv_agri_vertical;invest_costs_out_electricity;electricity;r120640472472;pv_agri_vertical;volatile;94731.44285989608
2045_scenario;r120670124124-electricity-pv_agri_vertical;invest_costs_out_electricity;electricity;r120670124124;pv_agri_vertical;volatile;0.0
2045_scenario;r120670201201-electricity-pv_agri_vertical;invest_costs_out_electricity;electricity;r120670201201;pv_agri_vertical;volatile;21422.95139350839
2045_scenario;r120640428428-electricity-pv_agri_vertical;invest_out_electricity;electricity;r120640428428;pv_agri_vertical;volatile;2.97133809586662
2045_scenario;r120640472472-electricity-pv_agri_vertical;invest_out_electricity;electricity;r120640472472;pv_agri_vertical;volatile;3.40595926698852
2045_scenario;r120670124124-electricity-pv_agri_vertical;invest_out_electricity;electricity;r120670124124;pv_agri_vertical;volatile;0.0
2045_scenario;r120670201201-electricity-pv_agri_vertical;invest_out_electricity;electricity;r120670201201;pv_agri_vertical;volatile;0.77023739554857
2045_scenario;r120640428428-electricity-pv_ground;flow_out_electricity;electricity;r120640428428;pv_ground;volatile;15013.030218159234
2045_scenario;r120640472472-electricity-pv_ground;flow_out_electricity;electricity;r120640472472;pv_ground;volatile;6308.807411735007
2045_scenario;r120670124124-electricity-pv_ground;flow_out_electricity;electricity;r120670124124;pv_ground;volatile;0.0
2045_scenario;r120670201201-electricity-pv_ground;flow_out_electricity;electricity;r120670201201;pv_ground;volatile;1501.7803519052004
2045_scenario;r120640428428-electricity-pv_ground;invest_costs_out_electricity;electricity;r120640428428;pv_ground;volatile;325558.7445101357
2045_scenario;r120640472472-electricity-pv_ground;invest_costs_out_electricity;electricity;r120640472472;pv_ground;volatile;136806.98636284482
2045_scenario;r120670124124-electricity-pv_ground;invest_costs_out_electricity;electricity;r120670124124;pv_ground;volatile;0.0
2045_scenario;r120670201201-electricity-pv_ground;invest_costs_out_electricity;electricity;r120670201201;pv_ground;volatile;32566.225391651387
2045_scenario;r120640428428-electricity-pv_ground;invest_out_electricity;electricity;r120640428428;pv_ground;volatile;14.0571443990255
2045_scenario;r120640472472-electricity-pv_ground;invest_out_electricity;electricity;r120640472472;pv_ground;volatile;5.9071230446957
2045_scenario;r120670124124-electricity-pv_ground;invest_out_electricity;electricity;r120670124124;pv_ground;volatile;0.0
2045_scenario;r120670201201-electricity-pv_ground;invest_out_electricity;electricity;r120670201201;pv_ground;volatile;1.40616137818839
2045_scenario;r120640428428-electricity-pv_rooftop;flow_out_electricity;electricity;r120640428428;pv_rooftop;volatile;82277.9474926325
2045_scenario;r120640472472-electricity-pv_rooftop;flow_out_electricity;electricity;r120640472472;pv_rooftop;volatile;57559.470765220176
2045_scenario;r120670124124-electricity-pv_rooftop;flow_out_electricity;electricity;r120670124124;pv_rooftop;volatile;23879.577364014847
2045_scenario;r120670201201-electricity-pv_rooftop;flow_out_electricity;electricity;r120670201201;pv_rooftop;volatile;0.0
2045_scenario;r120640428428-electricity-pv_rooftop;invest_costs_out_electricity;electricity;r120640428428;pv_rooftop;volatile;3058504.2290126425
2045_scenario;r120640472472-electricity-pv_rooftop;invest_costs_out_electricity;electricity;r120640472472;pv_rooftop;volatile;2139648.4734979486
2045_scenario;r120670124124-electricity-pv_rooftop;invest_costs_out_electricity;electricity;r120670124124;pv_rooftop;volatile;887671.4913362893
2045_scenario;r120670201201-electricity-pv_rooftop;invest_costs_out_electricity;electricity;r120670201201;pv_rooftop;volatile;0.0
2045_scenario;r120640428428-electricity-pv_rooftop;invest_out_electricity;electricity;r120640428428;pv_rooftop;volatile;77.03927667849484
2045_scenario;r120640472472-electricity-pv_rooftop;invest_out_electricity;electricity;r120640472472;pv_rooftop;volatile;53.89463554795897
2045_scenario;r120670124124-electricity-pv_rooftop;invest_out_electricity;electricity;r120670124124;pv_rooftop;volatile;22.359154835219897
2045_scenario;r120670201201-electricity-pv_rooftop;invest_out_electricity;electricity;r120670201201;pv_rooftop;volatile;0.0
2045_scenario;r120640428428-electricity-small_battery_storage;flow_in_electricity;electricity;r120640428428;small_battery_storage;storage;17906.769269123328
2045_scenario;r120640472472-electricity-small_battery_storage;flow_in_electricity;electricity;r120640472472;small_battery_storage;storage;18572.649776769576
2045_scenario;r120670124124-electricity-small_battery_storage;flow_in_electricity;electricity;r120670124124;small_battery_storage;storage;6877.258621310085
2045_scenario;r120670201201-electricity-small_battery_storage;flow_in_electricity;electricity;r120670201201;small_battery_storage;storage;13229.346941497559
2045_scenario;r120640428428-electricity-small_battery_storage;flow_out_electricity;electricity;r120640428428;small_battery_storage;storage;10098.454873360704
2045_scenario;r120640472472-electricity-small_battery_storage;flow_out_electricity;electricity;r120640472472;small_battery_storage;storage;10309.825616421784
2045_scenario;r120670124124-electricity-small_battery_storage;flow_out_electricity;electricity;r120670124124;small_battery_storage;storage;3840.290118609439
2045_scenario;r120670201201-electricity-small_battery_storage;flow_out_electricity;electricity;r120670201201;small_battery_storage;storage;8596.421842198406
2045_scenario;r120640428428-electricity-small_battery_storage;invest;electricity;r120640428428;small_battery_storage;storage;0.0
2045_scenario;r120640472472-electricity-small_battery_storage;invest;electricity;r120640472472;small_battery_storage;storage;0.0
2045_scenario;r120670124124-electricity-small_battery_storage;invest;electricity;r120670124124;small_battery_storage;storage;0.0
2045_scenario;r120670201201-electricity-small_battery_storage;invest;electricity;r120670201201;small_battery_storage;storage;0.0
2045_scenario;r120640428428-electricity-small_battery_storage;invest_costs;electricity;r120640428428;small_battery_storage;storage;0.0
2045_scenario;r120640472472-electricity-small_battery_storage;invest_costs;electricity;r120640472472;small_battery_storage;storage;0.0
2045_scenario;r120670124124-electricity-small_battery_storage;invest_costs;electricity;r120670124124;small_battery_storage;storage;0.0
2045_scenario;r120670201201-electricity-small_battery_storage;invest_costs;electricity;r120670201201;small_battery_storage;storage;0.0
2045_scenario;r120640428428-electricity-small_battery_storage;invest_costs_in_electricity;electricity;r120640428428;small_battery_storage;storage;0.0
2045_scenario;r120640472472-electricity-small_battery_storage;invest_costs_in_electricity;electricity;r120640472472;small_battery_storage;storage;0.04785691591141576
2045_scenario;r120670124124-electricity-small_battery_storage;invest_costs_in_electricity;electricity;r120670124124;small_battery_storage;storage;0.01662714644605042
2045_scenario;r120670201201-electricity-small_battery_storage;invest_costs_in_electricity;electricity;r120670201201;small_battery_storage;storage;0.17293530901374274
2045_scenario;r120640428428-electricity-small_battery_storage;invest_costs_out_electricity;electricity;r120640428428;small_battery_storage;storage;0.0
2045_scenario;r120640472472-electricity-small_battery_storage;invest_costs_out_electricity;electricity;r120640472472;small_battery_storage;storage;0.0
2045_scenario;r120670124124-electricity-small_battery_storage;invest_costs_out_electricity;electricity;r120670124124;small_battery_storage;storage;0.0
2045_scenario;r120670201201-electricity-small_battery_storage;invest_costs_out_electricity;electricity;r120670201201;small_battery_storage;storage;0.0
2045_scenario;r120640428428-electricity-small_battery_storage;invest_in_electricity;electricity;r120640428428;small_battery_storage;storage;0.0
2045_scenario;r120640472472-electricity-small_battery_storage;invest_in_electricity;electricity;r120640472472;small_battery_storage;storage;5.320917324118128
2045_scenario;r120670124124-electricity-small_battery_storage;invest_in_electricity;electricity;r120670124124;small_battery_storage;storage;1.8486705607858624
2045_scenario;r120670201201-electricity-small_battery_storage;invest_in_electricity;electricity;r120670201201;small_battery_storage;storage;19.22761766316512
2045_scenario;r120640428428-electricity-small_battery_storage;invest_out_electricity;electricity;r120640428428;small_battery_storage;storage;0.0
2045_scenario;r120640472472-electricity-small_battery_storage;invest_out_electricity;electricity;r120640472472;small_battery_storage;storage;5.320917324118128
2045_scenario;r120670124124-electricity-small_battery_storage;invest_out_electricity;electricity;r120670124124;small_battery_storage;storage;1.8486705607858624
2045_scenario;r120670201201-electricity-small_battery_storage;invest_out_electricity;electricity;r120670201201;small_battery_storage;storage;19.22761766316512
2045_scenario;r120640428428-electricity-small_battery_storage;storage_losses;electricity;r120640428428;small_battery_storage;storage;7808.3143957626235
2045_scenario;r120640472472-electricity-small_battery_storage;storage_losses;electricity;r120640472472;small_battery_storage;storage;8262.824160347793
2045_scenario;r120670124124-electricity-small_battery_storage;storage_losses;electricity;r120670124124;small_battery_storage;storage;3036.968502700646
2045_scenario;r120670201201-electricity-small_battery_storage;storage_losses;electricity;r120670201201;small_battery_storage;storage;4632.925099299153
2045_scenario;r120640428428-electricity-small_battery_storage;summed_variable_costs_in_electricity;electricity;r120640428428;small_battery_storage;storage;1790.6769269123329
2045_scenario;r120640472472-electricity-small_battery_storage;summed_variable_costs_in_electricity;electricity;r120640472472;small_battery_storage;storage;1857.2649776769576
2045_scenario;r120670124124-electricity-small_battery_storage;summed_variable_costs_in_electricity;electricity;r120670124124;small_battery_storage;storage;687.7258621310085
2045_scenario;r120670201201-electricity-small_battery_storage;summed_variable_costs_in_electricity;electricity;r120670201201;small_battery_storage;storage;1322.934694149756
2045_scenario;r120640428428-r120640472472-electricity-transmission;flow_in_electricity_from_bus;electricity;r120640428428_r120640472472;transmission;link;1.0475092818064624
2045_scenario;r120640428428-r120670124124-electricity-transmission;flow_in_electricity_from_bus;electricity;r120640428428_r120670124124;transmission;link;3.8980773822190216
2045_scenario;r120640428428-r120670201201-electricity-transmission;flow_in_electricity_from_bus;electricity;r120640428428_r120670201201;transmission;link;2157.1210248496755
2045_scenario;r120640472472-r120670124124-electricity-transmission;flow_in_electricity_from_bus;electricity;r120640472472_r120670124124;transmission;link;0.21451288188531073
2045_scenario;r120640472472-r120670201201-electricity-transmission;flow_in_electricity_from_bus;electricity;r120640472472_r120670201201;transmission;link;7383.771803598375
2045_scenario;r120670124124-r120670201201-electricity-transmission;flow_in_electricity_from_bus;electricity;r120670124124_r120670201201;transmission;link;2684.6131802455097
2045_scenario;r120640428428-r120640472472-electricity-transmission;flow_in_electricity_to_bus;electricity;r120640428428_r120640472472;transmission;link;189.88893657971812
2045_scenario;r120640428428-r120670124124-electricity-transmission;flow_in_electricity_to_bus;electricity;r120640428428_r120670124124;transmission;link;95.23494013694685
2045_scenario;r120640472472-r120670124124-electricity-transmission;flow_in_electricity_to_bus;electricity;r120640472472_r120670124124;transmission;link;0.5377594612512021
2045_scenario;r120640428428-r120670201201-electricity-transmission;flow_in_electricity_to_bus;electricity;r120640428428_r120670201201;transmission;link;2159.267900805826
2045_scenario;r120640472472-r120670201201-electricity-transmission;flow_in_electricity_to_bus;electricity;r120640472472_r120670201201;transmission;link;3763.9883702229645
2045_scenario;r120670124124-r120670201201-electricity-transmission;flow_in_electricity_to_bus;electricity;r120670124124_r120670201201;transmission;link;1507.0651967216277
2045_scenario;r120640428428-r120640472472-electricity-transmission;flow_out_electricity_from_bus;electricity;r120640428428_r120640472472;transmission;link;187.99004721392097
2045_scenario;r120640428428-r120670124124-electricity-transmission;flow_out_electricity_from_bus;electricity;r120640428428_r120670124124;transmission;link;94.28259073557739
2045_scenario;r120640428428-r120670201201-electricity-transmission;flow_out_electricity_from_bus;electricity;r120640428428_r120670201201;transmission;link;2137.6752217977673
2045_scenario;r120640472472-r120670124124-electricity-transmission;flow_out_electricity_from_bus;electricity;r120640472472_r120670124124;transmission;link;0.5323818666386901
2045_scenario;r120640472472-r120670201201-electricity-transmission;flow_out_electricity_from_bus;electricity;r120640472472_r120670201201;transmission;link;3726.3484865207342
2045_scenario;r120670124124-r120670201201-electricity-transmission;flow_out_electricity_from_bus;electricity;r120670124124_r120670201201;transmission;link;1491.9945447544114
2045_scenario;r120640428428-r120640472472-electricity-transmission;flow_out_electricity_to_bus;electricity;r120640428428_r120640472472;transmission;link;1.0370341889883978
2045_scenario;r120640428428-r120670124124-electricity-transmission;flow_out_electricity_to_bus;electricity;r120640428428_r120670124124;transmission;link;3.859096608396831
2045_scenario;r120640428428-r120670201201-electricity-transmission;flow_out_electricity_to_bus;electricity;r120640428428_r120670201201;transmission;link;2135.5498146011787
2045_scenario;r120640472472-r120670124124-electricity-transmission;flow_out_electricity_to_bus;electricity;r120640472472_r120670124124;transmission;link;0.2123677530664576
2045_scenario;r120640472472-r120670201201-electricity-transmission;flow_out_electricity_to_bus;electricity;r120640472472_r120670201201;transmission;link;7309.9340855623905
2045_scenario;r120670124124-r120670201201-electricity-transmission;flow_out_electricity_to_bus;electricity;r120670124124_r120670201201;transmission;link;2657.7670484430546
2045_scenario;r120640428428-r120640472472-electricity-transmission;summed_variable_costs_out_electricity_from_bus;electricity;r120640428428_r120640472472;transmission;link;1092.2221743128807
2045_scenario;r120640428428-r120670124124-electricity-transmission;summed_variable_costs_out_electricity_from_bus;electricity;r120640428428_r120670124124;transmission;link;547.7818521737046
2045_scenario;r120640428428-r120670201201-electricity-transmission;summed_variable_costs_out_electricity_from_bus;electricity;r120640428428_r120670201201;transmission;link;12419.893038645027
2045_scenario;r120640472472-r120670124124-electricity-transmission;summed_variable_costs_out_electricity_from_bus;electricity;r120640472472_r120670124124;transmission;link;3.0931386451707894
2045_scenario;r120640472472-r120670201201-electricity-transmission;summed_variable_costs_out_electricity_from_bus;electricity;r120640472472_r120670201201;transmission;link;21650.084706685466
2045_scenario;r120670124124-r120670201201-electricity-transmission;summed_variable_costs_out_electricity_from_bus;electricity;r120670124124_r120670201201;transmission;link;8668.48830502313
2045_scenario;r120640428428-r120640472472-electricity-transmission;summed_variable_costs_out_electricity_to_bus;electricity;r120640428428_r120640472472;transmission;link;6.025168638022591
2045_scenario;r120640428428-r120670124124-electricity-transmission;summed_variable_costs_out_electricity_to_bus;electricity;r120640428428_r120670124124;transmission;link;22.421351294785588
2045_scenario;r120640428428-r120670201201-electricity-transmission;summed_variable_costs_out_electricity_to_bus;electricity;r120640428428_r120670201201;transmission;link;12407.544422832847
2045_scenario;r120640472472-r120670124124-electricity-transmission;summed_variable_costs_out_electricity_to_bus;electricity;r120640472472_r120670124124;transmission;link;1.2338566453161186
2045_scenario;r120640472472-r120670201201-electricity-transmission;summed_variable_costs_out_electricity_to_bus;electricity;r120640472472_r120670201201;transmission;link;42470.71703711749
2045_scenario;r120670124124-r120670201201-electricity-transmission;summed_variable_costs_out_electricity_to_bus;electricity;r120670124124_r120670201201;transmission;link;15441.626551454146
2045_scenario;r120640428428-r120640472472-electricity-transmission;transmission_losses;electricity;r120640428428_r120640472472;transmission;link;1.9093644586152152
2045_scenario;r120640428428-r120670124124-electricity-transmission;transmission_losses;electricity;r120640428428_r120670124124;transmission;link;0.9913301751916492
2045_scenario;r120640428428-r120670201201-electricity-transmission;transmission_losses;electricity;r120640428428_r120670201201;transmission;link;43.163889256555194
2045_scenario;r120640472472-r120670124124-electricity-transmission;transmission_losses;electricity;r120640472472_r120670124124;transmission;link;0.007522723431365064
2045_scenario;r120640472472-r120670201201-electricity-transmission;transmission_losses;electricity;r120640472472_r120670201201;transmission;link;111.47760173821553
2045_scenario;r120670124124-r120670201201-electricity-transmission;transmission_losses;electricity;r120670124124_r120670201201;transmission;link;41.91678376967138
2045_scenario;r120640428428-electricity-wind;flow_out_electricity;electricity;r120640428428;wind;volatile;0.0
2045_scenario;r120640472472-electricity-wind;flow_out_electricity;electricity;r120640472472;wind;volatile;0.0
2045_scenario;r120670124124-electricity-wind;flow_out_electricity;electricity;r120670124124;wind;volatile;0.0
2045_scenario;r120670201201-electricity-wind;flow_out_electricity;electricity;r120670201201;wind;volatile;289924.7086035443
2045_scenario;r120640428428-electricity-wind;invest_costs_out_electricity;electricity;r120640428428;wind;volatile;0.0
2045_scenario;r120640472472-electricity-wind;invest_costs_out_electricity;electricity;r120640472472;wind;volatile;0.0
2045_scenario;r120670124124-electricity-wind;invest_costs_out_electricity;electricity;r120670124124;wind;volatile;0.0
2045_scenario;r120670201201-electricity-wind;invest_costs_out_electricity;electricity;r120670201201;wind;volatile;6324757.968981164
2045_scenario;r120640428428-electricity-wind;invest_out_electricity;electricity;r120640428428;wind;volatile;0.0
2045_scenario;r120640472472-electricity-wind;invest_out_electricity;electricity;r120640472472;wind;volatile;0.0
2045_scenario;r120670124124-electricity-wind;invest_out_electricity;electricity;r120670124124;wind;volatile;0.0
2045_scenario;r120670201201-electricity-wind;invest_out_electricity;electricity;r120670201201;wind;volatile;92.0395900328712
2045_scenario;r120640428428-h2-boiler_heat_high;flow_in_h2;h2;r120640428428;boiler_heat_high;conversion;0.0
2045_scenario;r120640472472-h2-boiler_heat_high;flow_in_h2;h2;r120640472472;boiler_heat_high;conversion;0.0
2045_scenario;r120670124124-h2-boiler_heat_high;flow_in_h2;h2;r120670124124;boiler_heat_high;conversion;0.0
2045_scenario;r120670201201-h2-boiler_heat_high;flow_in_h2;h2;r120670201201;boiler_heat_high;conversion;0.0
2045_scenario;r120640428428-h2-boiler_heat_high;flow_out_heat_high;h2;r120640428428;boiler_heat_high;conversion;0.0
2045_scenario;r120640472472-h2-boiler_heat_high;flow_out_heat_high;h2;r120640472472;boiler_heat_high;conversion;0.0
2045_scenario;r120670124124-h2-boiler_heat_high;flow_out_heat_high;h2;r120670124124;boiler_heat_high;conversion;0.0
2045_scenario;r120670201201-h2-boiler_heat_high;flow_out_heat_high;h2;r120670201201;boiler_heat_high;conversion;0.0
2045_scenario;r120640428428-h2-boiler_heat_high;invest_costs_out_heat_high;h2;r120640428428;boiler_heat_high;conversion;0.0
2045_scenario;r120640472472-h2-boiler_heat_high;invest_costs_out_heat_high;h2;r120640472472;boiler_heat_high;conversion;0.0
2045_scenario;r120670124124-h2-boiler_heat_high;invest_costs_out_heat_high;h2;r120670124124;boiler_heat_high;conversion;0.0
2045_scenario;r120670201201-h2-boiler_heat_high;invest_costs_out_heat_high;h2;r120670201201;boiler_heat_high;conversion;0.0
2045_scenario;r120640428428-h2-boiler_heat_high;invest_out_heat_high;h2;r120640428428;boiler_heat_high;conversion;0.0
2045_scenario;r120640472472-h2-boiler_heat_high;invest_out_heat_high;h2;r120640472472;boiler_heat_high;conversion;0.0
2045_scenario;r120670124124-h2-boiler_heat_high;invest_out_heat_high;h2;r120670124124;boiler_heat_high;conversion;0.0
2045_scenario;r120670201201-h2-boiler_heat_high;invest_out_heat_high;h2;r120670201201;boiler_heat_high;conversion;0.0
2045_scenario;r120640428428-h2-boiler_heat_high;summed_variable_costs_out_heat_high;h2;r120640428428;boiler_heat_high;conversion;0.0
2045_scenario;r120640472472-h2-boiler_heat_high;summed_variable_costs_out_heat_high;h2;r120640472472;boiler_heat_high;conversion;0.0
2045_scenario;r120670124124-h2-boiler_heat_high;summed_variable_costs_out_heat_high;h2;r120670124124;boiler_heat_high;conversion;0.0
2045_scenario;r120670201201-h2-boiler_heat_high;summed_variable_costs_out_heat_high;h2;r120670201201;boiler_heat_high;conversion;0.0
2045_scenario;r120640428428-h2-bpchp_heat_high;flow_in_h2;h2;r120640428428;bpchp_heat_high;backpressure;0.0
2045_scenario;r120640472472-h2-bpchp_heat_high;flow_in_h2;h2;r120640472472;bpchp_heat_high;backpressure;0.0
2045_scenario;r120670124124-h2-bpchp_heat_high;flow_in_h2;h2;r120670124124;bpchp_heat_high;backpressure;0.0
2045_scenario;r120670201201-h2-bpchp_heat_high;flow_in_h2;h2;r120670201201;bpchp_heat_high;backpressure;0.0
2045_scenario;r120640428428-h2-bpchp_heat_high;flow_out_electricity;h2;r120640428428;bpchp_heat_high;backpressure;0.0
2045_scenario;r120640472472-h2-bpchp_heat_high;flow_out_electricity;h2;r120640472472;bpchp_heat_high;backpressure;0.0
2045_scenario;r120670124124-h2-bpchp_heat_high;flow_out_electricity;h2;r120670124124;bpchp_heat_high;backpressure;0.0
2045_scenario;r120670201201-h2-bpchp_heat_high;flow_out_electricity;h2;r120670201201;bpchp_heat_high;backpressure;0.0
2045_scenario;r120640428428-h2-bpchp_heat_high;flow_out_heat_high;h2;r120640428428;bpchp_heat_high;backpressure;0.0
2045_scenario;r120640472472-h2-bpchp_heat_high;flow_out_heat_high;h2;r120640472472;bpchp_heat_high;backpressure;0.0
2045_scenario;r120670124124-h2-bpchp_heat_high;flow_out_heat_high;h2;r120670124124;bpchp_heat_high;backpressure;0.0
2045_scenario;r120670201201-h2-bpchp_heat_high;flow_out_heat_high;h2;r120670201201;bpchp_heat_high;backpressure;0.0
2045_scenario;r120640428428-h2-bpchp_heat_high;invest_costs_out_electricity;h2;r120640428428;bpchp_heat_high;backpressure;0.0
2045_scenario;r120640472472-h2-bpchp_heat_high;invest_costs_out_electricity;h2;r120640472472;bpchp_heat_high;backpressure;0.0
2045_scenario;r120670124124-h2-bpchp_heat_high;invest_costs_out_electricity;h2;r120670124124;bpchp_heat_high;backpressure;0.0
2045_scenario;r120670201201-h2-bpchp_heat_high;invest_costs_out_electricity;h2;r120670201201;bpchp_heat_high;backpressure;0.0
2045_scenario;r120640428428-h2-bpchp_heat_high;invest_out_electricity;h2;r120640428428;bpchp_heat_high;backpressure;0.0
2045_scenario;r120640472472-h2-bpchp_heat_high;invest_out_electricity;h2;r120640472472;bpchp_heat_high;backpressure;0.0
2045_scenario;r120670124124-h2-bpchp_heat_high;invest_out_electricity;h2;r120670124124;bpchp_heat_high;backpressure;0.0
2045_scenario;r120670201201-h2-bpchp_heat_high;invest_out_electricity;h2;r120670201201;bpchp_heat_high;backpressure;0.0
2045_scenario;r120640428428-h2-commodity;flow_out_h2;h2;r120640428428;commodity;shortage;0.0
2045_scenario;r120640472472-h2-commodity;flow_out_h2;h2;r120640472472;commodity;shortage;0.0
2045_scenario;r120670124124-h2-commodity;flow_out_h2;h2;r120670124124;commodity;shortage;0.0
2045_scenario;r120670201201-h2-commodity;flow_out_h2;h2;r120670201201;commodity;shortage;0.0
2045_scenario;r120640428428-h2-commodity;summed_variable_costs_out_h2;h2;r120640428428;commodity;shortage;0.0
2045_scenario;r120640472472-h2-commodity;summed_variable_costs_out_h2;h2;r120640472472;commodity;shortage;0.0
2045_scenario;r120670124124-h2-commodity;summed_variable_costs_out_h2;h2;r120670124124;commodity;shortage;0.0
2045_scenario;r120670201201-h2-commodity;summed_variable_costs_out_h2;h2;r120670201201;commodity;shortage;0.0
2045_scenario;r120640428428-h2-export;flow_in_h2;h2;r120640428428;export;excess;0.0
2045_scenario;r120640472472-h2-export;flow_in_h2;h2;r120640472472;export;excess;0.0
2045_scenario;r120670124124-h2-export;flow_in_h2;h2;r120670124124;export;excess;0.0
2045_scenario;r120670201201-h2-export;flow_in_h2;h2;r120670201201;export;excess;0.0
2045_scenario;r120640428428-r120640472472-h2-transmission;flow_in_h2_from_bus;h2;r120640428428_r120640472472;transmission;link;0.0
2045_scenario;r120640428428-r120670124124-h2-transmission;flow_in_h2_from_bus;h2;r120640428428_r120670124124;transmission;link;0.0
2045_scenario;r120640428428-r120670201201-h2-transmission;flow_in_h2_from_bus;h2;r120640428428_r120670201201;transmission;link;0.0
2045_scenario;r120640472472-r120670124124-h2-transmission;flow_in_h2_from_bus;h2;r120640472472_r120670124124;transmission;link;0.0
2045_scenario;r120640472472-r120670201201-h2-transmission;flow_in_h2_from_bus;h2;r120640472472_r120670201201;transmission;link;0.0
2045_scenario;r120670124124-r120670201201-h2-transmission;flow_in_h2_from_bus;h2;r120670124124_r120670201201;transmission;link;0.0
2045_scenario;r120640428428-r120640472472-h2-transmission;flow_in_h2_to_bus;h2;r120640428428_r120640472472;transmission;link;0.0
2045_scenario;r120640428428-r120670124124-h2-transmission;flow_in_h2_to_bus;h2;r120640428428_r120670124124;transmission;link;0.0
2045_scenario;r120640472472-r120670124124-h2-transmission;flow_in_h2_to_bus;h2;r120640472472_r120670124124;transmission;link;0.0
2045_scenario;r120640428428-r120670201201-h2-transmission;flow_in_h2_to_bus;h2;r120640428428_r120670201201;transmission;link;0.0
2045_scenario;r120640472472-r120670201201-h2-transmission;flow_in_h2_to_bus;h2;r120640472472_r120670201201;transmission;link;0.0
2045_scenario;r120670124124-r120670201201-h2-transmission;flow_in_h2_to_bus;h2;r120670124124_r120670201201;transmission;link;0.0
2045_scenario;r120640428428-r120640472472-h2-transmission;flow_out_h2_from_bus;h2;r120640428428_r120640472472;transmission;link;0.0
2045_scenario;r120640428428-r120670124124-h2-transmission;flow_out_h2_from_bus;h2;r120640428428_r120670124124;transmission;link;0.0
2045_scenario;r120640428428-r120670201201-h2-transmission;flow_out_h2_from_bus;h2;r120640428428_r120670201201;transmission;link;0.0
2045_scenario;r120640472472-r120670124124-h2-transmission;flow_out_h2_from_bus;h2;r120640472472_r120670124124;transmission;link;0.0
2045_scenario;r120640472472-r120670201201-h2-transmission;flow_out_h2_from_bus;h2;r120640472472_r120670201201;transmission;link;0.0
2045_scenario;r120670124124-r120670201201-h2-transmission;flow_out_h2_from_bus;h2;r120670124124_r120670201201;transmission;link;0.0
2045_scenario;r120640428428-r120640472472-h2-transmission;flow_out_h2_to_bus;h2;r120640428428_r120640472472;transmission;link;0.0
2045_scenario;r120640428428-r120670124124-h2-transmission;flow_out_h2_to_bus;h2;r120640428428_r120670124124;transmission;link;0.0
2045_scenario;r120640428428-r120670201201-h2-transmission;flow_out_h2_to_bus;h2;r120640428428_r120670201201;transmission;link;0.0
2045_scenario;r120640472472-r120670124124-h2-transmission;flow_out_h2_to_bus;h2;r120640472472_r120670124124;transmission;link;0.0
2045_scenario;r120640472472-r120670201201-h2-transmission;flow_out_h2_to_bus;h2;r120640472472_r120670201201;transmission;link;0.0
2045_scenario;r120670124124-r120670201201-h2-transmission;flow_out_h2_to_bus;h2;r120670124124_r120670201201;transmission;link;0.0
2045_scenario;r120640428428-r120640472472-h2-transmission;summed_variable_costs_out_h2_from_bus;h2;r120640428428_r120640472472;transmission;link;0.0
2045_scenario;r120640428428-r120670124124-h2-transmission;summed_variable_costs_out_h2_from_bus;h2;r120640428428_r120670124124;transmission;link;0.0
2045_scenario;r120640428428-r120670201201-h2-transmission;summed_variable_costs_out_h2_from_bus;h2;r120640428428_r120670201201;transmission;link;0.0
2045_scenario;r120640472472-r120670124124-h2-transmission;summed_variable_costs_out_h2_from_bus;h2;r120640472472_r120670124124;transmission;link;0.0
2045_scenario;r120640472472-r120670201201-h2-transmission;summed_variable_costs_out_h2_from_bus;h2;r120640472472_r120670201201;transmission;link;0.0
2045_scenario;r120670124124-r120670201201-h2-transmission;summed_variable_costs_out_h2_from_bus;h2;r120670124124_r120670201201;transmission;link;0.0
2045_scenario;r120640428428-r120640472472-h2-transmission;summed_variable_costs_out_h2_to_bus;h2;r120640428428_r120640472472;transmission;link;0.0
2045_scenario;r120640428428-r120670124124-h2-transmission;summed_variable_costs_out_h2_to_bus;h2;r120640428428_r120670124124;transmission;link;0.0
2045_scenario;r120640428428-r120670201201-h2-transmission;summed_variable_costs_out_h2_to_bus;h2;r120640428428_r120670201201;transmission;link;0.0
2045_scenario;r120640472472-r120670124124-h2-transmission;summed_variable_costs_out_h2_to_bus;h2;r120640472472_r120670124124;transmission;link;0.0
2045_scenario;r120640472472-r120670201201-h2-transmission;summed_variable_costs_out_h2_to_bus;h2;r120640472472_r120670201201;transmission;link;0.0
2045_scenario;r120670124124-r120670201201-h2-transmission;summed_variable_costs_out_h2_to_bus;h2;r120670124124_r120670201201;transmission;link;0.0
2045_scenario;r120640428428-r120640472472-h2-transmission;transmission_losses;h2;r120640428428_r120640472472;transmission;link;0.0
2045_scenario;r120640428428-r120670124124-h2-transmission;transmission_losses;h2;r120640428428_r120670124124;transmission;link;0.0
2045_scenario;r120640428428-r120670201201-h2-transmission;transmission_losses;h2;r120640428428_r120670201201;transmission;link;0.0
2045_scenario;r120640472472-r120670124124-h2-transmission;transmission_losses;h2;r120640472472_r120670124124;transmission;link;0.0
2045_scenario;r120640472472-r120670201201-h2-transmission;transmission_losses;h2;r120640472472_r120670201201;transmission;link;0.0
2045_scenario;r120670124124-r120670201201-h2-transmission;transmission_losses;h2;r120670124124_r120670201201;transmission;link;0.0
2045_scenario;r120640428428-heat_high-demand_ind;flow_in_heat_high;heat_high;r120640428428;demand_ind;load;4637.3071033361675
2045_scenario;r120640472472-heat_high-demand_ind;flow_in_heat_high;heat_high;r120640472472;demand_ind;load;3927.526073899517
2045_scenario;r120670124124-heat_high-demand_ind;flow_in_heat_high;heat_high;r120670124124;demand_ind;load;2727.7576444361844
2045_scenario;r120670201201-heat_high-demand_ind;flow_in_heat_high;heat_high;r120670201201;demand_ind;load;79110.26369319638
2045_scenario;r120640428428-heat_low_central-demand_cts;flow_in_heat_low_central;heat_low_central;r120640428428;demand_cts;load;254.3048191227834
2045_scenario;r120640472472-heat_low_central-demand_cts;flow_in_heat_low_central;heat_low_central;r120640472472;demand_cts;load;4332.122318166934
2045_scenario;r120670124124-heat_low_central-demand_cts;flow_in_heat_low_central;heat_low_central;r120670124124;demand_cts;load;6.37862121270399
2045_scenario;r120670201201-heat_low_central-demand_cts;flow_in_heat_low_central;heat_low_central;r120670201201;demand_cts;load;715.1920101568411
2045_scenario;r120640428428-heat_low_central-demand_hh;flow_in_heat_low_central;heat_low_central;r120640428428;demand_hh;load;400.8599830915628
2045_scenario;r120640472472-heat_low_central-demand_hh;flow_in_heat_low_central;heat_low_central;r120640472472;demand_hh;load;6188.238586939903
2045_scenario;r120670124124-heat_low_central-demand_hh;flow_in_heat_low_central;heat_low_central;r120670124124;demand_hh;load;15.676058589092591
2045_scenario;r120670201201-heat_low_central-demand_hh;flow_in_heat_low_central;heat_low_central;r120670201201;demand_hh;load;1919.7125052752187
2045_scenario;r120640428428-heat_low_central-demand_ind;flow_in_heat_low_central;heat_low_central;r120640428428;demand_ind;load;24.099639938017795
2045_scenario;r120640472472-heat_low_central-demand_ind;flow_in_heat_low_central;heat_low_central;r120640472472;demand_ind;load;245.82399159586745
2045_scenario;r120670124124-heat_low_central-demand_ind;flow_in_heat_low_central;heat_low_central;r120670124124;demand_ind;load;0.8994329109801891
2045_scenario;r120670201201-heat_low_central-demand_ind;flow_in_heat_low_central;heat_low_central;r120670201201;demand_ind;load;2006.6006630703273
2045_scenario;r120640428428-heat_low_central-storage;flow_in_heat_low_central;heat_low_central;r120640428428;storage;storage;1333.4171400585226
2045_scenario;r120640472472-heat_low_central-storage;flow_in_heat_low_central;heat_low_central;r120640472472;storage;storage;1041.651369901532
2045_scenario;r120670124124-heat_low_central-storage;flow_in_heat_low_central;heat_low_central;r120670124124;storage;storage;2.2445753019605803
2045_scenario;r120670201201-heat_low_central-storage;flow_in_heat_low_central;heat_low_central;r120670201201;storage;storage;536.9906763771655
2045_scenario;r120640428428-heat_low_central-storage;flow_out_heat_low_central;heat_low_central;r120640428428;storage;storage;27.728710490523483
2045_scenario;r120640472472-heat_low_central-storage;flow_out_heat_low_central;heat_low_central;r120640472472;storage;storage;593.3540075727699
2045_scenario;r120670124124-heat_low_central-storage;flow_out_heat_low_central;heat_low_central;r120670124124;storage;storage;1.274642922913089
2045_scenario;r120670201201-heat_low_central-storage;flow_out_heat_low_central;heat_low_central;r120670201201;storage;storage;313.96642494356115
2045_scenario;r120640428428-heat_low_central-storage;invest;heat_low_central;r120640428428;storage;storage;2.114279089835754
2045_scenario;r120640472472-heat_low_central-storage;invest;heat_low_central;r120640472472;storage;storage;7.601360263457354
2045_scenario;r120670124124-heat_low_central-storage;invest;heat_low_central;r120670124124;storage;storage;0.016483473502725787
2045_scenario;r120670201201-heat_low_central-storage;invest;heat_low_central;r120670201201;storage;storage;3.5240263912073413
2045_scenario;r120640428428-heat_low_central-storage;invest_costs;heat_low_central;r120640428428;storage;storage;358.3958432692319
2045_scenario;r120640472472-heat_low_central-storage;invest_costs;heat_low_central;r120640472472;storage;storage;1288.5223784844145
2045_scenario;r120670124124-heat_low_central-storage;invest_costs;heat_low_central;r120670124124;storage;storage;2.7941478560781556
2045_scenario;r120670201201-heat_low_central-storage;invest_costs;heat_low_central;r120670201201;storage;storage;597.365038632576
2045_scenario;r120640428428-heat_low_central-storage;invest_costs_in_heat_low_central;heat_low_central;r120640428428;storage;storage;3.1285627597840007
2045_scenario;r120640472472-heat_low_central-storage;invest_costs_in_heat_low_central;heat_low_central;r120640472472;storage;storage;31.65880622070072
2045_scenario;r120670124124-heat_low_central-storage;invest_costs_in_heat_low_central;heat_low_central;r120670124124;storage;storage;0.06594137313806604
2045_scenario;r120670201201-heat_low_central-storage;invest_costs_in_heat_low_central;heat_low_central;r120670201201;storage;storage;8.408186303699344
2045_scenario;r120640428428-heat_low_central-storage;invest_costs_out_heat_low_central;heat_low_central;r120640428428;storage;storage;0.0
2045_scenario;r120640472472-heat_low_central-storage;invest_costs_out_heat_low_central;heat_low_central;r120640472472;storage;storage;0.0
2045_scenario;r120670124124-heat_low_central-storage;invest_costs_out_heat_low_central;heat_low_central;r120670124124;storage;storage;0.0
2045_scenario;r120670201201-heat_low_central-storage;invest_costs_out_heat_low_central;heat_low_central;r120670201201;storage;storage;0.0
2045_scenario;r120640428428-heat_low_central-storage;invest_in_heat_low_central;heat_low_central;r120640428428;storage;storage;0.3436073335867004
2045_scenario;r120640472472-heat_low_central-storage;invest_in_heat_low_central;heat_low_central;r120640472472;storage;storage;3.477059220248489
2045_scenario;r120670124124-heat_low_central-storage;invest_in_heat_low_central;heat_low_central;r120670124124;storage;storage;0.007242283801454209
2045_scenario;r120670201201-heat_low_central-storage;invest_in_heat_low_central;heat_low_central;r120670201201;storage;storage;0.9234638068484244
2045_scenario;r120640428428-heat_low_central-storage;invest_out_heat_low_central;heat_low_central;r120640428428;storage;storage;0.3436073335867004
2045_scenario;r120640472472-heat_low_central-storage;invest_out_heat_low_central;heat_low_central;r120640472472;storage;storage;3.477059220248489
2045_scenario;r120670124124-heat_low_central-storage;invest_out_heat_low_central;heat_low_central;r120670124124;storage;storage;0.007242283801454209
2045_scenario;r120670201201-heat_low_central-storage;invest_out_heat_low_central;heat_low_central;r120670201201;storage;storage;0.9234638068484244
2045_scenario;r120640428428-heat_low_central-storage;storage_losses;heat_low_central;r120640428428;storage;storage;1305.688429567999
2045_scenario;r120640472472-heat_low_central-storage;storage_losses;heat_low_central;r120640472472;storage;storage;448.2973623287621
2045_scenario;r120670124124-heat_low_central-storage;storage_losses;heat_low_central;r120670124124;storage;storage;0.9699323790474914
2045_scenario;r120670201201-heat_low_central-storage;storage_losses;heat_low_central;r120670201201;storage;storage;223.02425143360438
2045_scenario;r120640428428-heat_low_central-storage;summed_variable_costs_in_heat_low_central;heat_low_central;r120640428428;storage;storage;133.34171400585225
2045_scenario;r120640472472-heat_low_central-storage;summed_variable_costs_in_heat_low_central;heat_low_central;r120640472472;storage;storage;104.1651369901532
2045_scenario;r120670124124-heat_low_central-storage;summed_variable_costs_in_heat_low_central;heat_low_central;r120670124124;storage;storage;0.22445753019605805
2045_scenario;r120670201201-heat_low_central-storage;summed_variable_costs_in_heat_low_central;heat_low_central;r120670201201;storage;storage;53.69906763771655
2045_scenario;r120640428428-heat_low_decentral-demand_cts;flow_in_heat_low_decentral;heat_low_decentral;r120640428428;demand_cts;load;11979.171979321722
2045_scenario;r120640472472-heat_low_decentral-demand_cts;flow_in_heat_low_decentral;heat_low_decentral;r120640472472;demand_cts;load;12971.440333978917
2045_scenario;r120670124124-heat_low_decentral-demand_cts;flow_in_heat_low_decentral;heat_low_decentral;r120670124124;demand_cts;load;4829.816652915781
2045_scenario;r120670201201-heat_low_decentral-demand_cts;flow_in_heat_low_decentral;heat_low_decentral;r120670201201;demand_cts;load;6333.92214046211
2045_scenario;r120640428428-heat_low_decentral-demand_hh;flow_in_heat_low_decentral;heat_low_decentral;r120640428428;demand_hh;load;45318.56558892815
2045_scenario;r120640472472-heat_low_decentral-demand_hh;flow_in_heat_low_decentral;heat_low_decentral;r120640472472;demand_hh;load;44469.86213642236
2045_scenario;r120670124124-heat_low_decentral-demand_hh;flow_in_heat_low_decentral;heat_low_decentral;r120670124124;demand_hh;load;28487.3434433975
2045_scenario;r120670201201-heat_low_decentral-demand_hh;flow_in_heat_low_decentral;heat_low_decentral;r120670201201;demand_hh;load;40803.50798488867
2045_scenario;r120640428428-heat_low_decentral-demand_ind;flow_in_heat_low_decentral;heat_low_decentral;r120640428428;demand_ind;load;1135.2271358957557
2045_scenario;r120640472472-heat_low_decentral-demand_ind;flow_in_heat_low_decentral;heat_low_decentral;r120640472472;demand_ind;load;736.0575268787832
2045_scenario;r120670124124-heat_low_decentral-demand_ind;flow_in_heat_low_decentral;heat_low_decentral;r120670124124;demand_ind;load;681.0399781979074
2045_scenario;r120670201201-heat_low_decentral-demand_ind;flow_in_heat_low_decentral;heat_low_decentral;r120670201201;demand_ind;load;17770.96526022415
2045_scenario;r120640428428-heat_low_decentral-solarthermal_plant;flow_out_heat_low_decentral;heat_low_decentral;r120640428428;solarthermal_plant;volatile;0.0
2045_scenario;r120640472472-heat_low_decentral-solarthermal_plant;flow_out_heat_low_decentral;heat_low_decentral;r120640472472;solarthermal_plant;volatile;0.0
2045_scenario;r120670124124-heat_low_decentral-solarthermal_plant;flow_out_heat_low_decentral;heat_low_decentral;r120670124124;solarthermal_plant;volatile;0.0
2045_scenario;r120670201201-heat_low_decentral-solarthermal_plant;flow_out_heat_low_decentral;heat_low_decentral;r120670201201;solarthermal_plant;volatile;0.0
2045_scenario;r120640428428-heat_low_decentral-solarthermal_plant;invest_costs_out_heat_low_decentral;heat_low_decentral;r120640428428;solarthermal_plant;volatile;0.0
2045_scenario;r120640472472-heat_low_decentral-solarthermal_plant;invest_costs_out_heat_low_decentral;heat_low_decentral;r120640472472;solarthermal_plant;volatile;0.0
2045_scenario;r120670124124-heat_low_decentral-solarthermal_plant;invest_costs_out_heat_low_decentral;heat_low_decentral;r120670124124;solarthermal_plant;volatile;0.0
2045_scenario;r120670201201-heat_low_decentral-solarthermal_plant;invest_costs_out_heat_low_decentral;heat_low_decentral;r120670201201;solarthermal_plant;volatile;0.0
2045_scenario;r120640428428-heat_low_decentral-solarthermal_plant;invest_out_heat_low_decentral;heat_low_decentral;r120640428428;solarthermal_plant;volatile;0.0
2045_scenario;r120640472472-heat_low_decentral-solarthermal_plant;invest_out_heat_low_decentral;heat_low_decentral;r120640472472;solarthermal_plant;volatile;0.0
2045_scenario;r120670124124-heat_low_decentral-solarthermal_plant;invest_out_heat_low_decentral;heat_low_decentral;r120670124124;solarthermal_plant;volatile;0.0
2045_scenario;r120670201201-heat_low_decentral-solarthermal_plant;invest_out_heat_low_decentral;heat_low_decentral;r120670201201;solarthermal_plant;volatile;0.0
2045_scenario;r120640428428-heat_low_decentral-storage;flow_in_heat_low_decentral;heat_low_decentral;r120640428428;storage;storage;745.465779911002
2045_scenario;r120640472472-heat_low_decentral-storage;flow_in_heat_low_decentral;heat_low_decentral;r120640472472;storage;storage;729.8385609214802
2045_scenario;r120670124124-heat_low_decentral-storage;flow_in_heat_low_decentral;heat_low_decentral;r120670124124;storage;storage;508.34885957594224
2045_scenario;r120670201201-heat_low_decentral-storage;flow_in_heat_low_decentral;heat_low_decentral;r120670201201;storage;storage;713.1845339327706
2045_scenario;r120640428428-heat_low_decentral-storage;flow_out_heat_low_decentral;heat_low_decentral;r120640428428;storage;storage;647.1780431771261
2045_scenario;r120640472472-heat_low_decentral-storage;flow_out_heat_low_decentral;heat_low_decentral;r120640472472;storage;storage;629.2518334089573
2045_scenario;r120670124124-heat_low_decentral-storage;flow_out_heat_low_decentral;heat_low_decentral;r120670124124;storage;storage;437.6210197412316
2045_scenario;r120670201201-heat_low_decentral-storage;flow_out_heat_low_decentral;heat_low_decentral;r120670201201;storage;storage;623.1917912887778
2045_scenario;r120640428428-heat_low_decentral-storage;invest;heat_low_decentral;r120640428428;storage;storage;1.935466550587578
2045_scenario;r120640472472-heat_low_decentral-storage;invest;heat_low_decentral;r120640472472;storage;storage;1.8597588396540787
2045_scenario;r120670124124-heat_low_decentral-storage;invest;heat_low_decentral;r120670124124;storage;storage;1.304224248100225
2045_scenario;r120670201201-heat_low_decentral-storage;invest;heat_low_decentral;r120670201201;storage;storage;1.8870326942844289
2045_scenario;r120640428428-heat_low_decentral-storage;invest_costs;heat_low_decentral;r120640428428;storage;storage;82696.5873148662
2045_scenario;r120640472472-heat_low_decentral-storage;invest_costs;heat_low_decentral;r120640472472;storage;storage;79461.82754817321
2045_scenario;r120670124124-heat_low_decentral-storage;invest_costs;heat_low_decentral;r120670124124;storage;storage;55725.52745922832
2045_scenario;r120670201201-heat_low_decentral-storage;invest_costs;heat_low_decentral;r120670201201;storage;storage;80627.15623864683
2045_scenario;r120640428428-heat_low_decentral-storage;invest_costs_in_heat_low_decentral;heat_low_decentral;r120640428428;storage;storage;8221.093045841115
2045_scenario;r120640472472-heat_low_decentral-storage;invest_costs_in_heat_low_decentral;heat_low_decentral;r120640472472;storage;storage;7899.516764565167
2045_scenario;r120670124124-heat_low_decentral-storage;invest_costs_in_heat_low_decentral;heat_low_decentral;r120670124124;storage;storage;5539.826504890532
2045_scenario;r120670201201-heat_low_decentral-storage;invest_costs_in_heat_low_decentral;heat_low_decentral;r120670201201;storage;storage;8015.365264538873
2045_scenario;r120640428428-heat_low_decentral-storage;invest_costs_out_heat_low_decentral;heat_low_decentral;r120640428428;storage;storage;0.0
2045_scenario;r120640472472-heat_low_decentral-storage;invest_costs_out_heat_low_decentral;heat_low_decentral;r120640472472;storage;storage;0.0
2045_scenario;r120670124124-heat_low_decentral-storage;invest_costs_out_heat_low_decentral;heat_low_decentral;r120670124124;storage;storage;0.0
2045_scenario;r120670201201-heat_low_decentral-storage;invest_costs_out_heat_low_decentral;heat_low_decentral;r120670201201;storage;storage;0.0
2045_scenario;r120640428428-heat_low_decentral-storage;invest_in_heat_low_decentral;heat_low_decentral;r120640428428;storage;storage;1.894821753025239
2045_scenario;r120640472472-heat_low_decentral-storage;invest_in_heat_low_decentral;heat_low_decentral;r120640472472;storage;storage;1.820703904021343
2045_scenario;r120670124124-heat_low_decentral-storage;invest_in_heat_low_decentral;heat_low_decentral;r120670124124;storage;storage;1.2768355388901202
2045_scenario;r120670201201-heat_low_decentral-storage;invest_in_heat_low_decentral;heat_low_decentral;r120670201201;storage;storage;1.847405007704456
2045_scenario;r120640428428-heat_low_decentral-storage;invest_out_heat_low_decentral;heat_low_decentral;r120640428428;storage;storage;1.894821753025239
2045_scenario;r120640472472-heat_low_decentral-storage;invest_out_heat_low_decentral;heat_low_decentral;r120640472472;storage;storage;1.820703904021343
2045_scenario;r120670124124-heat_low_decentral-storage;invest_out_heat_low_decentral;heat_low_decentral;r120670124124;storage;storage;1.2768355388901202
2045_scenario;r120670201201-heat_low_decentral-storage;invest_out_heat_low_decentral;heat_low_decentral;r120670201201;storage;storage;1.847405007704456
2045_scenario;r120640428428-heat_low_decentral-storage;storage_losses;heat_low_decentral;r120640428428;storage;storage;98.28773673387582
2045_scenario;r120640472472-heat_low_decentral-storage;storage_losses;heat_low_decentral;r120640472472;storage;storage;100.58672751252288
2045_scenario;r120670124124-heat_low_decentral-storage;storage_losses;heat_low_decentral;r120670124124;storage;storage;70.72783983471066
2045_scenario;r120670201201-heat_low_decentral-storage;storage_losses;heat_low_decentral;r120670201201;storage;storage;89.99274264399276
2045_scenario;r120640428428-heat_low_decentral-storage;summed_variable_costs_in_heat_low_decentral;heat_low_decentral;r120640428428;storage;storage;74.5465779911002
2045_scenario;r120640472472-heat_low_decentral-storage;summed_variable_costs_in_heat_low_decentral;heat_low_decentral;r120640472472;storage;storage;72.98385609214802
2045_scenario;r120670124124-heat_low_decentral-storage;summed_variable_costs_in_heat_low_decentral;heat_low_decentral;r120670124124;storage;storage;50.834885957594224
2045_scenario;r120670201201-heat_low_decentral-storage;summed_variable_costs_in_heat_low_decentral;heat_low_decentral;r120670201201;storage;storage;71.31845339327707
2045_scenario;r120640428428-heat_low_decentral-storage;summed_variable_costs_out_heat_low_decentral;heat_low_decentral;r120640428428;storage;storage;821.9161148349502
2045_scenario;r120640472472-heat_low_decentral-storage;summed_variable_costs_out_heat_low_decentral;heat_low_decentral;r120640472472;storage;storage;799.1498284293757
2045_scenario;r120670124124-heat_low_decentral-storage;summed_variable_costs_out_heat_low_decentral;heat_low_decentral;r120670124124;storage;storage;555.7786950713642
2045_scenario;r120670201201-heat_low_decentral-storage;summed_variable_costs_out_heat_low_decentral;heat_low_decentral;r120670201201;storage;storage;791.4535749367478
2045_scenario;r120640428428-residual_waste-bpchp_heat_high;flow_in_residual_waste;residual_waste;r120640428428;bpchp_heat_high;backpressure;5790.745641181844
2045_scenario;r120640472472-residual_waste-bpchp_heat_high;flow_in_residual_waste;residual_waste;r120640472472;bpchp_heat_high;backpressure;0.0
2045_scenario;r120670124124-residual_waste-bpchp_heat_high;flow_in_residual_waste;residual_waste;r120670124124;bpchp_heat_high;backpressure;0.0
2045_scenario;r120670201201-residual_waste-bpchp_heat_high;flow_in_residual_waste;residual_waste;r120670201201;bpchp_heat_high;backpressure;0.0
2045_scenario;r120640428428-residual_waste-bpchp_heat_high;flow_out_electricity;residual_waste;r120640428428;bpchp_heat_high;backpressure;1216.0565846481868
2045_scenario;r120640472472-residual_waste-bpchp_heat_high;flow_out_electricity;residual_waste;r120640472472;bpchp_heat_high;backpressure;0.0
2045_scenario;r120670124124-residual_waste-bpchp_heat_high;flow_out_electricity;residual_waste;r120670124124;bpchp_heat_high;backpressure;0.0
2045_scenario;r120670201201-residual_waste-bpchp_heat_high;flow_out_electricity;residual_waste;r120670201201;bpchp_heat_high;backpressure;0.0
2045_scenario;r120640428428-residual_waste-bpchp_heat_high;flow_out_heat_high;residual_waste;r120640428428;bpchp_heat_high;backpressure;4400.966687298201
2045_scenario;r120640472472-residual_waste-bpchp_heat_high;flow_out_heat_high;residual_waste;r120640472472;bpchp_heat_high;backpressure;0.0
2045_scenario;r120670124124-residual_waste-bpchp_heat_high;flow_out_heat_high;residual_waste;r120670124124;bpchp_heat_high;backpressure;0.0
2045_scenario;r120670201201-residual_waste-bpchp_heat_high;flow_out_heat_high;residual_waste;r120670201201;bpchp_heat_high;backpressure;0.0
2045_scenario;r120640428428-residual_waste-bpchp_heat_high;invest_costs_out_electricity;residual_waste;r120640428428;bpchp_heat_high;backpressure;119552.64148383215
2045_scenario;r120640472472-residual_waste-bpchp_heat_high;invest_costs_out_electricity;residual_waste;r120640472472;bpchp_heat_high;backpressure;0.0
2045_scenario;r120670124124-residual_waste-bpchp_heat_high;invest_costs_out_electricity;residual_waste;r120670124124;bpchp_heat_high;backpressure;0.0
2045_scenario;r120670201201-residual_waste-bpchp_heat_high;invest_costs_out_electricity;residual_waste;r120670201201;bpchp_heat_high;backpressure;0.0
2045_scenario;r120640428428-residual_waste-bpchp_heat_high;invest_out_electricity;residual_waste;r120640428428;bpchp_heat_high;backpressure;0.17696374113452545
2045_scenario;r120640472472-residual_waste-bpchp_heat_high;invest_out_electricity;residual_waste;r120640472472;bpchp_heat_high;backpressure;0.0
2045_scenario;r120670124124-residual_waste-bpchp_heat_high;invest_out_electricity;residual_waste;r120670124124;bpchp_heat_high;backpressure;0.0
2045_scenario;r120670201201-residual_waste-bpchp_heat_high;invest_out_electricity;residual_waste;r120670201201;bpchp_heat_high;backpressure;0.0
2045_scenario;r120640428428-residual_waste-bpchp_heat_low_central;flow_in_residual_waste;residual_waste;r120640428428;bpchp_heat_low_central;backpressure;2611.780094368899
2045_scenario;r120640472472-residual_waste-bpchp_heat_low_central;flow_in_residual_waste;residual_waste;r120640472472;bpchp_heat_low_central;backpressure;0.0
2045_scenario;r120670124124-residual_waste-bpchp_heat_low_central;flow_in_residual_waste;residual_waste;r120670124124;bpchp_heat_low_central;backpressure;0.0
2045_scenario;r120670201201-residual_waste-bpchp_heat_low_central;flow_in_residual_waste;residual_waste;r120670201201;bpchp_heat_low_central;backpressure;0.0
2045_scenario;r120640428428-residual_waste-bpchp_heat_low_central;flow_out_electricity;residual_waste;r120640428428;bpchp_heat_low_central;backpressure;548.4738198174689
2045_scenario;r120640472472-residual_waste-bpchp_heat_low_central;flow_out_electricity;residual_waste;r120640472472;bpchp_heat_low_central;backpressure;0.0
2045_scenario;r120670124124-residual_waste-bpchp_heat_low_central;flow_out_electricity;residual_waste;r120670124124;bpchp_heat_low_central;backpressure;0.0
2045_scenario;r120670201201-residual_waste-bpchp_heat_low_central;flow_out_electricity;residual_waste;r120670201201;bpchp_heat_low_central;backpressure;0.0
2045_scenario;r120640428428-residual_waste-bpchp_heat_low_central;flow_out_heat_low_central;residual_waste;r120640428428;bpchp_heat_low_central;backpressure;1984.9528717203625
2045_scenario;r120640472472-residual_waste-bpchp_heat_low_central;flow_out_heat_low_central;residual_waste;r120640472472;bpchp_heat_low_central;backpressure;0.0
2045_scenario;r120670124124-residual_waste-bpchp_heat_low_central;flow_out_heat_low_central;residual_waste;r120670124124;bpchp_heat_low_central;backpressure;0.0
2045_scenario;r120670201201-residual_waste-bpchp_heat_low_central;flow_out_heat_low_central;residual_waste;r120670201201;bpchp_heat_low_central;backpressure;0.0
2045_scenario;r120640428428-residual_waste-bpchp_heat_low_central;invest_costs_out_electricity;residual_waste;r120640428428;bpchp_heat_low_central;backpressure;43968.03922964569
2045_scenario;r120640472472-residual_waste-bpchp_heat_low_central;invest_costs_out_electricity;residual_waste;r120640472472;bpchp_heat_low_central;backpressure;0.0
2045_scenario;r120670124124-residual_waste-bpchp_heat_low_central;invest_costs_out_electricity;residual_waste;r120670124124;bpchp_heat_low_central;backpressure;0.0
2045_scenario;r120670201201-residual_waste-bpchp_heat_low_central;invest_costs_out_electricity;residual_waste;r120670201201;bpchp_heat_low_central;backpressure;0.0
2045_scenario;r120640428428-residual_waste-bpchp_heat_low_central;invest_out_electricity;residual_waste;r120640428428;bpchp_heat_low_central;backpressure;0.06508219823382086
2045_scenario;r120640472472-residual_waste-bpchp_heat_low_central;invest_out_electricity;residual_waste;r120640472472;bpchp_heat_low_central;backpressure;0.0
2045_scenario;r120670124124-residual_waste-bpchp_heat_low_central;invest_out_electricity;residual_waste;r120670124124;bpchp_heat_low_central;backpressure;0.0
2045_scenario;r120670201201-residual_waste-bpchp_heat_low_central;invest_out_electricity;residual_waste;r120670201201;bpchp_heat_low_central;backpressure;0.0
2045_scenario;r120640428428-residual_waste-commodity;flow_out_residual_waste;residual_waste;r120640428428;commodity;shortage;8402.525735550742
2045_scenario;r120640472472-residual_waste-commodity;flow_out_residual_waste;residual_waste;r120640472472;commodity;shortage;0.0
2045_scenario;r120670124124-residual_waste-commodity;flow_out_residual_waste;residual_waste;r120670124124;commodity;shortage;0.0
2045_scenario;r120670201201-residual_waste-commodity;flow_out_residual_waste;residual_waste;r120670201201;commodity;shortage;0.0
2045_scenario;system;total_system_cost;;;;;102530037.42924386
