scenario;name;var_name;carrier;region;tech;type;var_value
2045_scenario;r120640428428-biomass_gas-bpchp_heat_high;flow_in_biomass_gas;biomass_gas;r120640428428;bpchp_heat_high;backpressure;0.0
2045_scenario;r120640472472-biomass_gas-bpchp_heat_high;flow_in_biomass_gas;biomass_gas;r120640472472;bpchp_heat_high;backpressure;0.0
2045_scenario;r120670124124-biomass_gas-bpchp_heat_high;flow_in_biomass_gas;biomass_gas;r120670124124;bpchp_heat_high;backpressure;0.0
2045_scenario;r120670201201-biomass_gas-bpchp_heat_high;flow_in_biomass_gas;biomass_gas;r120670201201;bpchp_heat_high;backpressure;0.0
2045_scenario;r120640428428-biomass_gas-bpchp_heat_high;flow_out_electricity;biomass_gas;r120640428428;bpchp_heat_high;backpressure;0.0
2045_scenario;r120640472472-biomass_gas-bpchp_heat_high;flow_out_electricity;biomass_gas;r120640472472;bpchp_heat_high;backpressure;0.0
2045_scenario;r120670124124-biomass_gas-bpchp_heat_high;flow_out_electricity;biomass_gas;r120670124124;bpchp_heat_high;backpressure;0.0
2045_scenario;r120670201201-biomass_gas-bpchp_heat_high;flow_out_electricity;biomass_gas;r120670201201;bpchp_heat_high;backpressure;0.0
2045_scenario;r120640428428-biomass_gas-bpchp_heat_high;flow_out_heat_high;biomass_gas;r120640428428;bpchp_heat_high;backpressure;0.0
2045_scenario;r120640472472-biomass_gas-bpchp_heat_high;flow_out_heat_high;biomass_gas;r120640472472;bpchp_heat_high;backpressure;0.0
2045_scenario;r120670124124-biomass_gas-bpchp_heat_high;flow_out_heat_high;biomass_gas;r120670124124;bpchp_heat_high;backpressure;0.0
2045_scenario;r120670201201-biomass_gas-bpchp_heat_high;flow_out_heat_high;biomass_gas;r120670201201;bpchp_heat_high;backpressure;0.0
2045_scenario;r120640428428-biomass_gas-bpchp_heat_high;invest_costs_out_electricity;biomass_gas;r120640428428;bpchp_heat_high;backpressure;0.0
2045_scenario;r120640472472-biomass_gas-bpchp_heat_high;invest_costs_out_electricity;biomass_gas;r120640472472;bpchp_heat_high;backpressure;0.0
2045_scenario;r120670124124-biomass_gas-bpchp_heat_high;invest_costs_out_electricity;biomass_gas;r120670124124;bpchp_heat_high;backpressure;0.0
2045_scenario;r120670201201-biomass_gas-bpchp_heat_high;invest_costs_out_electricity;biomass_gas;r120670201201;bpchp_heat_high;backpressure;0.0
2045_scenario;r120640428428-biomass_gas-bpchp_heat_high;invest_out_electricity;biomass_gas;r120640428428;bpchp_heat_high;backpressure;0.0
2045_scenario;r120640472472-biomass_gas-bpchp_heat_high;invest_out_electricity;biomass_gas;r120640472472;bpchp_heat_high;backpressure;0.0
2045_scenario;r120670124124-biomass_gas-bpchp_heat_high;invest_out_electricity;biomass_gas;r120670124124;bpchp_heat_high;backpressure;0.0
2045_scenario;r120670201201-biomass_gas-bpchp_heat_high;invest_out_electricity;biomass_gas;r120670201201;bpchp_heat_high;backpressure;0.0
2045_scenario;r120640428428-biomass_gas-bpchp_heat_low_central;flow_in_biomass_gas;biomass_gas;r120640428428;bpchp_heat_low_central;backpressure;0.0
2045_scenario;r120640472472-biomass_gas-bpchp_heat_low_central;flow_in_biomass_gas;biomass_gas;r120640472472;bpchp_heat_low_central;backpressure;0.0
2045_scenario;r120670124124-biomass_gas-bpchp_heat_low_central;flow_in_biomass_gas;biomass_gas;r120670124124;bpchp_heat_low_central;backpressure;0.0
2045_scenario;r120670201201-biomass_gas-bpchp_heat_low_central;flow_in_biomass_gas;biomass_gas;r120670201201;bpchp_heat_low_central;backpressure;0.0
2045_scenario;r120640428428-biomass_gas-bpchp_heat_low_central;flow_out_electricity;biomass_gas;r120640428428;bpchp_heat_low_central;backpressure;0.0
2045_scenario;r120640472472-biomass_gas-bpchp_heat_low_central;flow_out_electricity;biomass_gas;r120640472472;bpchp_heat_low_central;backpressure;0.0
2045_scenario;r120670124124-biomass_gas-bpchp_heat_low_central;flow_out_electricity;biomass_gas;r120670124124;bpchp_heat_low_central;backpressure;0.0
2045_scenario;r120670201201-biomass_gas-bpchp_heat_low_central;flow_out_electricity;biomass_gas;r120670201201;bpchp_heat_low_central;backpressure;0.0
2045_scenario;r120640428428-biomass_gas-bpchp_heat_low_central;flow_out_heat_low_central;biomass_gas;r120640428428;bpchp_heat_low_central;backpressure;0.0
2045_scenario;r120640472472-biomass_gas-bpchp_heat_low_central;flow_out_heat_low_central;biomass_gas;r120640472472;bpchp_heat_low_central;backpressure;0.0
2045_scenario;r120670124124-biomass_gas-bpchp_heat_low_central;flow_out_heat_low_central;biomass_gas;r120670124124;bpchp_heat_low_central;backpressure;0.0
2045_scenario;r120670201201-biomass_gas-bpchp_heat_low_central;flow_out_heat_low_central;biomass_gas;r120670201201;bpchp_heat_low_central;backpressure;0.0
2045_scenario;r120640428428-biomass_gas-bpchp_heat_low_central;invest_costs_out_electricity;biomass_gas;r120640428428;bpchp_heat_low_central;backpressure;0.0
2045_scenario;r120640472472-biomass_gas-bpchp_heat_low_central;invest_costs_out_electricity;biomass_gas;r120640472472;bpchp_heat_low_central;backpressure;0.0
2045_scenario;r120670124124-biomass_gas-bpchp_heat_low_central;invest_costs_out_electricity;biomass_gas;r120670124124;bpchp_heat_low_central;backpressure;0.0
2045_scenario;r120670201201-biomass_gas-bpchp_heat_low_central;invest_costs_out_electricity;biomass_gas;r120670201201;bpchp_heat_low_central;backpressure;0.0
2045_scenario;r120640428428-biomass_gas-bpchp_heat_low_central;invest_out_electricity;biomass_gas;r120640428428;bpchp_heat_low_central;backpressure;0.0
2045_scenario;r120640472472-biomass_gas-bpchp_heat_low_central;invest_out_electricity;biomass_gas;r120640472472;bpchp_heat_low_central;backpressure;0.0
2045_scenario;r120670124124-biomass_gas-bpchp_heat_low_central;invest_out_electricity;biomass_gas;r120670124124;bpchp_heat_low_central;backpressure;0.0
2045_scenario;r120670201201-biomass_gas-bpchp_heat_low_central;invest_out_electricity;biomass_gas;r120670201201;bpchp_heat_low_central;backpressure;0.0
2045_scenario;r120640428428-biomass_gas-bpchp_heat_low_decentral;flow_in_biomass_gas;biomass_gas;r120640428428;bpchp_heat_low_decentral;backpressure;2474.260401795376
2045_scenario;r120640472472-biomass_gas-bpchp_heat_low_decentral;flow_in_biomass_gas;biomass_gas;r120640472472;bpchp_heat_low_decentral;backpressure;2493.14607828291
2045_scenario;r120670124124-biomass_gas-bpchp_heat_low_decentral;flow_in_biomass_gas;biomass_gas;r120670124124;bpchp_heat_low_decentral;backpressure;1431.1112543287175
2045_scenario;r120670201201-biomass_gas-bpchp_heat_low_decentral;flow_in_biomass_gas;biomass_gas;r120670201201;bpchp_heat_low_decentral;backpressure;2007.0466738638606
2045_scenario;r120640428428-biomass_gas-bpchp_heat_low_decentral;flow_out_electricity;biomass_gas;r120640428428;bpchp_heat_low_decentral;backpressure;1101.0458787989423
2045_scenario;r120640472472-biomass_gas-bpchp_heat_low_decentral;flow_out_electricity;biomass_gas;r120640472472;bpchp_heat_low_decentral;backpressure;1109.450004835895
2045_scenario;r120670124124-biomass_gas-bpchp_heat_low_decentral;flow_out_electricity;biomass_gas;r120670124124;bpchp_heat_low_decentral;backpressure;636.8445081762793
2045_scenario;r120670201201-biomass_gas-bpchp_heat_low_decentral;flow_out_electricity;biomass_gas;r120670201201;bpchp_heat_low_decentral;backpressure;893.135769869418
2045_scenario;r120640428428-biomass_gas-bpchp_heat_low_decentral;flow_out_heat_low_decentral;biomass_gas;r120640428428;bpchp_heat_low_decentral;backpressure;1123.56164845528
2045_scenario;r120640472472-biomass_gas-bpchp_heat_low_decentral;flow_out_heat_low_decentral;biomass_gas;r120640472472;bpchp_heat_low_decentral;backpressure;1132.1376341482694
2045_scenario;r120670124124-biomass_gas-bpchp_heat_low_decentral;flow_out_heat_low_decentral;biomass_gas;r120670124124;bpchp_heat_low_decentral;backpressure;649.8676205906706
2045_scenario;r120670201201-biomass_gas-bpchp_heat_low_decentral;flow_out_heat_low_decentral;biomass_gas;r120670201201;bpchp_heat_low_decentral;backpressure;911.3998946015791
2045_scenario;r120640428428-biomass_gas-bpchp_heat_low_decentral;invest_costs_out_electricity;biomass_gas;r120640428428;bpchp_heat_low_decentral;backpressure;540097.4973908616
2045_scenario;r120640472472-biomass_gas-bpchp_heat_low_decentral;invest_costs_out_electricity;biomass_gas;r120640472472;bpchp_heat_low_decentral;backpressure;545749.148301381
2045_scenario;r120670124124-biomass_gas-bpchp_heat_low_decentral;invest_costs_out_electricity;biomass_gas;r120670124124;bpchp_heat_low_decentral;backpressure;305113.7201609445
2045_scenario;r120670201201-biomass_gas-bpchp_heat_low_decentral;invest_costs_out_electricity;biomass_gas;r120670201201;bpchp_heat_low_decentral;backpressure;436963.5566732197
2045_scenario;r120640428428-biomass_gas-bpchp_heat_low_decentral;invest_out_electricity;biomass_gas;r120640428428;bpchp_heat_low_decentral;backpressure;7.986075835190286
2045_scenario;r120640472472-biomass_gas-bpchp_heat_low_decentral;invest_out_electricity;biomass_gas;r120640472472;bpchp_heat_low_decentral;backpressure;8.06964317809313
2045_scenario;r120670124124-biomass_gas-bpchp_heat_low_decentral;invest_out_electricity;biomass_gas;r120670124124;bpchp_heat_low_decentral;backpressure;4.511521196327539
2045_scenario;r120670201201-biomass_gas-bpchp_heat_low_decentral;invest_out_electricity;biomass_gas;r120670201201;bpchp_heat_low_decentral;backpressure;6.461100297010643
2045_scenario;r120640428428-biomass_gas-commodity;flow_out_biomass_gas;biomass_gas;r120640428428;commodity;shortage;2474.260401795376
2045_scenario;r120640472472-biomass_gas-commodity;flow_out_biomass_gas;biomass_gas;r120640472472;commodity;shortage;2493.14607828291
2045_scenario;r120670124124-biomass_gas-commodity;flow_out_biomass_gas;biomass_gas;r120670124124;commodity;shortage;1431.1112543287175
2045_scenario;r120670201201-biomass_gas-commodity;flow_out_biomass_gas;biomass_gas;r120670201201;commodity;shortage;2007.0466738638606
2045_scenario;r120640428428-biomass_gas-commodity;summed_variable_costs_out_biomass_gas;biomass_gas;r120640428428;commodity;shortage;170723.96772388092
2045_scenario;r120640472472-biomass_gas-commodity;summed_variable_costs_out_biomass_gas;biomass_gas;r120640472472;commodity;shortage;172027.07940152078
2045_scenario;r120670124124-biomass_gas-commodity;summed_variable_costs_out_biomass_gas;biomass_gas;r120670124124;commodity;shortage;98746.6765486815
2045_scenario;r120670201201-biomass_gas-commodity;summed_variable_costs_out_biomass_gas;biomass_gas;r120670201201;commodity;shortage;138486.22049660637
2045_scenario;r120640428428-biomass_solid-boiler_heat_high;flow_in_biomass_solid;biomass_solid;r120640428428;boiler_heat_high;conversion;72.97126947865894
2045_scenario;r120640472472-biomass_solid-boiler_heat_high;flow_in_biomass_solid;biomass_solid;r120640472472;boiler_heat_high;conversion;61.482763628770066
2045_scenario;r120670124124-biomass_solid-boiler_heat_high;flow_in_biomass_solid;biomass_solid;r120670124124;boiler_heat_high;conversion;42.69676046853738
2045_scenario;r120670201201-biomass_solid-boiler_heat_high;flow_in_biomass_solid;biomass_solid;r120670201201;boiler_heat_high;conversion;1265.6258478707937
2045_scenario;r120640428428-biomass_solid-boiler_heat_high;flow_out_heat_high;biomass_solid;r120640428428;boiler_heat_high;conversion;62.02557905686011
2045_scenario;r120640472472-biomass_solid-boiler_heat_high;flow_out_heat_high;biomass_solid;r120640472472;boiler_heat_high;conversion;52.26034908445456
2045_scenario;r120670124124-biomass_solid-boiler_heat_high;flow_out_heat_high;biomass_solid;r120670124124;boiler_heat_high;conversion;36.29224639825677
2045_scenario;r120670201201-biomass_solid-boiler_heat_high;flow_out_heat_high;biomass_solid;r120670201201;boiler_heat_high;conversion;1075.7819706901746
2045_scenario;r120640428428-biomass_solid-boiler_heat_high;invest_costs_out_heat_high;biomass_solid;r120640428428;boiler_heat_high;conversion;1048.1848460921597
2045_scenario;r120640472472-biomass_solid-boiler_heat_high;invest_costs_out_heat_high;biomass_solid;r120640472472;boiler_heat_high;conversion;887.7508479720098
2045_scenario;r120670124124-biomass_solid-boiler_heat_high;invest_costs_out_heat_high;biomass_solid;r120670124124;boiler_heat_high;conversion;616.5634845820535
2045_scenario;r120670201201-biomass_solid-boiler_heat_high;invest_costs_out_heat_high;biomass_solid;r120670201201;boiler_heat_high;conversion;18948.44184783423
2045_scenario;r120640428428-biomass_solid-boiler_heat_high;invest_out_heat_high;biomass_solid;r120640428428;boiler_heat_high;conversion;0.047286901533602155
2045_scenario;r120640472472-biomass_solid-boiler_heat_high;invest_out_heat_high;biomass_solid;r120640472472;boiler_heat_high;conversion;0.04004922136675626
2045_scenario;r120670124124-biomass_solid-boiler_heat_high;invest_out_heat_high;biomass_solid;r120670124124;boiler_heat_high;conversion;0.027815109990707465
2045_scenario;r120670201201-biomass_solid-boiler_heat_high;invest_out_heat_high;biomass_solid;r120670201201;boiler_heat_high;conversion;0.8548235620980762
2045_scenario;r120640428428-biomass_solid-boiler_heat_high;summed_variable_costs_out_heat_high;biomass_solid;r120640428428;boiler_heat_high;conversion;65.63546775796937
2045_scenario;r120640472472-biomass_solid-boiler_heat_high;summed_variable_costs_out_heat_high;biomass_solid;r120640472472;boiler_heat_high;conversion;55.301901401169815
2045_scenario;r120670124124-biomass_solid-boiler_heat_high;summed_variable_costs_out_heat_high;biomass_solid;r120670124124;boiler_heat_high;conversion;38.40445513863532
2045_scenario;r120670201201-biomass_solid-boiler_heat_high;summed_variable_costs_out_heat_high;biomass_solid;r120670201201;boiler_heat_high;conversion;1138.3924813843428
2045_scenario;r120640428428-biomass_solid-bpchp_heat_high;flow_in_biomass_solid;biomass_solid;r120640428428;bpchp_heat_high;backpressure;0.0
2045_scenario;r120640472472-biomass_solid-bpchp_heat_high;flow_in_biomass_solid;biomass_solid;r120640472472;bpchp_heat_high;backpressure;0.0
2045_scenario;r120670124124-biomass_solid-bpchp_heat_high;flow_in_biomass_solid;biomass_solid;r120670124124;bpchp_heat_high;backpressure;0.0
2045_scenario;r120670201201-biomass_solid-bpchp_heat_high;flow_in_biomass_solid;biomass_solid;r120670201201;bpchp_heat_high;backpressure;0.0
2045_scenario;r120640428428-biomass_solid-bpchp_heat_high;flow_out_electricity;biomass_solid;r120640428428;bpchp_heat_high;backpressure;0.0
2045_scenario;r120640472472-biomass_solid-bpchp_heat_high;flow_out_electricity;biomass_solid;r120640472472;bpchp_heat_high;backpressure;0.0
2045_scenario;r120670124124-biomass_solid-bpchp_heat_high;flow_out_electricity;biomass_solid;r120670124124;bpchp_heat_high;backpressure;0.0
2045_scenario;r120670201201-biomass_solid-bpchp_heat_high;flow_out_electricity;biomass_solid;r120670201201;bpchp_heat_high;backpressure;0.0
2045_scenario;r120640428428-biomass_solid-bpchp_heat_high;flow_out_heat_high;biomass_solid;r120640428428;bpchp_heat_high;backpressure;0.0
2045_scenario;r120640472472-biomass_solid-bpchp_heat_high;flow_out_heat_high;biomass_solid;r120640472472;bpchp_heat_high;backpressure;0.0
2045_scenario;r120670124124-biomass_solid-bpchp_heat_high;flow_out_heat_high;biomass_solid;r120670124124;bpchp_heat_high;backpressure;0.0
2045_scenario;r120670201201-biomass_solid-bpchp_heat_high;flow_out_heat_high;biomass_solid;r120670201201;bpchp_heat_high;backpressure;0.0
2045_scenario;r120640428428-biomass_solid-bpchp_heat_high;invest_costs_out_electricity;biomass_solid;r120640428428;bpchp_heat_high;backpressure;0.0
2045_scenario;r120640472472-biomass_solid-bpchp_heat_high;invest_costs_out_electricity;biomass_solid;r120640472472;bpchp_heat_high;backpressure;0.0
2045_scenario;r120670124124-biomass_solid-bpchp_heat_high;invest_costs_out_electricity;biomass_solid;r120670124124;bpchp_heat_high;backpressure;0.0
2045_scenario;r120670201201-biomass_solid-bpchp_heat_high;invest_costs_out_electricity;biomass_solid;r120670201201;bpchp_heat_high;backpressure;0.0
2045_scenario;r120640428428-biomass_solid-bpchp_heat_high;invest_out_electricity;biomass_solid;r120640428428;bpchp_heat_high;backpressure;0.0
2045_scenario;r120640472472-biomass_solid-bpchp_heat_high;invest_out_electricity;biomass_solid;r120640472472;bpchp_heat_high;backpressure;0.0
2045_scenario;r120670124124-biomass_solid-bpchp_heat_high;invest_out_electricity;biomass_solid;r120670124124;bpchp_heat_high;backpressure;0.0
2045_scenario;r120670201201-biomass_solid-bpchp_heat_high;invest_out_electricity;biomass_solid;r120670201201;bpchp_heat_high;backpressure;0.0
2045_scenario;r120640428428-biomass_solid-bpchp_heat_low_central;flow_in_biomass_solid;biomass_solid;r120640428428;bpchp_heat_low_central;backpressure;0.0
2045_scenario;r120640472472-biomass_solid-bpchp_heat_low_central;flow_in_biomass_solid;biomass_solid;r120640472472;bpchp_heat_low_central;backpressure;0.0
2045_scenario;r120670124124-biomass_solid-bpchp_heat_low_central;flow_in_biomass_solid;biomass_solid;r120670124124;bpchp_heat_low_central;backpressure;0.0
2045_scenario;r120670201201-biomass_solid-bpchp_heat_low_central;flow_in_biomass_solid;biomass_solid;r120670201201;bpchp_heat_low_central;backpressure;0.0
2045_scenario;r120640428428-biomass_solid-bpchp_heat_low_central;flow_out_electricity;biomass_solid;r120640428428;bpchp_heat_low_central;backpressure;0.0
2045_scenario;r120640472472-biomass_solid-bpchp_heat_low_central;flow_out_electricity;biomass_solid;r120640472472;bpchp_heat_low_central;backpressure;0.0
2045_scenario;r120670124124-biomass_solid-bpchp_heat_low_central;flow_out_electricity;biomass_solid;r120670124124;bpchp_heat_low_central;backpressure;0.0
2045_scenario;r120670201201-biomass_solid-bpchp_heat_low_central;flow_out_electricity;biomass_solid;r120670201201;bpchp_heat_low_central;backpressure;0.0
2045_scenario;r120640428428-biomass_solid-bpchp_heat_low_central;flow_out_heat_low_central;biomass_solid;r120640428428;bpchp_heat_low_central;backpressure;0.0
2045_scenario;r120640472472-biomass_solid-bpchp_heat_low_central;flow_out_heat_low_central;biomass_solid;r120640472472;bpchp_heat_low_central;backpressure;0.0
2045_scenario;r120670124124-biomass_solid-bpchp_heat_low_central;flow_out_heat_low_central;biomass_solid;r120670124124;bpchp_heat_low_central;backpressure;0.0
2045_scenario;r120670201201-biomass_solid-bpchp_heat_low_central;flow_out_heat_low_central;biomass_solid;r120670201201;bpchp_heat_low_central;backpressure;0.0
2045_scenario;r120640428428-biomass_solid-bpchp_heat_low_central;invest_costs_out_electricity;biomass_solid;r120640428428;bpchp_heat_low_central;backpressure;0.0
2045_scenario;r120640472472-biomass_solid-bpchp_heat_low_central;invest_costs_out_electricity;biomass_solid;r120640472472;bpchp_heat_low_central;backpressure;0.0
2045_scenario;r120670124124-biomass_solid-bpchp_heat_low_central;invest_costs_out_electricity;biomass_solid;r120670124124;bpchp_heat_low_central;backpressure;0.0
2045_scenario;r120670201201-biomass_solid-bpchp_heat_low_central;invest_costs_out_electricity;biomass_solid;r120670201201;bpchp_heat_low_central;backpressure;0.0
2045_scenario;r120640428428-biomass_solid-bpchp_heat_low_central;invest_out_electricity;biomass_solid;r120640428428;bpchp_heat_low_central;backpressure;0.0
2045_scenario;r120640472472-biomass_solid-bpchp_heat_low_central;invest_out_electricity;biomass_solid;r120640472472;bpchp_heat_low_central;backpressure;0.0
2045_scenario;r120670124124-biomass_solid-bpchp_heat_low_central;invest_out_electricity;biomass_solid;r120670124124;bpchp_heat_low_central;backpressure;0.0
2045_scenario;r120670201201-biomass_solid-bpchp_heat_low_central;invest_out_electricity;biomass_solid;r120670201201;bpchp_heat_low_central;backpressure;0.0
2045_scenario;r120640428428-biomass_solid-bpchp_heat_low_decentral;flow_in_biomass_solid;biomass_solid;r120640428428;bpchp_heat_low_decentral;backpressure;2435.126270674325
2045_scenario;r120640472472-biomass_solid-bpchp_heat_low_decentral;flow_in_biomass_solid;biomass_solid;r120640472472;bpchp_heat_low_decentral;backpressure;2465.1485895761907
2045_scenario;r120670124124-biomass_solid-bpchp_heat_low_decentral;flow_in_biomass_solid;biomass_solid;r120670124124;bpchp_heat_low_decentral;backpressure;1387.2392118058738
2045_scenario;r120670201201-biomass_solid-bpchp_heat_low_decentral;flow_in_biomass_solid;biomass_solid;r120670201201;bpchp_heat_low_decentral;backpressure;1944.8983871473304
2045_scenario;r120640428428-biomass_solid-bpchp_heat_low_decentral;flow_out_electricity;biomass_solid;r120640428428;bpchp_heat_low_decentral;backpressure;340.91767789440553
2045_scenario;r120640472472-biomass_solid-bpchp_heat_low_decentral;flow_out_electricity;biomass_solid;r120640472472;bpchp_heat_low_decentral;backpressure;345.1208025406667
2045_scenario;r120670124124-biomass_solid-bpchp_heat_low_decentral;flow_out_electricity;biomass_solid;r120670124124;bpchp_heat_low_decentral;backpressure;194.21348965282232
2045_scenario;r120670201201-biomass_solid-bpchp_heat_low_decentral;flow_out_electricity;biomass_solid;r120670201201;bpchp_heat_low_decentral;backpressure;272.28577420062624
2045_scenario;r120640428428-biomass_solid-bpchp_heat_low_decentral;flow_out_heat_low_decentral;biomass_solid;r120640428428;bpchp_heat_low_decentral;backpressure;2373.517576026265
2045_scenario;r120640472472-biomass_solid-bpchp_heat_low_decentral;flow_out_heat_low_decentral;biomass_solid;r120640472472;bpchp_heat_low_decentral;backpressure;2402.780330259913
2045_scenario;r120670124124-biomass_solid-bpchp_heat_low_decentral;flow_out_heat_low_decentral;biomass_solid;r120670124124;bpchp_heat_low_decentral;backpressure;1352.1420597471852
2045_scenario;r120670201201-biomass_solid-bpchp_heat_low_decentral;flow_out_heat_low_decentral;biomass_solid;r120670201201;bpchp_heat_low_decentral;backpressure;1895.692457952503
2045_scenario;r120640428428-biomass_solid-bpchp_heat_low_decentral;invest_costs_out_electricity;biomass_solid;r120640428428;bpchp_heat_low_decentral;backpressure;253575.6412926012
2045_scenario;r120640472472-biomass_solid-bpchp_heat_low_decentral;invest_costs_out_electricity;biomass_solid;r120640472472;bpchp_heat_low_decentral;backpressure;256088.57784595859
2045_scenario;r120670124124-biomass_solid-bpchp_heat_low_decentral;invest_costs_out_electricity;biomass_solid;r120670124124;bpchp_heat_low_decentral;backpressure;144054.43969541456
2045_scenario;r120670201201-biomass_solid-bpchp_heat_low_decentral;invest_costs_out_electricity;biomass_solid;r120670201201;bpchp_heat_low_decentral;backpressure;204413.15936733843
2045_scenario;r120640428428-biomass_solid-bpchp_heat_low_decentral;invest_out_electricity;biomass_solid;r120640428428;bpchp_heat_low_decentral;backpressure;0.36967666761551066
2045_scenario;r120640472472-biomass_solid-bpchp_heat_low_decentral;invest_out_electricity;biomass_solid;r120640472472;bpchp_heat_low_decentral;backpressure;0.3733401662316984
2045_scenario;r120670124124-biomass_solid-bpchp_heat_low_decentral;invest_out_electricity;biomass_solid;r120670124124;bpchp_heat_low_decentral;backpressure;0.2100105710089521
2045_scenario;r120670201201-biomass_solid-bpchp_heat_low_decentral;invest_out_electricity;biomass_solid;r120670201201;bpchp_heat_low_decentral;backpressure;0.2980048682376372
2045_scenario;r120640428428-biomass_solid-commodity;flow_out_biomass_solid;biomass_solid;r120640428428;commodity;shortage;2508.0975401529845
2045_scenario;r120640472472-biomass_solid-commodity;flow_out_biomass_solid;biomass_solid;r120640472472;commodity;shortage;2526.6313532049608
2045_scenario;r120670124124-biomass_solid-commodity;flow_out_biomass_solid;biomass_solid;r120670124124;commodity;shortage;1429.935972274411
2045_scenario;r120670201201-biomass_solid-commodity;flow_out_biomass_solid;biomass_solid;r120670201201;commodity;shortage;3210.524235018124
2045_scenario;r120640428428-biomass_solid-commodity;summed_variable_costs_out_biomass_solid;biomass_solid;r120640428428;commodity;shortage;90692.80705193192
2045_scenario;r120640472472-biomass_solid-commodity;summed_variable_costs_out_biomass_solid;biomass_solid;r120640472472;commodity;shortage;91362.98973189137
2045_scenario;r120670124124-biomass_solid-commodity;summed_variable_costs_out_biomass_solid;biomass_solid;r120670124124;commodity;shortage;51706.4847574427
2045_scenario;r120670201201-biomass_solid-commodity;summed_variable_costs_out_biomass_solid;biomass_solid;r120670201201;commodity;shortage;116092.55633825535
2045_scenario;r120640428428-electricity-boiler_heat_high;flow_in_electricity;electricity;r120640428428;boiler_heat_high;conversion;45.68809687654791
2045_scenario;r120640472472-electricity-boiler_heat_high;flow_in_electricity;electricity;r120640472472;boiler_heat_high;conversion;40.78158092855609
2045_scenario;r120670124124-electricity-boiler_heat_high;flow_in_electricity;electricity;r120670124124;boiler_heat_high;conversion;28.47226770462406
2045_scenario;r120670201201-electricity-boiler_heat_high;flow_in_electricity;electricity;r120670201201;boiler_heat_high;conversion;1012.3002727897612
2045_scenario;r120640428428-electricity-boiler_heat_high;flow_out_heat_high;electricity;r120640428428;boiler_heat_high;conversion;45.23121590778242
2045_scenario;r120640472472-electricity-boiler_heat_high;flow_out_heat_high;electricity;r120640472472;boiler_heat_high;conversion;40.37376511927053
2045_scenario;r120670124124-electricity-boiler_heat_high;flow_out_heat_high;electricity;r120670124124;boiler_heat_high;conversion;28.18754502757782
2045_scenario;r120670201201-electricity-boiler_heat_high;flow_out_heat_high;electricity;r120670201201;boiler_heat_high;conversion;1002.1772700618637
2045_scenario;r120640428428-electricity-boiler_heat_high;invest_costs_out_heat_high;electricity;r120640428428;boiler_heat_high;conversion;320.4402730615245
2045_scenario;r120640472472-electricity-boiler_heat_high;invest_costs_out_heat_high;electricity;r120640472472;boiler_heat_high;conversion;271.394043899142
2045_scenario;r120670124124-electricity-boiler_heat_high;invest_costs_out_heat_high;electricity;r120670124124;boiler_heat_high;conversion;188.48943685441037
2045_scenario;r120670201201-electricity-boiler_heat_high;invest_costs_out_heat_high;electricity;r120670201201;boiler_heat_high;conversion;5729.540863457625
2045_scenario;r120640428428-electricity-boiler_heat_high;invest_out_heat_high;electricity;r120640428428;boiler_heat_high;conversion;0.05864762786053024
2045_scenario;r120640472472-electricity-boiler_heat_high;invest_out_heat_high;electricity;r120640472472;boiler_heat_high;conversion;0.04967108765103723
2045_scenario;r120670124124-electricity-boiler_heat_high;invest_out_heat_high;electricity;r120670124124;boiler_heat_high;conversion;0.03449771853788153
2045_scenario;r120670201201-electricity-boiler_heat_high;invest_out_heat_high;electricity;r120670201201;boiler_heat_high;conversion;1.048632174605741
2045_scenario;r120640428428-electricity-boiler_heat_high;summed_variable_costs_out_heat_high;electricity;r120640428428;boiler_heat_high;conversion;35.52912009556309
2045_scenario;r120640472472-electricity-boiler_heat_high;summed_variable_costs_out_heat_high;electricity;r120640472472;boiler_heat_high;conversion;31.713592501187
2045_scenario;r120670124124-electricity-boiler_heat_high;summed_variable_costs_out_heat_high;electricity;r120670124124;boiler_heat_high;conversion;22.141316619162378
2045_scenario;r120670201201-electricity-boiler_heat_high;summed_variable_costs_out_heat_high;electricity;r120670201201;boiler_heat_high;conversion;787.2102456335939
2045_scenario;r120640428428-electricity-demand_cts;flow_in_electricity;electricity;r120640428428;demand_cts;load;28295.789999994184
2045_scenario;r120640472472-electricity-demand_cts;flow_in_electricity;electricity;r120640472472;demand_cts;load;39842.147257856406
2045_scenario;r120670124124-electricity-demand_cts;flow_in_electricity;electricity;r120670124124;demand_cts;load;9565.240902967244
2045_scenario;r120670201201-electricity-demand_cts;flow_in_electricity;electricity;r120670201201;demand_cts;load;49826.99500253126
2045_scenario;r120640428428-electricity-demand_hh;flow_in_electricity;electricity;r120640428428;demand_hh;load;18693.623999994707
2045_scenario;r120640472472-electricity-demand_hh;flow_in_electricity;electricity;r120640472472;demand_hh;load;31919.96122721444
2045_scenario;r120670124124-electricity-demand_hh;flow_in_electricity;electricity;r120670124124;demand_hh;load;13887.852988911027
2045_scenario;r120670201201-electricity-demand_hh;flow_in_electricity;electricity;r120670201201;demand_hh;load;10618.033710471676
2045_scenario;r120640428428-electricity-demand_ind;flow_in_electricity;electricity;r120640428428;demand_ind;load;222309.36999996298
2045_scenario;r120640472472-electricity-demand_ind;flow_in_electricity;electricity;r120640472472;demand_ind;load;33173.46387251867
2045_scenario;r120670124124-electricity-demand_ind;flow_in_electricity;electricity;r120670124124;demand_ind;load;10737.784766899109
2045_scenario;r120670201201-electricity-demand_ind;flow_in_electricity;electricity;r120670201201;demand_ind;load;867381.8774538814
2045_scenario;r120640428428-electricity-demand_mob;flow_in_electricity;electricity;r120640428428;demand_mob;load;11885.29148591775
2045_scenario;r120640472472-electricity-demand_mob;flow_in_electricity;electricity;r120640472472;demand_mob;load;20289.635045682488
2045_scenario;r120670124124-electricity-demand_mob;flow_in_electricity;electricity;r120670124124;demand_mob;load;8444.81117721094
2045_scenario;r120670201201-electricity-demand_mob;flow_in_electricity;electricity;r120670201201;demand_mob;load;6231.0921190902955
2045_scenario;r120640428428-electricity-electrolyzer;flow_in_electricity;electricity;r120640428428;electrolyzer;conversion;0.0
2045_scenario;r120640472472-electricity-electrolyzer;flow_in_electricity;electricity;r120640472472;electrolyzer;conversion;0.0
2045_scenario;r120670124124-electricity-electrolyzer;flow_in_electricity;electricity;r120670124124;electrolyzer;conversion;0.0
2045_scenario;r120670201201-electricity-electrolyzer;flow_in_electricity;electricity;r120670201201;electrolyzer;conversion;0.0
2045_scenario;r120640428428-electricity-electrolyzer;flow_out_h2;electricity;r120640428428;electrolyzer;conversion;0.0
2045_scenario;r120640472472-electricity-electrolyzer;flow_out_h2;electricity;r120640472472;electrolyzer;conversion;0.0
2045_scenario;r120670124124-electricity-electrolyzer;flow_out_h2;electricity;r120670124124;electrolyzer;conversion;0.0
2045_scenario;r120670201201-electricity-electrolyzer;flow_out_h2;electricity;r120670201201;electrolyzer;conversion;0.0
2045_scenario;r120640428428-electricity-electrolyzer;invest_costs_out_h2;electricity;r120640428428;electrolyzer;conversion;0.0
2045_scenario;r120640472472-electricity-electrolyzer;invest_costs_out_h2;electricity;r120640472472;electrolyzer;conversion;0.0
2045_scenario;r120670124124-electricity-electrolyzer;invest_costs_out_h2;electricity;r120670124124;electrolyzer;conversion;0.0
2045_scenario;r120670201201-electricity-electrolyzer;invest_costs_out_h2;electricity;r120670201201;electrolyzer;conversion;0.0
2045_scenario;r120640428428-electricity-electrolyzer;invest_out_h2;electricity;r120640428428;electrolyzer;conversion;0.0
2045_scenario;r120640472472-electricity-electrolyzer;invest_out_h2;electricity;r120640472472;electrolyzer;conversion;0.0
2045_scenario;r120670124124-electricity-electrolyzer;invest_out_h2;electricity;r120670124124;electrolyzer;conversion;0.0
2045_scenario;r120670201201-electricity-electrolyzer;invest_out_h2;electricity;r120670201201;electrolyzer;conversion;0.0
2045_scenario;r120640428428-electricity-export;flow_in_electricity;electricity;r120640428428;export;excess;2204.162750297393
2045_scenario;r120640472472-electricity-export;flow_in_electricity;electricity;r120640472472;export;excess;332.42943498235053
2045_scenario;r120670124124-electricity-export;flow_in_electricity;electricity;r120670124124;export;excess;70.01032364868897
2045_scenario;r120670201201-electricity-export;flow_in_electricity;electricity;r120670201201;export;excess;24741.202352620072
2045_scenario;r120640428428-electricity-heatpump_central;flow_in_electricity;electricity;r120640428428;heatpump_central;conversion;0.0
2045_scenario;r120640472472-electricity-heatpump_central;flow_in_electricity;electricity;r120640472472;heatpump_central;conversion;7229.619503996374
2045_scenario;r120670124124-electricity-heatpump_central;flow_in_electricity;electricity;r120670124124;heatpump_central;conversion;17.219237986489325
2045_scenario;r120670201201-electricity-heatpump_central;flow_in_electricity;electricity;r120670201201;heatpump_central;conversion;2502.984509985821
2045_scenario;r120640428428-electricity-heatpump_central;flow_out_heat_low_central;electricity;r120640428428;heatpump_central;conversion;0.0
2045_scenario;r120640472472-electricity-heatpump_central;flow_out_heat_low_central;electricity;r120640472472;heatpump_central;conversion;30522.96293263515
2045_scenario;r120670124124-electricity-heatpump_central;flow_out_heat_low_central;electricity;r120670124124;heatpump_central;conversion;72.80818315503569
2045_scenario;r120670201201-electricity-heatpump_central;flow_out_heat_low_central;electricity;r120670201201;heatpump_central;conversion;10967.235239274907
2045_scenario;r120640428428-electricity-heatpump_central;invest_costs_out_heat_low_central;electricity;r120640428428;heatpump_central;conversion;0.0
2045_scenario;r120640472472-electricity-heatpump_central;invest_costs_out_heat_low_central;electricity;r120640472472;heatpump_central;conversion;550076.8473386496
2045_scenario;r120670124124-electricity-heatpump_central;invest_costs_out_heat_low_central;electricity;r120670124124;heatpump_central;conversion;1306.118494956402
2045_scenario;r120670201201-electricity-heatpump_central;invest_costs_out_heat_low_central;electricity;r120670201201;heatpump_central;conversion;171401.77152829932
2045_scenario;r120640428428-electricity-heatpump_central;invest_out_heat_low_central;electricity;r120640428428;heatpump_central;conversion;0.0
2045_scenario;r120640472472-electricity-heatpump_central;invest_out_heat_low_central;electricity;r120640472472;heatpump_central;conversion;10.263303890782266
2045_scenario;r120670124124-electricity-heatpump_central;invest_out_heat_low_central;electricity;r120670124124;heatpump_central;conversion;0.02436948781968277
2045_scenario;r120670201201-electricity-heatpump_central;invest_out_heat_low_central;electricity;r120670201201;heatpump_central;conversion;3.198004928083011
2045_scenario;r120640428428-electricity-heatpump_central;summed_variable_costs_out_heat_low_central;electricity;r120640428428;heatpump_central;conversion;0.0
2045_scenario;r120640472472-electricity-heatpump_central;summed_variable_costs_out_heat_low_central;electricity;r120640472472;heatpump_central;conversion;54636.10364941692
2045_scenario;r120670124124-electricity-heatpump_central;summed_variable_costs_out_heat_low_central;electricity;r120670124124;heatpump_central;conversion;130.3266478475139
2045_scenario;r120670201201-electricity-heatpump_central;summed_variable_costs_out_heat_low_central;electricity;r120670201201;heatpump_central;conversion;19631.351078302083
2045_scenario;r120640428428-electricity-heatpump_decentral;flow_in_electricity;electricity;r120640428428;heatpump_decentral;conversion;13022.351312839266
2045_scenario;r120640472472-electricity-heatpump_decentral;flow_in_electricity;electricity;r120640472472;heatpump_decentral;conversion;12972.388626880593
2045_scenario;r120670124124-electricity-heatpump_decentral;flow_in_electricity;electricity;r120670124124;heatpump_decentral;conversion;7579.268084751385
2045_scenario;r120670201201-electricity-heatpump_decentral;flow_in_electricity;electricity;r120670201201;heatpump_decentral;conversion;14084.596914975398
2045_scenario;r120640428428-electricity-heatpump_decentral;flow_out_heat_low_decentral;electricity;r120640428428;heatpump_decentral;conversion;55035.153746530166
2045_scenario;r120640472472-electricity-heatpump_decentral;flow_out_heat_low_decentral;electricity;r120640472472;heatpump_decentral;conversion;54745.44845730833
2045_scenario;r120670124124-electricity-heatpump_decentral;flow_out_heat_low_decentral;electricity;r120670124124;heatpump_decentral;conversion;32069.058821484577
2045_scenario;r120670201201-electricity-heatpump_decentral;flow_out_heat_low_decentral;electricity;r120670201201;heatpump_decentral;conversion;62192.222500646756
2045_scenario;r120640428428-electricity-heatpump_decentral;invest_costs_out_heat_low_decentral;electricity;r120640428428;heatpump_decentral;conversion;1402907.5905815684
2045_scenario;r120640472472-electricity-heatpump_decentral;invest_costs_out_heat_low_decentral;electricity;r120640472472;heatpump_decentral;conversion;1399359.8064408537
2045_scenario;r120670124124-electricity-heatpump_decentral;invest_costs_out_heat_low_decentral;electricity;r120670124124;heatpump_decentral;conversion;817537.5108335793
2045_scenario;r120670201201-electricity-heatpump_decentral;invest_costs_out_heat_low_decentral;electricity;r120670201201;heatpump_decentral;conversion;1376008.324709081
2045_scenario;r120640428428-electricity-heatpump_decentral;invest_out_heat_low_decentral;electricity;r120640428428;heatpump_decentral;conversion;12.944636052641277
2045_scenario;r120640472472-electricity-heatpump_decentral;invest_out_heat_low_decentral;electricity;r120640472472;heatpump_decentral;conversion;12.911900628866254
2045_scenario;r120670124124-electricity-heatpump_decentral;invest_out_heat_low_decentral;electricity;r120670124124;heatpump_decentral;conversion;7.543423107958197
2045_scenario;r120670201201-electricity-heatpump_decentral;invest_out_heat_low_decentral;electricity;r120670201201;heatpump_decentral;conversion;12.696436378521446
2045_scenario;r120640428428-electricity-heatpump_heat_high;flow_in_electricity;electricity;r120640428428;heatpump_heat_high;conversion;47.76271300237773
2045_scenario;r120640472472-electricity-heatpump_heat_high;flow_in_electricity;electricity;r120640472472;heatpump_heat_high;conversion;1466.8355195722884
2045_scenario;r120670124124-electricity-heatpump_heat_high;flow_in_electricity;electricity;r120670124124;heatpump_heat_high;conversion;1018.6991910273979
2045_scenario;r120670201201-electricity-heatpump_heat_high;flow_in_electricity;electricity;r120670201201;heatpump_heat_high;conversion;29469.716661232236
2045_scenario;r120640428428-electricity-heatpump_heat_high;flow_out_heat_high;electricity;r120640428428;heatpump_heat_high;conversion;129.08362107332525
2045_scenario;r120640472472-electricity-heatpump_heat_high;flow_out_heat_high;electricity;r120640472472;heatpump_heat_high;conversion;3834.8919596957926
2045_scenario;r120670124124-electricity-heatpump_heat_high;flow_out_heat_high;electricity;r120670124124;heatpump_heat_high;conversion;2663.2778530103496
2045_scenario;r120670201201-electricity-heatpump_heat_high;flow_out_heat_high;electricity;r120670201201;heatpump_heat_high;conversion;77032.30445244435
2045_scenario;r120640428428-electricity-heatpump_heat_high;invest_costs_out_heat_high;electricity;r120640428428;heatpump_heat_high;conversion;2612.641077253067
2045_scenario;r120640472472-electricity-heatpump_heat_high;invest_costs_out_heat_high;electricity;r120640472472;heatpump_heat_high;conversion;31364.63719218796
2045_scenario;r120670124124-electricity-heatpump_heat_high;invest_costs_out_heat_high;electricity;r120670124124;heatpump_heat_high;conversion;21783.46553432634
2045_scenario;r120670201201-electricity-heatpump_heat_high;invest_costs_out_heat_high;electricity;r120670201201;heatpump_heat_high;conversion;629175.9583936604
2045_scenario;r120640428428-electricity-heatpump_heat_high;invest_out_heat_high;electricity;r120640428428;heatpump_heat_high;conversion;0.04861216135966984
2045_scenario;r120640472472-electricity-heatpump_heat_high;invest_out_heat_high;electricity;r120640472472;heatpump_heat_high;conversion;0.5835867840588409
2045_scenario;r120670124124-electricity-heatpump_heat_high;invest_out_heat_high;electricity;r120670124124;heatpump_heat_high;conversion;0.4053145113376424
2045_scenario;r120670201201-electricity-heatpump_heat_high;invest_out_heat_high;electricity;r120670201201;heatpump_heat_high;conversion;11.706775752456307
2045_scenario;r120640428428-electricity-heatpump_heat_high;summed_variable_costs_out_heat_high;electricity;r120640428428;heatpump_heat_high;conversion;412.0607351902689
2045_scenario;r120640472472-electricity-heatpump_heat_high;summed_variable_costs_out_heat_high;electricity;r120640472472;heatpump_heat_high;conversion;12241.74211374091
2045_scenario;r120670124124-electricity-heatpump_heat_high;summed_variable_costs_out_heat_high;electricity;r120670124124;heatpump_heat_high;conversion;8501.715562379639
2045_scenario;r120670201201-electricity-heatpump_heat_high;summed_variable_costs_out_heat_high;electricity;r120670201201;heatpump_heat_high;conversion;245902.52227309288
2045_scenario;r120640428428-electricity-import;flow_out_electricity;electricity;r120640428428;import;shortage;204458.00562604572
2045_scenario;r120640472472-electricity-import;flow_out_electricity;electricity;r120640472472;import;shortage;96971.40545739021
2045_scenario;r120670124124-electricity-import;flow_out_electricity;electricity;r120670124124;import;shortage;33926.27051375714
2045_scenario;r120670201201-electricity-import;flow_out_electricity;electricity;r120670201201;import;shortage;712776.2986806992
2045_scenario;r120640428428-electricity-import;summed_variable_costs_out_electricity;electricity;r120640428428;import;shortage;14925434.410701338
2045_scenario;r120640472472-electricity-import;summed_variable_costs_out_electricity;electricity;r120640472472;import;shortage;7078912.598389485
2045_scenario;r120670124124-electricity-import;summed_variable_costs_out_electricity;electricity;r120670124124;import;shortage;2476617.747504271
2045_scenario;r120670201201-electricity-import;summed_variable_costs_out_electricity;electricity;r120670201201;import;shortage;52032669.803691044
2045_scenario;r120640428428-electricity-large_battery_storage;flow_in_electricity;electricity;r120640428428;large_battery_storage;storage;0.0
2045_scenario;r120640472472-electricity-large_battery_storage;flow_in_electricity;electricity;r120640472472;large_battery_storage;storage;0.0
2045_scenario;r120670124124-electricity-large_battery_storage;flow_in_electricity;electricity;r120670124124;large_battery_storage;storage;0.0
2045_scenario;r120670201201-electricity-large_battery_storage;flow_in_electricity;electricity;r120670201201;large_battery_storage;storage;0.0
2045_scenario;r120640428428-electricity-large_battery_storage;flow_out_electricity;electricity;r120640428428;large_battery_storage;storage;0.0
2045_scenario;r120640472472-electricity-large_battery_storage;flow_out_electricity;electricity;r120640472472;large_battery_storage;storage;0.0
2045_scenario;r120670124124-electricity-large_battery_storage;flow_out_electricity;electricity;r120670124124;large_battery_storage;storage;0.0
2045_scenario;r120670201201-electricity-large_battery_storage;flow_out_electricity;electricity;r120670201201;large_battery_storage;storage;0.0
2045_scenario;r120640428428-electricity-large_battery_storage;invest;electricity;r120640428428;large_battery_storage;storage;0.0
2045_scenario;r120640472472-electricity-large_battery_storage;invest;electricity;r120640472472;large_battery_storage;storage;0.0
2045_scenario;r120670124124-electricity-large_battery_storage;invest;electricity;r120670124124;large_battery_storage;storage;0.0
2045_scenario;r120670201201-electricity-large_battery_storage;invest;electricity;r120670201201;large_battery_storage;storage;0.0
2045_scenario;r120640428428-electricity-large_battery_storage;invest_costs;electricity;r120640428428;large_battery_storage;storage;0.0
2045_scenario;r120640472472-electricity-large_battery_storage;invest_costs;electricity;r120640472472;large_battery_storage;storage;0.0
2045_scenario;r120670124124-electricity-large_battery_storage;invest_costs;electricity;r120670124124;large_battery_storage;storage;0.0
2045_scenario;r120670201201-electricity-large_battery_storage;invest_costs;electricity;r120670201201;large_battery_storage;storage;0.0
2045_scenario;r120640428428-electricity-large_battery_storage;invest_costs_in_electricity;electricity;r120640428428;large_battery_storage;storage;0.0
2045_scenario;r120640472472-electricity-large_battery_storage;invest_costs_in_electricity;electricity;r120640472472;large_battery_storage;storage;0.0
2045_scenario;r120670124124-electricity-large_battery_storage;invest_costs_in_electricity;electricity;r120670124124;large_battery_storage;storage;0.0
2045_scenario;r120670201201-electricity-large_battery_storage;invest_costs_in_electricity;electricity;r120670201201;large_battery_storage;storage;0.0
2045_scenario;r120640428428-electricity-large_battery_storage;invest_costs_out_electricity;electricity;r120640428428;large_battery_storage;storage;0.0
2045_scenario;r120640472472-electricity-large_battery_storage;invest_costs_out_electricity;electricity;r120640472472;large_battery_storage;storage;0.0
2045_scenario;r120670124124-electricity-large_battery_storage;invest_costs_out_electricity;electricity;r120670124124;large_battery_storage;storage;0.0
2045_scenario;r120670201201-electricity-large_battery_storage;invest_costs_out_electricity;electricity;r120670201201;large_battery_storage;storage;0.0
2045_scenario;r120640428428-electricity-large_battery_storage;invest_in_electricity;electricity;r120640428428;large_battery_storage;storage;0.0
2045_scenario;r120640472472-electricity-large_battery_storage;invest_in_electricity;electricity;r120640472472;large_battery_storage;storage;0.0
2045_scenario;r120670124124-electricity-large_battery_storage;invest_in_electricity;electricity;r120670124124;large_battery_storage;storage;0.0
2045_scenario;r120670201201-electricity-large_battery_storage;invest_in_electricity;electricity;r120670201201;large_battery_storage;storage;0.0
2045_scenario;r120640428428-electricity-large_battery_storage;invest_out_electricity;electricity;r120640428428;large_battery_storage;storage;0.0
2045_scenario;r120640472472-electricity-large_battery_storage;invest_out_electricity;electricity;r120640472472;large_battery_storage;storage;0.0
2045_scenario;r120670124124-electricity-large_battery_storage;invest_out_electricity;electricity;r120670124124;large_battery_storage;storage;0.0
2045_scenario;r120670201201-electricity-large_battery_storage;invest_out_electricity;electricity;r120670201201;large_battery_storage;storage;0.0
2045_scenario;r120640428428-electricity-large_battery_storage;storage_losses;electricity;r120640428428;large_battery_storage;storage;0.0
2045_scenario;r120640472472-electricity-large_battery_storage;storage_losses;electricity;r120640472472;large_battery_storage;storage;0.0
2045_scenario;r120670124124-electricity-large_battery_storage;storage_losses;electricity;r120670124124;large_battery_storage;storage;0.0
2045_scenario;r120670201201-electricity-large_battery_storage;storage_losses;electricity;r120670201201;large_battery_storage;storage;0.0
2045_scenario;r120640428428-electricity-large_battery_storage;summed_variable_costs_in_electricity;electricity;r120640428428;large_battery_storage;storage;0.0
2045_scenario;r120640472472-electricity-large_battery_storage;summed_variable_costs_in_electricity;electricity;r120640472472;large_battery_storage;storage;0.0
2045_scenario;r120670124124-electricity-large_battery_storage;summed_variable_costs_in_electricity;electricity;r120670124124;large_battery_storage;storage;0.0
2045_scenario;r120670201201-electricity-large_battery_storage;summed_variable_costs_in_electricity;electricity;r120670201201;large_battery_storage;storage;0.0
2045_scenario;r120640428428-electricity-large_battery_storage;summed_variable_costs_out_electricity;electricity;r120640428428;large_battery_storage;storage;0.0
2045_scenario;r120640472472-electricity-large_battery_storage;summed_variable_costs_out_electricity;electricity;r120640472472;large_battery_storage;storage;0.0
2045_scenario;r120670124124-electricity-large_battery_storage;summed_variable_costs_out_electricity;electricity;r120670124124;large_battery_storage;storage;0.0
2045_scenario;r120670201201-electricity-large_battery_storage;summed_variable_costs_out_electricity;electricity;r120670201201;large_battery_storage;storage;0.0
2045_scenario;r120640428428-electricity-pv_agri_horizontal;flow_out_electricity;electricity;r120640428428;pv_agri_horizontal;volatile;256.4352074864276
2045_scenario;r120640472472-electricity-pv_agri_horizontal;flow_out_electricity;electricity;r120640472472;pv_agri_horizontal;volatile;630.926729675851
2045_scenario;r120670124124-electricity-pv_agri_horizontal;flow_out_electricity;electricity;r120670124124;pv_agri_horizontal;volatile;0.0
2045_scenario;r120670201201-electricity-pv_agri_horizontal;flow_out_electricity;electricity;r120670201201;pv_agri_horizontal;volatile;0.0
2045_scenario;r120640428428-electricity-pv_agri_horizontal;invest_costs_out_electricity;electricity;r120640428428;pv_agri_horizontal;volatile;6678.225836089193
2045_scenario;r120640472472-electricity-pv_agri_horizontal;invest_costs_out_electricity;electricity;r120640472472;pv_agri_horizontal;volatile;16430.93874706552
2045_scenario;r120670124124-electricity-pv_agri_horizontal;invest_costs_out_electricity;electricity;r120670124124;pv_agri_horizontal;volatile;0.0
2045_scenario;r120670201201-electricity-pv_agri_horizontal;invest_costs_out_electricity;electricity;r120670201201;pv_agri_horizontal;volatile;0.0
2045_scenario;r120640428428-electricity-pv_agri_horizontal;invest_out_electricity;electricity;r120640428428;pv_agri_horizontal;volatile;0.240107872178303
2045_scenario;r120640472472-electricity-pv_agri_horizontal;invest_out_electricity;electricity;r120640472472;pv_agri_horizontal;volatile;0.590755364865029
2045_scenario;r120670124124-electricity-pv_agri_horizontal;invest_out_electricity;electricity;r120670124124;pv_agri_horizontal;volatile;0.0
2045_scenario;r120670201201-electricity-pv_agri_horizontal;invest_out_electricity;electricity;r120670201201;pv_agri_horizontal;volatile;0.0
2045_scenario;r120640428428-electricity-pv_agri_vertical;flow_out_electricity;electricity;r120640428428;pv_agri_vertical;volatile;1940.2837766009025
2045_scenario;r120640472472-electricity-pv_agri_vertical;flow_out_electricity;electricity;r120640472472;pv_agri_vertical;volatile;2224.091401343503
2045_scenario;r120670124124-electricity-pv_agri_vertical;flow_out_electricity;electricity;r120670124124;pv_agri_vertical;volatile;0.0
2045_scenario;r120670201201-electricity-pv_agri_vertical;flow_out_electricity;electricity;r120670201201;pv_agri_vertical;volatile;502.9650192932161
2045_scenario;r120640428428-electricity-pv_agri_vertical;invest_costs_out_electricity;electricity;r120640428428;pv_agri_vertical;volatile;82643.13310326205
2045_scenario;r120640472472-electricity-pv_agri_vertical;invest_costs_out_electricity;electricity;r120640472472;pv_agri_vertical;volatile;94731.44285989608
2045_scenario;r120670124124-electricity-pv_agri_vertical;invest_costs_out_electricity;electricity;r120670124124;pv_agri_vertical;volatile;0.0
2045_scenario;r120670201201-electricity-pv_agri_vertical;invest_costs_out_electricity;electricity;r120670201201;pv_agri_vertical;volatile;21422.95139350839
2045_scenario;r120640428428-electricity-pv_agri_vertical;invest_out_electricity;electricity;r120640428428;pv_agri_vertical;volatile;2.97133809586662
2045_scenario;r120640472472-electricity-pv_agri_vertical;invest_out_electricity;electricity;r120640472472;pv_agri_vertical;volatile;3.40595926698852
2045_scenario;r120670124124-electricity-pv_agri_vertical;invest_out_electricity;electricity;r120670124124;pv_agri_vertical;volatile;0.0
2045_scenario;r120670201201-electricity-pv_agri_vertical;invest_out_electricity;electricity;r120670201201;pv_agri_vertical;volatile;0.77023739554857
2045_scenario;r120640428428-electricity-pv_ground;flow_out_electricity;electricity;r120640428428;pv_ground;volatile;15013.030218159234
2045_scenario;r120640472472-electricity-pv_ground;flow_out_electricity;electricity;r120640472472;pv_ground;volatile;6308.807411735007
2045_scenario;r120670124124-electricity-pv_ground;flow_out_electricity;electricity;r120670124124;pv_ground;volatile;0.0
2045_scenario;r120670201201-electricity-pv_ground;flow_out_electricity;electricity;r120670201201;pv_ground;volatile;1501.7803519052004
2045_scenario;r120640428428-electricity-pv_ground;invest_costs_out_electricity;electricity;r120640428428;pv_ground;volatile;325558.7445101357
2045_scenario;r120640472472-electricity-pv_ground;invest_costs_out_electricity;electricity;r120640472472;pv_ground;volatile;136806.98636284482
2045_scenario;r120670124124-electricity-pv_ground;invest_costs_out_electricity;electricity;r120670124124;pv_ground;volatile;0.0
2045_scenario;r120670201201-electricity-pv_ground;invest_costs_out_electricity;electricity;r120670201201;pv_ground;volatile;32566.225391651387
2045_scenario;r120640428428-electricity-pv_ground;invest_out_electricity;electricity;r120640428428;pv_ground;volatile;14.0571443990255
2045_scenario;r120640472472-electricity-pv_ground;invest_out_electricity;electricity;r120640472472;pv_ground;volatile;5.9071230446957
2045_scenario;r120670124124-electricity-pv_ground;invest_out_electricity;electricity;r120670124124;pv_ground;volatile;0.0
2045_scenario;r120670201201-electricity-pv_ground;invest_out_electricity;electricity;r120670201201;pv_ground;volatile;1.40616137818839
2045_scenario;r120640428428-electricity-pv_rooftop;flow_out_electricity;electricity;r120640428428;pv_rooftop;volatile;78106.42532852612
2045_scenario;r120640472472-electricity-pv_rooftop;flow_out_electricity;electricity;r120640472472;pv_rooftop;volatile;52026.829321737125
2045_scenario;r120670124124-electricity-pv_rooftop;flow_out_electricity;electricity;r120670124124;pv_rooftop;volatile;20999.405148535876
2045_scenario;r120670201201-electricity-pv_rooftop;flow_out_electricity;electricity;r120670201201;pv_rooftop;volatile;0.0
2045_scenario;r120640428428-electricity-pv_rooftop;invest_costs_out_electricity;electricity;r120640428428;pv_rooftop;volatile;2903436.941007169
2045_scenario;r120640472472-electricity-pv_rooftop;invest_costs_out_electricity;electricity;r120640472472;pv_rooftop;volatile;1933984.5286843185
2045_scenario;r120670124124-electricity-pv_rooftop;invest_costs_out_electricity;electricity;r120670124124;pv_rooftop;volatile;780607.3366049629
2045_scenario;r120670201201-electricity-pv_rooftop;invest_costs_out_electricity;electricity;r120670201201;pv_rooftop;volatile;0.0
2045_scenario;r120640428428-electricity-pv_rooftop;invest_out_electricity;electricity;r120640428428;pv_rooftop;volatile;73.13335704918177
2045_scenario;r120640472472-electricity-pv_rooftop;invest_out_electricity;electricity;r120640472472;pv_rooftop;volatile;48.71425966454787
2045_scenario;r120670124124-electricity-pv_rooftop;invest_out_electricity;electricity;r120670124124;pv_rooftop;volatile;19.662364371288273
2045_scenario;r120670201201-electricity-pv_rooftop;invest_out_electricity;electricity;r120670201201;pv_rooftop;volatile;0.0
2045_scenario;r120640428428-electricity-small_battery_storage;flow_in_electricity;electricity;r120640428428;small_battery_storage;storage;18106.946765274413
2045_scenario;r120640472472-electricity-small_battery_storage;flow_in_electricity;electricity;r120640472472;small_battery_storage;storage;18521.489618097785
2045_scenario;r120670124124-electricity-small_battery_storage;flow_in_electricity;electricity;r120670124124;small_battery_storage;storage;6847.473049014952
2045_scenario;r120670201201-electricity-small_battery_storage;flow_in_electricity;electricity;r120670201201;small_battery_storage;storage;13388.8814392178
2045_scenario;r120640428428-electricity-small_battery_storage;flow_out_electricity;electricity;r120640428428;small_battery_storage;storage;10171.511165704747
2045_scenario;r120640472472-electricity-small_battery_storage;flow_out_electricity;electricity;r120640472472;small_battery_storage;storage;10232.3060067709
2045_scenario;r120670124124-electricity-small_battery_storage;flow_out_electricity;electricity;r120670124124;small_battery_storage;storage;3809.1608475308976
2045_scenario;r120670201201-electricity-small_battery_storage;flow_out_electricity;electricity;r120670201201;small_battery_storage;storage;8648.57370046054
2045_scenario;r120640428428-electricity-small_battery_storage;invest;electricity;r120640428428;small_battery_storage;storage;0.0
2045_scenario;r120640472472-electricity-small_battery_storage;invest;electricity;r120640472472;small_battery_storage;storage;0.0
2045_scenario;r120670124124-electricity-small_battery_storage;invest;electricity;r120670124124;small_battery_storage;storage;0.0
2045_scenario;r120670201201-electricity-small_battery_storage;invest;electricity;r120670201201;small_battery_storage;storage;0.0
2045_scenario;r120640428428-electricity-small_battery_storage;invest_costs;electricity;r120640428428;small_battery_storage;storage;0.0
2045_scenario;r120640472472-electricity-small_battery_storage;invest_costs;electricity;r120640472472;small_battery_storage;storage;0.0
2045_scenario;r120670124124-electricity-small_battery_storage;invest_costs;electricity;r120670124124;small_battery_storage;storage;0.0
2045_scenario;r120670201201-electricity-small_battery_storage;invest_costs;electricity;r120670201201;small_battery_storage;storage;0.0
2045_scenario;r120640428428-electricity-small_battery_storage;invest_costs_in_electricity;electricity;r120640428428;small_battery_storage;storage;0.0
2045_scenario;r120640472472-electricity-small_battery_storage;invest_costs_in_electricity;electricity;r120640472472;small_battery_storage;storage;0.04545009833696292
2045_scenario;r120670124124-electricity-small_battery_storage;invest_costs_in_electricity;electricity;r120670124124;small_battery_storage;storage;0.016390566415859967
2045_scenario;r120670201201-electricity-small_battery_storage;invest_costs_in_electricity;electricity;r120670201201;small_battery_storage;storage;0.17293530901374274
2045_scenario;r120640428428-electricity-small_battery_storage;invest_costs_out_electricity;electricity;r120640428428;small_battery_storage;storage;0.0
2045_scenario;r120640472472-electricity-small_battery_storage;invest_costs_out_electricity;electricity;r120640472472;small_battery_storage;storage;0.0
2045_scenario;r120670124124-electricity-small_battery_storage;invest_costs_out_electricity;electricity;r120670124124;small_battery_storage;storage;0.0
2045_scenario;r120670201201-electricity-small_battery_storage;invest_costs_out_electricity;electricity;r120670201201;small_battery_storage;storage;0.0
2045_scenario;r120640428428-electricity-small_battery_storage;invest_in_electricity;electricity;r120640428428;small_battery_storage;storage;0.0
2045_scenario;r120640472472-electricity-small_battery_storage;invest_in_electricity;electricity;r120640472472;small_battery_storage;storage;5.053318021404948
2045_scenario;r120670124124-electricity-small_battery_storage;invest_in_electricity;electricity;r120670124124;small_battery_storage;storage;1.8223666764421473
2045_scenario;r120670201201-electricity-small_battery_storage;invest_in_electricity;electricity;r120670201201;small_battery_storage;storage;19.22761766316512
2045_scenario;r120640428428-electricity-small_battery_storage;invest_out_electricity;electricity;r120640428428;small_battery_storage;storage;0.0
2045_scenario;r120640472472-electricity-small_battery_storage;invest_out_electricity;electricity;r120640472472;small_battery_storage;storage;5.053318021404948
2045_scenario;r120670124124-electricity-small_battery_storage;invest_out_electricity;electricity;r120670124124;small_battery_storage;storage;1.8223666764421473
2045_scenario;r120670201201-electricity-small_battery_storage;invest_out_electricity;electricity;r120670201201;small_battery_storage;storage;19.22761766316512
2045_scenario;r120640428428-electricity-small_battery_storage;storage_losses;electricity;r120640428428;small_battery_storage;storage;7935.435599569666
2045_scenario;r120640472472-electricity-small_battery_storage;storage_losses;electricity;r120640472472;small_battery_storage;storage;8289.183611326886
2045_scenario;r120670124124-electricity-small_battery_storage;storage_losses;electricity;r120670124124;small_battery_storage;storage;3038.3122014840546
2045_scenario;r120670201201-electricity-small_battery_storage;storage_losses;electricity;r120670201201;small_battery_storage;storage;4740.307738757259
2045_scenario;r120640428428-electricity-small_battery_storage;summed_variable_costs_in_electricity;electricity;r120640428428;small_battery_storage;storage;1810.6946765274415
2045_scenario;r120640472472-electricity-small_battery_storage;summed_variable_costs_in_electricity;electricity;r120640472472;small_battery_storage;storage;1852.1489618097785
2045_scenario;r120670124124-electricity-small_battery_storage;summed_variable_costs_in_electricity;electricity;r120670124124;small_battery_storage;storage;684.7473049014952
2045_scenario;r120670201201-electricity-small_battery_storage;summed_variable_costs_in_electricity;electricity;r120670201201;small_battery_storage;storage;1338.88814392178
2045_scenario;r120640428428-r120640472472-electricity-transmission;flow_in_electricity_from_bus;electricity;r120640428428_r120640472472;transmission;link;4.484473509671512
2045_scenario;r120640428428-r120670124124-electricity-transmission;flow_in_electricity_from_bus;electricity;r120640428428_r120670124124;transmission;link;0.5281528693382336
2045_scenario;r120640428428-r120670201201-electricity-transmission;flow_in_electricity_from_bus;electricity;r120640428428_r120670201201;transmission;link;2324.64100786321
2045_scenario;r120640472472-r120670124124-electricity-transmission;flow_in_electricity_from_bus;electricity;r120640472472_r120670124124;transmission;link;0.27442936550844266
2045_scenario;r120640472472-r120670201201-electricity-transmission;flow_in_electricity_from_bus;electricity;r120640472472_r120670201201;transmission;link;7797.251543748748
2045_scenario;r120670124124-r120670201201-electricity-transmission;flow_in_electricity_from_bus;electricity;r120670124124_r120670201201;transmission;link;2863.477903672973
2045_scenario;r120640428428-r120640472472-electricity-transmission;flow_in_electricity_to_bus;electricity;r120640428428_r120640472472;transmission;link;263.40634409623635
2045_scenario;r120640428428-r120670124124-electricity-transmission;flow_in_electricity_to_bus;electricity;r120640428428_r120670124124;transmission;link;114.15534749427715
2045_scenario;r120640472472-r120670124124-electricity-transmission;flow_in_electricity_to_bus;electricity;r120640472472_r120670124124;transmission;link;1.1554721990690444
2045_scenario;r120640428428-r120670201201-electricity-transmission;flow_in_electricity_to_bus;electricity;r120640428428_r120670201201;transmission;link;2456.882221906517
2045_scenario;r120640472472-r120670201201-electricity-transmission;flow_in_electricity_to_bus;electricity;r120640472472_r120670201201;transmission;link;4035.518507736996
2045_scenario;r120670124124-r120670201201-electricity-transmission;flow_in_electricity_to_bus;electricity;r120670124124_r120670201201;transmission;link;1625.1834842653163
2045_scenario;r120640428428-r120640472472-electricity-transmission;flow_out_electricity_from_bus;electricity;r120640428428_r120640472472;transmission;link;260.772280655274
2045_scenario;r120640428428-r120670124124-electricity-transmission;flow_out_electricity_from_bus;electricity;r120640428428_r120670124124;transmission;link;113.01379401933438
2045_scenario;r120640428428-r120670201201-electricity-transmission;flow_out_electricity_from_bus;electricity;r120640428428_r120670201201;transmission;link;2432.3133996874512
2045_scenario;r120640472472-r120670124124-electricity-transmission;flow_out_electricity_from_bus;electricity;r120640472472_r120670124124;transmission;link;1.1439174770783538
2045_scenario;r120640472472-r120670201201-electricity-transmission;flow_out_electricity_from_bus;electricity;r120640472472_r120670201201;transmission;link;3995.163322659627
2045_scenario;r120670124124-r120670201201-electricity-transmission;flow_out_electricity_from_bus;electricity;r120670124124_r120670201201;transmission;link;1608.931649422663
2045_scenario;r120640428428-r120640472472-electricity-transmission;flow_out_electricity_to_bus;electricity;r120640428428_r120640472472;transmission;link;4.439628774574796
2045_scenario;r120640428428-r120670124124-electricity-transmission;flow_out_electricity_to_bus;electricity;r120640428428_r120670124124;transmission;link;0.5228713406448513
2045_scenario;r120640428428-r120670201201-electricity-transmission;flow_out_electricity_to_bus;electricity;r120640428428_r120670201201;transmission;link;2301.3945977845774
2045_scenario;r120640472472-r120670124124-electricity-transmission;flow_out_electricity_to_bus;electricity;r120640472472_r120670124124;transmission;link;0.2716850718533582
2045_scenario;r120640472472-r120670201201-electricity-transmission;flow_out_electricity_to_bus;electricity;r120640472472_r120670201201;transmission;link;7719.279028311261
2045_scenario;r120670124124-r120670201201-electricity-transmission;flow_out_electricity_to_bus;electricity;r120670124124_r120670201201;transmission;link;2834.8431246362434
2045_scenario;r120640428428-r120640472472-electricity-transmission;summed_variable_costs_out_electricity_from_bus;electricity;r120640428428_r120640472472;transmission;link;1515.086950607142
2045_scenario;r120640428428-r120670124124-electricity-transmission;summed_variable_costs_out_electricity_from_bus;electricity;r120640428428_r120670124124;transmission;link;656.6101432523327
2045_scenario;r120640428428-r120670201201-electricity-transmission;summed_variable_costs_out_electricity_from_bus;electricity;r120640428428_r120670201201;transmission;link;14131.740852184092
2045_scenario;r120640472472-r120670124124-electricity-transmission;summed_variable_costs_out_electricity_from_bus;electricity;r120640472472_r120670124124;transmission;link;6.646160541825235
2045_scenario;r120640472472-r120670201201-electricity-transmission;summed_variable_costs_out_electricity_from_bus;electricity;r120640472472_r120670201201;transmission;link;23211.89890465243
2045_scenario;r120670124124-r120670201201-electricity-transmission;summed_variable_costs_out_electricity_from_bus;electricity;r120670124124_r120670201201;transmission;link;9347.89288314567
2045_scenario;r120640428428-r120640472472-electricity-transmission;summed_variable_costs_out_electricity_to_bus;electricity;r120640428428_r120640472472;transmission;link;25.794243180279565
2045_scenario;r120640428428-r120670124124-electricity-transmission;summed_variable_costs_out_electricity_to_bus;electricity;r120640428428_r120670124124;transmission;link;3.0378824891465857
2045_scenario;r120640428428-r120670201201-electricity-transmission;summed_variable_costs_out_electricity_to_bus;electricity;r120640428428_r120670201201;transmission;link;13371.102613128394
2045_scenario;r120640472472-r120670124124-electricity-transmission;summed_variable_costs_out_electricity_to_bus;electricity;r120640472472_r120670124124;transmission;link;1.5784902674680112
2045_scenario;r120640472472-r120670201201-electricity-transmission;summed_variable_costs_out_electricity_to_bus;electricity;r120640472472_r120670201201;transmission;link;44849.01115448842
2045_scenario;r120670124124-r120670201201-electricity-transmission;summed_variable_costs_out_electricity_to_bus;electricity;r120670124124_r120670201201;transmission;link;16470.438554136574
2045_scenario;r120640428428-r120640472472-electricity-transmission;transmission_losses;electricity;r120640428428_r120640472472;transmission;link;2.6789081760590534
2045_scenario;r120640428428-r120670124124-electricity-transmission;transmission_losses;electricity;r120640428428_r120670124124;transmission;link;1.1468350036361414
2045_scenario;r120640428428-r120670201201-electricity-transmission;transmission_losses;electricity;r120640428428_r120670201201;transmission;link;47.81523229769755
2045_scenario;r120640472472-r120670124124-electricity-transmission;transmission_losses;electricity;r120640472472_r120670124124;transmission;link;0.014299015645775182
2045_scenario;r120640472472-r120670201201-electricity-transmission;transmission_losses;electricity;r120640472472_r120670201201;transmission;link;118.3277005148575
2045_scenario;r120670124124-r120670201201-electricity-transmission;transmission_losses;electricity;r120670124124_r120670201201;transmission;link;44.88661387938282
2045_scenario;r120640428428-electricity-wind;flow_out_electricity;electricity;r120640428428;wind;volatile;0.0
2045_scenario;r120640472472-electricity-wind;flow_out_electricity;electricity;r120640472472;wind;volatile;0.0
2045_scenario;r120670124124-electricity-wind;flow_out_electricity;electricity;r120670124124;wind;volatile;0.0
2045_scenario;r120670201201-electricity-wind;flow_out_electricity;electricity;r120670201201;wind;volatile;289924.7086035443
2045_scenario;r120640428428-electricity-wind;invest_costs_out_electricity;electricity;r120640428428;wind;volatile;0.0
2045_scenario;r120640472472-electricity-wind;invest_costs_out_electricity;electricity;r120640472472;wind;volatile;0.0
2045_scenario;r120670124124-electricity-wind;invest_costs_out_electricity;electricity;r120670124124;wind;volatile;0.0
2045_scenario;r120670201201-electricity-wind;invest_costs_out_electricity;electricity;r120670201201;wind;volatile;6324757.968981164
2045_scenario;r120640428428-electricity-wind;invest_out_electricity;electricity;r120640428428;wind;volatile;0.0
2045_scenario;r120640472472-electricity-wind;invest_out_electricity;electricity;r120640472472;wind;volatile;0.0
2045_scenario;r120670124124-electricity-wind;invest_out_electricity;electricity;r120670124124;wind;volatile;0.0
2045_scenario;r120670201201-electricity-wind;invest_out_electricity;electricity;r120670201201;wind;volatile;92.0395900328712
2045_scenario;r120640428428-h2-boiler_heat_high;flow_in_h2;h2;r120640428428;boiler_heat_high;conversion;0.0
2045_scenario;r120640472472-h2-boiler_heat_high;flow_in_h2;h2;r120640472472;boiler_heat_high;conversion;0.0
2045_scenario;r120670124124-h2-boiler_heat_high;flow_in_h2;h2;r120670124124;boiler_heat_high;conversion;0.0
2045_scenario;r120670201201-h2-boiler_heat_high;flow_in_h2;h2;r120670201201;boiler_heat_high;conversion;0.0
2045_scenario;r120640428428-h2-boiler_heat_high;flow_out_heat_high;h2;r120640428428;boiler_heat_high;conversion;0.0
2045_scenario;r120640472472-h2-boiler_heat_high;flow_out_heat_high;h2;r120640472472;boiler_heat_high;conversion;0.0
2045_scenario;r120670124124-h2-boiler_heat_high;flow_out_heat_high;h2;r120670124124;boiler_heat_high;conversion;0.0
2045_scenario;r120670201201-h2-boiler_heat_high;flow_out_heat_high;h2;r120670201201;boiler_heat_high;conversion;0.0
2045_scenario;r120640428428-h2-boiler_heat_high;invest_costs_out_heat_high;h2;r120640428428;boiler_heat_high;conversion;0.0
2045_scenario;r120640472472-h2-boiler_heat_high;invest_costs_out_heat_high;h2;r120640472472;boiler_heat_high;conversion;0.0
2045_scenario;r120670124124-h2-boiler_heat_high;invest_costs_out_heat_high;h2;r120670124124;boiler_heat_high;conversion;0.0
2045_scenario;r120670201201-h2-boiler_heat_high;invest_costs_out_heat_high;h2;r120670201201;boiler_heat_high;conversion;0.0
2045_scenario;r120640428428-h2-boiler_heat_high;invest_out_heat_high;h2;r120640428428;boiler_heat_high;conversion;0.0
2045_scenario;r120640472472-h2-boiler_heat_high;invest_out_heat_high;h2;r120640472472;boiler_heat_high;conversion;0.0
2045_scenario;r120670124124-h2-boiler_heat_high;invest_out_heat_high;h2;r120670124124;boiler_heat_high;conversion;0.0
2045_scenario;r120670201201-h2-boiler_heat_high;invest_out_heat_high;h2;r120670201201;boiler_heat_high;conversion;0.0
2045_scenario;r120640428428-h2-boiler_heat_high;summed_variable_costs_out_heat_high;h2;r120640428428;boiler_heat_high;conversion;0.0
2045_scenario;r120640472472-h2-boiler_heat_high;summed_variable_costs_out_heat_high;h2;r120640472472;boiler_heat_high;conversion;0.0
2045_scenario;r120670124124-h2-boiler_heat_high;summed_variable_costs_out_heat_high;h2;r120670124124;boiler_heat_high;conversion;0.0
2045_scenario;r120670201201-h2-boiler_heat_high;summed_variable_costs_out_heat_high;h2;r120670201201;boiler_heat_high;conversion;0.0
2045_scenario;r120640428428-h2-bpchp_heat_high;flow_in_h2;h2;r120640428428;bpchp_heat_high;backpressure;0.0
2045_scenario;r120640472472-h2-bpchp_heat_high;flow_in_h2;h2;r120640472472;bpchp_heat_high;backpressure;0.0
2045_scenario;r120670124124-h2-bpchp_heat_high;flow_in_h2;h2;r120670124124;bpchp_heat_high;backpressure;0.0
2045_scenario;r120670201201-h2-bpchp_heat_high;flow_in_h2;h2;r120670201201;bpchp_heat_high;backpressure;0.0
2045_scenario;r120640428428-h2-bpchp_heat_high;flow_out_electricity;h2;r120640428428;bpchp_heat_high;backpressure;0.0
2045_scenario;r120640472472-h2-bpchp_heat_high;flow_out_electricity;h2;r120640472472;bpchp_heat_high;backpressure;0.0
2045_scenario;r120670124124-h2-bpchp_heat_high;flow_out_electricity;h2;r120670124124;bpchp_heat_high;backpressure;0.0
2045_scenario;r120670201201-h2-bpchp_heat_high;flow_out_electricity;h2;r120670201201;bpchp_heat_high;backpressure;0.0
2045_scenario;r120640428428-h2-bpchp_heat_high;flow_out_heat_high;h2;r120640428428;bpchp_heat_high;backpressure;0.0
2045_scenario;r120640472472-h2-bpchp_heat_high;flow_out_heat_high;h2;r120640472472;bpchp_heat_high;backpressure;0.0
2045_scenario;r120670124124-h2-bpchp_heat_high;flow_out_heat_high;h2;r120670124124;bpchp_heat_high;backpressure;0.0
2045_scenario;r120670201201-h2-bpchp_heat_high;flow_out_heat_high;h2;r120670201201;bpchp_heat_high;backpressure;0.0
2045_scenario;r120640428428-h2-bpchp_heat_high;invest_costs_out_electricity;h2;r120640428428;bpchp_heat_high;backpressure;0.0
2045_scenario;r120640472472-h2-bpchp_heat_high;invest_costs_out_electricity;h2;r120640472472;bpchp_heat_high;backpressure;0.0
2045_scenario;r120670124124-h2-bpchp_heat_high;invest_costs_out_electricity;h2;r120670124124;bpchp_heat_high;backpressure;0.0
2045_scenario;r120670201201-h2-bpchp_heat_high;invest_costs_out_electricity;h2;r120670201201;bpchp_heat_high;backpressure;0.0
2045_scenario;r120640428428-h2-bpchp_heat_high;invest_out_electricity;h2;r120640428428;bpchp_heat_high;backpressure;0.0
2045_scenario;r120640472472-h2-bpchp_heat_high;invest_out_electricity;h2;r120640472472;bpchp_heat_high;backpressure;0.0
2045_scenario;r120670124124-h2-bpchp_heat_high;invest_out_electricity;h2;r120670124124;bpchp_heat_high;backpressure;0.0
2045_scenario;r120670201201-h2-bpchp_heat_high;invest_out_electricity;h2;r120670201201;bpchp_heat_high;backpressure;0.0
2045_scenario;r120640428428-h2-commodity;flow_out_h2;h2;r120640428428;commodity;shortage;0.0
2045_scenario;r120640472472-h2-commodity;flow_out_h2;h2;r120640472472;commodity;shortage;0.0
2045_scenario;r120670124124-h2-commodity;flow_out_h2;h2;r120670124124;commodity;shortage;0.0
2045_scenario;r120670201201-h2-commodity;flow_out_h2;h2;r120670201201;commodity;shortage;0.0
2045_scenario;r120640428428-h2-commodity;summed_variable_costs_out_h2;h2;r120640428428;commodity;shortage;0.0
2045_scenario;r120640472472-h2-commodity;summed_variable_costs_out_h2;h2;r120640472472;commodity;shortage;0.0
2045_scenario;r120670124124-h2-commodity;summed_variable_costs_out_h2;h2;r120670124124;commodity;shortage;0.0
2045_scenario;r120670201201-h2-commodity;summed_variable_costs_out_h2;h2;r120670201201;commodity;shortage;0.0
2045_scenario;r120640428428-h2-export;flow_in_h2;h2;r120640428428;export;excess;0.0
2045_scenario;r120640472472-h2-export;flow_in_h2;h2;r120640472472;export;excess;0.0
2045_scenario;r120670124124-h2-export;flow_in_h2;h2;r120670124124;export;excess;0.0
2045_scenario;r120670201201-h2-export;flow_in_h2;h2;r120670201201;export;excess;0.0
2045_scenario;r120640428428-r120640472472-h2-transmission;flow_in_h2_from_bus;h2;r120640428428_r120640472472;transmission;link;0.0
2045_scenario;r120640428428-r120670124124-h2-transmission;flow_in_h2_from_bus;h2;r120640428428_r120670124124;transmission;link;0.0
2045_scenario;r120640428428-r120670201201-h2-transmission;flow_in_h2_from_bus;h2;r120640428428_r120670201201;transmission;link;0.0
2045_scenario;r120640472472-r120670124124-h2-transmission;flow_in_h2_from_bus;h2;r120640472472_r120670124124;transmission;link;0.0
2045_scenario;r120640472472-r120670201201-h2-transmission;flow_in_h2_from_bus;h2;r120640472472_r120670201201;transmission;link;0.0
2045_scenario;r120670124124-r120670201201-h2-transmission;flow_in_h2_from_bus;h2;r120670124124_r120670201201;transmission;link;0.0
2045_scenario;r120640428428-r120640472472-h2-transmission;flow_in_h2_to_bus;h2;r120640428428_r120640472472;transmission;link;0.0
2045_scenario;r120640428428-r120670124124-h2-transmission;flow_in_h2_to_bus;h2;r120640428428_r120670124124;transmission;link;0.0
2045_scenario;r120640472472-r120670124124-h2-transmission;flow_in_h2_to_bus;h2;r120640472472_r120670124124;transmission;link;0.0
2045_scenario;r120640428428-r120670201201-h2-transmission;flow_in_h2_to_bus;h2;r120640428428_r120670201201;transmission;link;0.0
2045_scenario;r120640472472-r120670201201-h2-transmission;flow_in_h2_to_bus;h2;r120640472472_r120670201201;transmission;link;0.0
2045_scenario;r120670124124-r120670201201-h2-transmission;flow_in_h2_to_bus;h2;r120670124124_r120670201201;transmission;link;0.0
2045_scenario;r120640428428-r120640472472-h2-transmission;flow_out_h2_from_bus;h2;r120640428428_r120640472472;transmission;link;0.0
2045_scenario;r120640428428-r120670124124-h2-transmission;flow_out_h2_from_bus;h2;r120640428428_r120670124124;transmission;link;0.0
2045_scenario;r120640428428-r120670201201-h2-transmission;flow_out_h2_from_bus;h2;r120640428428_r120670201201;transmission;link;0.0
2045_scenario;r120640472472-r120670124124-h2-transmission;flow_out_h2_from_bus;h2;r120640472472_r120670124124;transmission;link;0.0
2045_scenario;r120640472472-r120670201201-h2-transmission;flow_out_h2_from_bus;h2;r120640472472_r120670201201;transmission;link;0.0
2045_scenario;r120670124124-r120670201201-h2-transmission;flow_out_h2_from_bus;h2;r120670124124_r120670201201;transmission;link;0.0
2045_scenario;r120640428428-r120640472472-h2-transmission;flow_out_h2_to_bus;h2;r120640428428_r120640472472;transmission;link;0.0
2045_scenario;r120640428428-r120670124124-h2-transmission;flow_out_h2_to_bus;h2;r120640428428_r120670124124;transmission;link;0.0
2045_scenario;r120640428428-r120670201201-h2-transmission;flow_out_h2_to_bus;h2;r120640428428_r120670201201;transmission;link;0.0
2045_scenario;r120640472472-r120670124124-h2-transmission;flow_out_h2_to_bus;h2;r120640472472_r120670124124;transmission;link;0.0
2045_scenario;r120640472472-r120670201201-h2-transmission;flow_out_h2_to_bus;h2;r120640472472_r120670201201;transmission;link;0.0
2045_scenario;r120670124124-r120670201201-h2-transmission;flow_out_h2_to_bus;h2;r120670124124_r120670201201;transmission;link;0.0
2045_scenario;r120640428428-r120640472472-h2-transmission;summed_variable_costs_out_h2_from_bus;h2;r120640428428_r120640472472;transmission;link;0.0
2045_scenario;r120640428428-r120670124124-h2-transmission;summed_variable_costs_out_h2_from_bus;h2;r120640428428_r120670124124;transmission;link;0.0
2045_scenario;r120640428428-r120670201201-h2-transmission;summed_variable_costs_out_h2_from_bus;h2;r120640428428_r120670201201;transmission;link;0.0
2045_scenario;r120640472472-r120670124124-h2-transmission;summed_variable_costs_out_h2_from_bus;h2;r120640472472_r120670124124;transmission;link;0.0
2045_scenario;r120640472472-r120670201201-h2-transmission;summed_variable_costs_out_h2_from_bus;h2;r120640472472_r120670201201;transmission;link;0.0
2045_scenario;r120670124124-r120670201201-h2-transmission;summed_variable_costs_out_h2_from_bus;h2;r120670124124_r120670201201;transmission;link;0.0
2045_scenario;r120640428428-r120640472472-h2-transmission;summed_variable_costs_out_h2_to_bus;h2;r120640428428_r120640472472;transmission;link;0.0
2045_scenario;r120640428428-r120670124124-h2-transmission;summed_variable_costs_out_h2_to_bus;h2;r120640428428_r120670124124;transmission;link;0.0
2045_scenario;r120640428428-r120670201201-h2-transmission;summed_variable_costs_out_h2_to_bus;h2;r120640428428_r120670201201;transmission;link;0.0
2045_scenario;r120640472472-r120670124124-h2-transmission;summed_variable_costs_out_h2_to_bus;h2;r120640472472_r120670124124;transmission;link;0.0
2045_scenario;r120640472472-r120670201201-h2-transmission;summed_variable_costs_out_h2_to_bus;h2;r120640472472_r120670201201;transmission;link;0.0
2045_scenario;r120670124124-r120670201201-h2-transmission;summed_variable_costs_out_h2_to_bus;h2;r120670124124_r120670201201;transmission;link;0.0
2045_scenario;r120640428428-r120640472472-h2-transmission;transmission_losses;h2;r120640428428_r120640472472;transmission;link;0.0
2045_scenario;r120640428428-r120670124124-h2-transmission;transmission_losses;h2;r120640428428_r120670124124;transmission;link;0.0
2045_scenario;r120640428428-r120670201201-h2-transmission;transmission_losses;h2;r120640428428_r120670201201;transmission;link;0.0
2045_scenario;r120640472472-r120670124124-h2-transmission;transmission_losses;h2;r120640472472_r120670124124;transmission;link;0.0
2045_scenario;r120640472472-r120670201201-h2-transmission;transmission_losses;h2;r120640472472_r120670201201;transmission;link;0.0
2045_scenario;r120670124124-r120670201201-h2-transmission;transmission_losses;h2;r120670124124_r120670201201;transmission;link;0.0
2045_scenario;r120640428428-heat_high-demand_ind;flow_in_heat_high;heat_high;r120640428428;demand_ind;load;4637.3071033361675
2045_scenario;r120640472472-heat_high-demand_ind;flow_in_heat_high;heat_high;r120640472472;demand_ind;load;3927.526073899517
2045_scenario;r120670124124-heat_high-demand_ind;flow_in_heat_high;heat_high;r120670124124;demand_ind;load;2727.7576444361844
2045_scenario;r120670201201-heat_high-demand_ind;flow_in_heat_high;heat_high;r120670201201;demand_ind;load;79110.26369319638
2045_scenario;r120640428428-heat_low_central-demand_cts;flow_in_heat_low_central;heat_low_central;r120640428428;demand_cts;load;254.3048191227834
2045_scenario;r120640472472-heat_low_central-demand_cts;flow_in_heat_low_central;heat_low_central;r120640472472;demand_cts;load;4332.122318166934
2045_scenario;r120670124124-heat_low_central-demand_cts;flow_in_heat_low_central;heat_low_central;r120670124124;demand_cts;load;6.37862121270399
2045_scenario;r120670201201-heat_low_central-demand_cts;flow_in_heat_low_central;heat_low_central;r120670201201;demand_cts;load;715.1920101568411
2045_scenario;r120640428428-heat_low_central-demand_hh;flow_in_heat_low_central;heat_low_central;r120640428428;demand_hh;load;1603.4399323662512
2045_scenario;r120640472472-heat_low_central-demand_hh;flow_in_heat_low_central;heat_low_central;r120640472472;demand_hh;load;24752.954347759613
2045_scenario;r120670124124-heat_low_central-demand_hh;flow_in_heat_low_central;heat_low_central;r120670124124;demand_hh;load;62.704234356370364
2045_scenario;r120670201201-heat_low_central-demand_hh;flow_in_heat_low_central;heat_low_central;r120670201201;demand_hh;load;7678.850021100875
2045_scenario;r120640428428-heat_low_central-demand_ind;flow_in_heat_low_central;heat_low_central;r120640428428;demand_ind;load;24.099639938017795
2045_scenario;r120640472472-heat_low_central-demand_ind;flow_in_heat_low_central;heat_low_central;r120640472472;demand_ind;load;245.82399159586745
2045_scenario;r120670124124-heat_low_central-demand_ind;flow_in_heat_low_central;heat_low_central;r120670124124;demand_ind;load;0.8994329109801891
2045_scenario;r120670201201-heat_low_central-demand_ind;flow_in_heat_low_central;heat_low_central;r120670201201;demand_ind;load;2006.6006630703273
2045_scenario;r120640428428-heat_low_central-storage;flow_in_heat_low_central;heat_low_central;r120640428428;storage;storage;3738.4703076755263
2045_scenario;r120640472472-heat_low_central-storage;flow_in_heat_low_central;heat_low_central;r120640472472;storage;storage;2783.018288859096
2045_scenario;r120670124124-heat_low_central-storage;flow_in_heat_low_central;heat_low_central;r120670124124;storage;storage;6.626442245761694
2045_scenario;r120670201201-heat_low_central-storage;flow_in_heat_low_central;heat_low_central;r120670201201;storage;storage;1312.5085468272948
2045_scenario;r120640428428-heat_low_central-storage;flow_out_heat_low_central;heat_low_central;r120640428428;storage;storage;80.16868323102577
2045_scenario;r120640472472-heat_low_central-storage;flow_out_heat_low_central;heat_low_central;r120640472472;storage;storage;1590.9560137463614
2045_scenario;r120670124124-heat_low_central-storage;flow_out_heat_low_central;heat_low_central;r120670124124;storage;storage;3.8005475707805387
2045_scenario;r120670201201-heat_low_central-storage;flow_out_heat_low_central;heat_low_central;r120670201201;storage;storage;745.9160018804299
2045_scenario;r120640428428-heat_low_central-storage;invest;heat_low_central;r120640428428;storage;storage;5.938312628024859
2045_scenario;r120640472472-heat_low_central-storage;invest;heat_low_central;r120640472472;storage;storage;20.520493375752068
2045_scenario;r120670124124-heat_low_central-storage;invest;heat_low_central;r120670124124;storage;storage;0.04878463590155227
2045_scenario;r120670201201-heat_low_central-storage;invest;heat_low_central;r120670201201;storage;storage;8.626980754881881
2045_scenario;r120640428428-heat_low_central-storage;invest_costs;heat_low_central;r120640428428;storage;storage;1006.6157169830544
2045_scenario;r120640472472-heat_low_central-storage;invest_costs;heat_low_central;r120640472472;storage;storage;3478.4714861246975
2045_scenario;r120670124124-heat_low_central-storage;invest_costs;heat_low_central;r120670124124;storage;storage;8.269585035662208
2045_scenario;r120670201201-heat_low_central-storage;invest_costs;heat_low_central;r120670201201;storage;storage;1462.377439845709
2045_scenario;r120640428428-heat_low_central-storage;invest_costs_in_heat_low_central;heat_low_central;r120640428428;storage;storage;8.931336583822423
2045_scenario;r120640472472-heat_low_central-storage;invest_costs_in_heat_low_central;heat_low_central;r120640472472;storage;storage;86.12070937635168
2045_scenario;r120670124124-heat_low_central-storage;invest_costs_in_heat_low_central;heat_low_central;r120670124124;storage;storage;0.20420162857495852
2045_scenario;r120670201201-heat_low_central-storage;invest_costs_in_heat_low_central;heat_low_central;r120670201201;storage;storage;25.232587513480954
2045_scenario;r120640428428-heat_low_central-storage;invest_costs_out_heat_low_central;heat_low_central;r120640428428;storage;storage;0.0
2045_scenario;r120640472472-heat_low_central-storage;invest_costs_out_heat_low_central;heat_low_central;r120640472472;storage;storage;0.0
2045_scenario;r120670124124-heat_low_central-storage;invest_costs_out_heat_low_central;heat_low_central;r120670124124;storage;storage;0.0
2045_scenario;r120670201201-heat_low_central-storage;invest_costs_out_heat_low_central;heat_low_central;r120670201201;storage;storage;0.0
2045_scenario;r120640428428-heat_low_central-storage;invest_in_heat_low_central;heat_low_central;r120640428428;storage;storage;0.9809209482326162
2045_scenario;r120640472472-heat_low_central-storage;invest_in_heat_low_central;heat_low_central;r120640472472;storage;storage;9.45856279304635
2045_scenario;r120670124124-heat_low_central-storage;invest_in_heat_low_central;heat_low_central;r120670124124;storage;storage;0.02242728770240414
2045_scenario;r120670201201-heat_low_central-storage;invest_in_heat_low_central;heat_low_central;r120670201201;storage;storage;2.771273194979427
2045_scenario;r120640428428-heat_low_central-storage;invest_out_heat_low_central;heat_low_central;r120640428428;storage;storage;0.9809209482326162
2045_scenario;r120640472472-heat_low_central-storage;invest_out_heat_low_central;heat_low_central;r120640472472;storage;storage;9.45856279304635
2045_scenario;r120670124124-heat_low_central-storage;invest_out_heat_low_central;heat_low_central;r120670124124;storage;storage;0.02242728770240414
2045_scenario;r120670201201-heat_low_central-storage;invest_out_heat_low_central;heat_low_central;r120670201201;storage;storage;2.771273194979427
2045_scenario;r120640428428-heat_low_central-storage;storage_losses;heat_low_central;r120640428428;storage;storage;3658.3016244445007
2045_scenario;r120640472472-heat_low_central-storage;storage_losses;heat_low_central;r120640472472;storage;storage;1192.0622751127348
2045_scenario;r120670124124-heat_low_central-storage;storage_losses;heat_low_central;r120670124124;storage;storage;2.825894674981155
2045_scenario;r120670201201-heat_low_central-storage;storage_losses;heat_low_central;r120670201201;storage;storage;566.5925449468649
2045_scenario;r120640428428-heat_low_central-storage;summed_variable_costs_in_heat_low_central;heat_low_central;r120640428428;storage;storage;373.84703076755267
2045_scenario;r120640472472-heat_low_central-storage;summed_variable_costs_in_heat_low_central;heat_low_central;r120640472472;storage;storage;278.30182888590963
2045_scenario;r120670124124-heat_low_central-storage;summed_variable_costs_in_heat_low_central;heat_low_central;r120670124124;storage;storage;0.6626442245761694
2045_scenario;r120670201201-heat_low_central-storage;summed_variable_costs_in_heat_low_central;heat_low_central;r120670201201;storage;storage;131.25085468272948
2045_scenario;r120640428428-heat_low_decentral-demand_cts;flow_in_heat_low_decentral;heat_low_decentral;r120640428428;demand_cts;load;11979.171979321722
2045_scenario;r120640472472-heat_low_decentral-demand_cts;flow_in_heat_low_decentral;heat_low_decentral;r120640472472;demand_cts;load;12971.440333978917
2045_scenario;r120670124124-heat_low_decentral-demand_cts;flow_in_heat_low_decentral;heat_low_decentral;r120670124124;demand_cts;load;4829.816652915781
2045_scenario;r120670201201-heat_low_decentral-demand_cts;flow_in_heat_low_decentral;heat_low_decentral;r120670201201;demand_cts;load;6333.92214046211
2045_scenario;r120640428428-heat_low_decentral-demand_hh;flow_in_heat_low_decentral;heat_low_decentral;r120640428428;demand_hh;load;45318.56558892815
2045_scenario;r120640472472-heat_low_decentral-demand_hh;flow_in_heat_low_decentral;heat_low_decentral;r120640472472;demand_hh;load;44469.86213642236
2045_scenario;r120670124124-heat_low_decentral-demand_hh;flow_in_heat_low_decentral;heat_low_decentral;r120670124124;demand_hh;load;28487.3434433975
2045_scenario;r120670201201-heat_low_decentral-demand_hh;flow_in_heat_low_decentral;heat_low_decentral;r120670201201;demand_hh;load;40803.50798488867
2045_scenario;r120640428428-heat_low_decentral-demand_ind;flow_in_heat_low_decentral;heat_low_decentral;r120640428428;demand_ind;load;1135.2271358957557
2045_scenario;r120640472472-heat_low_decentral-demand_ind;flow_in_heat_low_decentral;heat_low_decentral;r120640472472;demand_ind;load;736.0575268787832
2045_scenario;r120670124124-heat_low_decentral-demand_ind;flow_in_heat_low_decentral;heat_low_decentral;r120670124124;demand_ind;load;681.0399781979074
2045_scenario;r120670201201-heat_low_decentral-demand_ind;flow_in_heat_low_decentral;heat_low_decentral;r120670201201;demand_ind;load;17770.96526022415
2045_scenario;r120640428428-heat_low_decentral-solarthermal_plant;flow_out_heat_low_decentral;heat_low_decentral;r120640428428;solarthermal_plant;volatile;0.0
2045_scenario;r120640472472-heat_low_decentral-solarthermal_plant;flow_out_heat_low_decentral;heat_low_decentral;r120640472472;solarthermal_plant;volatile;0.0
2045_scenario;r120670124124-heat_low_decentral-solarthermal_plant;flow_out_heat_low_decentral;heat_low_decentral;r120670124124;solarthermal_plant;volatile;0.0
2045_scenario;r120670201201-heat_low_decentral-solarthermal_plant;flow_out_heat_low_decentral;heat_low_decentral;r120670201201;solarthermal_plant;volatile;0.0
2045_scenario;r120640428428-heat_low_decentral-solarthermal_plant;invest_costs_out_heat_low_decentral;heat_low_decentral;r120640428428;solarthermal_plant;volatile;0.0
2045_scenario;r120640472472-heat_low_decentral-solarthermal_plant;invest_costs_out_heat_low_decentral;heat_low_decentral;r120640472472;solarthermal_plant;volatile;0.0
2045_scenario;r120670124124-heat_low_decentral-solarthermal_plant;invest_costs_out_heat_low_decentral;heat_low_decentral;r120670124124;solarthermal_plant;volatile;0.0
2045_scenario;r120670201201-heat_low_decentral-solarthermal_plant;invest_costs_out_heat_low_decentral;heat_low_decentral;r120670201201;solarthermal_plant;volatile;0.0
2045_scenario;r120640428428-heat_low_decentral-solarthermal_plant;invest_out_heat_low_decentral;heat_low_decentral;r120640428428;solarthermal_plant;volatile;0.0
2045_scenario;r120640472472-heat_low_decentral-solarthermal_plant;invest_out_heat_low_decentral;heat_low_decentral;r120640472472;solarthermal_plant;volatile;0.0
2045_scenario;r120670124124-heat_low_decentral-solarthermal_plant;invest_out_heat_low_decentral;heat_low_decentral;r120670124124;solarthermal_plant;volatile;0.0
2045_scenario;r120670201201-heat_low_decentral-solarthermal_plant;invest_out_heat_low_decentral;heat_low_decentral;r120670201201;solarthermal_plant;volatile;0.0
2045_scenario;r120640428428-heat_low_decentral-storage;flow_in_heat_low_decentral;heat_low_decentral;r120640428428;storage;storage;748.9190273373831
2045_scenario;r120640472472-heat_low_decentral-storage;flow_in_heat_low_decentral;heat_low_decentral;r120640472472;storage;storage;733.3491139052932
2045_scenario;r120670124124-heat_low_decentral-storage;flow_in_heat_low_decentral;heat_low_decentral;r120670124124;storage;storage;511.5054922248878
2045_scenario;r120670201201-heat_low_decentral-storage;flow_in_heat_low_decentral;heat_low_decentral;r120670201201;storage;storage;714.6639144851175
2045_scenario;r120640428428-heat_low_decentral-storage;flow_out_heat_low_decentral;heat_low_decentral;r120640428428;storage;storage;649.6507604713019
2045_scenario;r120640472472-heat_low_decentral-storage;flow_out_heat_low_decentral;heat_low_decentral;r120640472472;storage;storage;630.3426894688333
2045_scenario;r120670124124-heat_low_decentral-storage;flow_out_heat_low_decentral;heat_low_decentral;r120670124124;storage;storage;438.6370649136445
2045_scenario;r120670201201-heat_low_decentral-storage;flow_out_heat_low_decentral;heat_low_decentral;r120670201201;storage;storage;623.7444468591979
2045_scenario;r120640428428-heat_low_decentral-storage;invest;heat_low_decentral;r120640428428;storage;storage;1.9354665505875763
2045_scenario;r120640472472-heat_low_decentral-storage;invest;heat_low_decentral;r120640472472;storage;storage;1.8597588396540787
2045_scenario;r120670124124-heat_low_decentral-storage;invest;heat_low_decentral;r120670124124;storage;storage;1.3042242481002286
2045_scenario;r120670201201-heat_low_decentral-storage;invest;heat_low_decentral;r120670201201;storage;storage;1.8870326942844289
2045_scenario;r120640428428-heat_low_decentral-storage;invest_costs;heat_low_decentral;r120640428428;storage;storage;82696.58731486613
2045_scenario;r120640472472-heat_low_decentral-storage;invest_costs;heat_low_decentral;r120640472472;storage;storage;79461.82754817321
2045_scenario;r120670124124-heat_low_decentral-storage;invest_costs;heat_low_decentral;r120670124124;storage;storage;55725.52745922847
2045_scenario;r120670201201-heat_low_decentral-storage;invest_costs;heat_low_decentral;r120670201201;storage;storage;80627.15623864683
2045_scenario;r120640428428-heat_low_decentral-storage;invest_costs_in_heat_low_decentral;heat_low_decentral;r120640428428;storage;storage;8221.093045841108
2045_scenario;r120640472472-heat_low_decentral-storage;invest_costs_in_heat_low_decentral;heat_low_decentral;r120640472472;storage;storage;7899.516764565167
2045_scenario;r120670124124-heat_low_decentral-storage;invest_costs_in_heat_low_decentral;heat_low_decentral;r120670124124;storage;storage;5539.826504890548
2045_scenario;r120670201201-heat_low_decentral-storage;invest_costs_in_heat_low_decentral;heat_low_decentral;r120670201201;storage;storage;8015.365264538873
2045_scenario;r120640428428-heat_low_decentral-storage;invest_costs_out_heat_low_decentral;heat_low_decentral;r120640428428;storage;storage;0.0
2045_scenario;r120640472472-heat_low_decentral-storage;invest_costs_out_heat_low_decentral;heat_low_decentral;r120640472472;storage;storage;0.0
2045_scenario;r120670124124-heat_low_decentral-storage;invest_costs_out_heat_low_decentral;heat_low_decentral;r120670124124;storage;storage;0.0
2045_scenario;r120670201201-heat_low_decentral-storage;invest_costs_out_heat_low_decentral;heat_low_decentral;r120670201201;storage;storage;0.0
2045_scenario;r120640428428-heat_low_decentral-storage;invest_in_heat_low_decentral;heat_low_decentral;r120640428428;storage;storage;1.8948217530252371
2045_scenario;r120640472472-heat_low_decentral-storage;invest_in_heat_low_decentral;heat_low_decentral;r120640472472;storage;storage;1.820703904021343
2045_scenario;r120670124124-heat_low_decentral-storage;invest_in_heat_low_decentral;heat_low_decentral;r120670124124;storage;storage;1.2768355388901238
2045_scenario;r120670201201-heat_low_decentral-storage;invest_in_heat_low_decentral;heat_low_decentral;r120670201201;storage;storage;1.847405007704456
2045_scenario;r120640428428-heat_low_decentral-storage;invest_out_heat_low_decentral;heat_low_decentral;r120640428428;storage;storage;1.8948217530252371
2045_scenario;r120640472472-heat_low_decentral-storage;invest_out_heat_low_decentral;heat_low_decentral;r120640472472;storage;storage;1.820703904021343
2045_scenario;r120670124124-heat_low_decentral-storage;invest_out_heat_low_decentral;heat_low_decentral;r120670124124;storage;storage;1.2768355388901238
2045_scenario;r120670201201-heat_low_decentral-storage;invest_out_heat_low_decentral;heat_low_decentral;r120670201201;storage;storage;1.847405007704456
2045_scenario;r120640428428-heat_low_decentral-storage;storage_losses;heat_low_decentral;r120640428428;storage;storage;99.26826686608126
2045_scenario;r120640472472-heat_low_decentral-storage;storage_losses;heat_low_decentral;r120640472472;storage;storage;103.00642443645984
2045_scenario;r120670124124-heat_low_decentral-storage;storage_losses;heat_low_decentral;r120670124124;storage;storage;72.8684273112433
2045_scenario;r120670201201-heat_low_decentral-storage;storage_losses;heat_low_decentral;r120670201201;storage;storage;90.91946762591965
2045_scenario;r120640428428-heat_low_decentral-storage;summed_variable_costs_in_heat_low_decentral;heat_low_decentral;r120640428428;storage;storage;74.89190273373832
2045_scenario;r120640472472-heat_low_decentral-storage;summed_variable_costs_in_heat_low_decentral;heat_low_decentral;r120640472472;storage;storage;73.33491139052931
2045_scenario;r120670124124-heat_low_decentral-storage;summed_variable_costs_in_heat_low_decentral;heat_low_decentral;r120670124124;storage;storage;51.150549222488785
2045_scenario;r120670201201-heat_low_decentral-storage;summed_variable_costs_in_heat_low_decentral;heat_low_decentral;r120670201201;storage;storage;71.46639144851176
2045_scenario;r120640428428-heat_low_decentral-storage;summed_variable_costs_out_heat_low_decentral;heat_low_decentral;r120640428428;storage;storage;825.0564657985534
2045_scenario;r120640472472-heat_low_decentral-storage;summed_variable_costs_out_heat_low_decentral;heat_low_decentral;r120640472472;storage;storage;800.5352156254183
2045_scenario;r120670124124-heat_low_decentral-storage;summed_variable_costs_out_heat_low_decentral;heat_low_decentral;r120670124124;storage;storage;557.0690724403286
2045_scenario;r120670201201-heat_low_decentral-storage;summed_variable_costs_out_heat_low_decentral;heat_low_decentral;r120670201201;storage;storage;792.1554475111813
2045_scenario;r120640428428-residual_waste-bpchp_heat_high;flow_in_residual_waste;residual_waste;r120640428428;bpchp_heat_high;backpressure;5790.745641181844
2045_scenario;r120640472472-residual_waste-bpchp_heat_high;flow_in_residual_waste;residual_waste;r120640472472;bpchp_heat_high;backpressure;0.0
2045_scenario;r120670124124-residual_waste-bpchp_heat_high;flow_in_residual_waste;residual_waste;r120670124124;bpchp_heat_high;backpressure;0.0
2045_scenario;r120670201201-residual_waste-bpchp_heat_high;flow_in_residual_waste;residual_waste;r120670201201;bpchp_heat_high;backpressure;0.0
2045_scenario;r120640428428-residual_waste-bpchp_heat_high;flow_out_electricity;residual_waste;r120640428428;bpchp_heat_high;backpressure;1216.0565846481868
2045_scenario;r120640472472-residual_waste-bpchp_heat_high;flow_out_electricity;residual_waste;r120640472472;bpchp_heat_high;backpressure;0.0
2045_scenario;r120670124124-residual_waste-bpchp_heat_high;flow_out_electricity;residual_waste;r120670124124;bpchp_heat_high;backpressure;0.0
2045_scenario;r120670201201-residual_waste-bpchp_heat_high;flow_out_electricity;residual_waste;r120670201201;bpchp_heat_high;backpressure;0.0
2045_scenario;r120640428428-residual_waste-bpchp_heat_high;flow_out_heat_high;residual_waste;r120640428428;bpchp_heat_high;backpressure;4400.966687298201
2045_scenario;r120640472472-residual_waste-bpchp_heat_high;flow_out_heat_high;residual_waste;r120640472472;bpchp_heat_high;backpressure;0.0
2045_scenario;r120670124124-residual_waste-bpchp_heat_high;flow_out_heat_high;residual_waste;r120670124124;bpchp_heat_high;backpressure;0.0
2045_scenario;r120670201201-residual_waste-bpchp_heat_high;flow_out_heat_high;residual_waste;r120670201201;bpchp_heat_high;backpressure;0.0
2045_scenario;r120640428428-residual_waste-bpchp_heat_high;invest_costs_out_electricity;residual_waste;r120640428428;bpchp_heat_high;backpressure;119552.64148383215
2045_scenario;r120640472472-residual_waste-bpchp_heat_high;invest_costs_out_electricity;residual_waste;r120640472472;bpchp_heat_high;backpressure;0.0
2045_scenario;r120670124124-residual_waste-bpchp_heat_high;invest_costs_out_electricity;residual_waste;r120670124124;bpchp_heat_high;backpressure;0.0
2045_scenario;r120670201201-residual_waste-bpchp_heat_high;invest_costs_out_electricity;residual_waste;r120670201201;bpchp_heat_high;backpressure;0.0
2045_scenario;r120640428428-residual_waste-bpchp_heat_high;invest_out_electricity;residual_waste;r120640428428;bpchp_heat_high;backpressure;0.17696374113452545
2045_scenario;r120640472472-residual_waste-bpchp_heat_high;invest_out_electricity;residual_waste;r120640472472;bpchp_heat_high;backpressure;0.0
2045_scenario;r120670124124-residual_waste-bpchp_heat_high;invest_out_electricity;residual_waste;r120670124124;bpchp_heat_high;backpressure;0.0
2045_scenario;r120670201201-residual_waste-bpchp_heat_high;invest_out_electricity;residual_waste;r120670201201;bpchp_heat_high;backpressure;0.0
2045_scenario;r120640428428-residual_waste-bpchp_heat_low_central;flow_in_residual_waste;residual_waste;r120640428428;bpchp_heat_low_central;backpressure;7289.665810357304
2045_scenario;r120640472472-residual_waste-bpchp_heat_low_central;flow_in_residual_waste;residual_waste;r120640472472;bpchp_heat_low_central;backpressure;0.0
2045_scenario;r120670124124-residual_waste-bpchp_heat_low_central;flow_in_residual_waste;residual_waste;r120670124124;bpchp_heat_low_central;backpressure;0.0
2045_scenario;r120670201201-residual_waste-bpchp_heat_low_central;flow_in_residual_waste;residual_waste;r120670201201;bpchp_heat_low_central;backpressure;0.0
2045_scenario;r120640428428-residual_waste-bpchp_heat_low_central;flow_out_electricity;residual_waste;r120640428428;bpchp_heat_low_central;backpressure;1530.8298201750342
2045_scenario;r120640472472-residual_waste-bpchp_heat_low_central;flow_out_electricity;residual_waste;r120640472472;bpchp_heat_low_central;backpressure;0.0
2045_scenario;r120670124124-residual_waste-bpchp_heat_low_central;flow_out_electricity;residual_waste;r120670124124;bpchp_heat_low_central;backpressure;0.0
2045_scenario;r120670201201-residual_waste-bpchp_heat_low_central;flow_out_electricity;residual_waste;r120670201201;bpchp_heat_low_central;backpressure;0.0
2045_scenario;r120640428428-residual_waste-bpchp_heat_low_central;flow_out_heat_low_central;residual_waste;r120640428428;bpchp_heat_low_central;backpressure;5540.146015871553
2045_scenario;r120640472472-residual_waste-bpchp_heat_low_central;flow_out_heat_low_central;residual_waste;r120640472472;bpchp_heat_low_central;backpressure;0.0
2045_scenario;r120670124124-residual_waste-bpchp_heat_low_central;flow_out_heat_low_central;residual_waste;r120670124124;bpchp_heat_low_central;backpressure;0.0
2045_scenario;r120670201201-residual_waste-bpchp_heat_low_central;flow_out_heat_low_central;residual_waste;r120670201201;bpchp_heat_low_central;backpressure;0.0
2045_scenario;r120640428428-residual_waste-bpchp_heat_low_central;invest_costs_out_electricity;residual_waste;r120640428428;bpchp_heat_low_central;backpressure;122451.8629578661
2045_scenario;r120640472472-residual_waste-bpchp_heat_low_central;invest_costs_out_electricity;residual_waste;r120640472472;bpchp_heat_low_central;backpressure;0.0
2045_scenario;r120670124124-residual_waste-bpchp_heat_low_central;invest_costs_out_electricity;residual_waste;r120670124124;bpchp_heat_low_central;backpressure;0.0
2045_scenario;r120670201201-residual_waste-bpchp_heat_low_central;invest_costs_out_electricity;residual_waste;r120670201201;bpchp_heat_low_central;backpressure;0.0
2045_scenario;r120640428428-residual_waste-bpchp_heat_low_central;invest_out_electricity;residual_waste;r120640428428;bpchp_heat_low_central;backpressure;0.1812552153508604
2045_scenario;r120640472472-residual_waste-bpchp_heat_low_central;invest_out_electricity;residual_waste;r120640472472;bpchp_heat_low_central;backpressure;0.0
2045_scenario;r120670124124-residual_waste-bpchp_heat_low_central;invest_out_electricity;residual_waste;r120670124124;bpchp_heat_low_central;backpressure;0.0
2045_scenario;r120670201201-residual_waste-bpchp_heat_low_central;invest_out_electricity;residual_waste;r120670201201;bpchp_heat_low_central;backpressure;0.0
2045_scenario;r120640428428-residual_waste-commodity;flow_out_residual_waste;residual_waste;r120640428428;commodity;shortage;13080.411451539148
2045_scenario;r120640472472-residual_waste-commodity;flow_out_residual_waste;residual_waste;r120640472472;commodity;shortage;0.0
2045_scenario;r120670124124-residual_waste-commodity;flow_out_residual_waste;residual_waste;r120670124124;commodity;shortage;0.0
2045_scenario;r120670201201-residual_waste-commodity;flow_out_residual_waste;residual_waste;r120670201201;commodity;shortage;0.0
2045_scenario;system;total_system_cost;;;;;100273905.03761029
