scenario;name;var_name;carrier;region;tech;type;var_value
2045_scenario;r120640428428-biomass_gas-bpchp_heat_high;flow_in_biomass_gas;biomass_gas;r120640428428;bpchp_heat_high;backpressure;0.0
2045_scenario;r120640472472-biomass_gas-bpchp_heat_high;flow_in_biomass_gas;biomass_gas;r120640472472;bpchp_heat_high;backpressure;0.0
2045_scenario;r120670124124-biomass_gas-bpchp_heat_high;flow_in_biomass_gas;biomass_gas;r120670124124;bpchp_heat_high;backpressure;0.0
2045_scenario;r120670201201-biomass_gas-bpchp_heat_high;flow_in_biomass_gas;biomass_gas;r120670201201;bpchp_heat_high;backpressure;0.0
2045_scenario;r120640428428-biomass_gas-bpchp_heat_high;flow_out_electricity;biomass_gas;r120640428428;bpchp_heat_high;backpressure;0.0
2045_scenario;r120640472472-biomass_gas-bpchp_heat_high;flow_out_electricity;biomass_gas;r120640472472;bpchp_heat_high;backpressure;0.0
2045_scenario;r120670124124-biomass_gas-bpchp_heat_high;flow_out_electricity;biomass_gas;r120670124124;bpchp_heat_high;backpressure;0.0
2045_scenario;r120670201201-biomass_gas-bpchp_heat_high;flow_out_electricity;biomass_gas;r120670201201;bpchp_heat_high;backpressure;0.0
2045_scenario;r120640428428-biomass_gas-bpchp_heat_high;flow_out_heat_high;biomass_gas;r120640428428;bpchp_heat_high;backpressure;0.0
2045_scenario;r120640472472-biomass_gas-bpchp_heat_high;flow_out_heat_high;biomass_gas;r120640472472;bpchp_heat_high;backpressure;0.0
2045_scenario;r120670124124-biomass_gas-bpchp_heat_high;flow_out_heat_high;biomass_gas;r120670124124;bpchp_heat_high;backpressure;0.0
2045_scenario;r120670201201-biomass_gas-bpchp_heat_high;flow_out_heat_high;biomass_gas;r120670201201;bpchp_heat_high;backpressure;0.0
2045_scenario;r120640428428-biomass_gas-bpchp_heat_high;invest_costs_out_electricity;biomass_gas;r120640428428;bpchp_heat_high;backpressure;0.0
2045_scenario;r120640472472-biomass_gas-bpchp_heat_high;invest_costs_out_electricity;biomass_gas;r120640472472;bpchp_heat_high;backpressure;0.0
2045_scenario;r120670124124-biomass_gas-bpchp_heat_high;invest_costs_out_electricity;biomass_gas;r120670124124;bpchp_heat_high;backpressure;0.0
2045_scenario;r120670201201-biomass_gas-bpchp_heat_high;invest_costs_out_electricity;biomass_gas;r120670201201;bpchp_heat_high;backpressure;0.0
2045_scenario;r120640428428-biomass_gas-bpchp_heat_high;invest_out_electricity;biomass_gas;r120640428428;bpchp_heat_high;backpressure;0.0
2045_scenario;r120640472472-biomass_gas-bpchp_heat_high;invest_out_electricity;biomass_gas;r120640472472;bpchp_heat_high;backpressure;0.0
2045_scenario;r120670124124-biomass_gas-bpchp_heat_high;invest_out_electricity;biomass_gas;r120670124124;bpchp_heat_high;backpressure;0.0
2045_scenario;r120670201201-biomass_gas-bpchp_heat_high;invest_out_electricity;biomass_gas;r120670201201;bpchp_heat_high;backpressure;0.0
2045_scenario;r120640428428-biomass_gas-bpchp_heat_low_central;flow_in_biomass_gas;biomass_gas;r120640428428;bpchp_heat_low_central;backpressure;0.0
2045_scenario;r120640472472-biomass_gas-bpchp_heat_low_central;flow_in_biomass_gas;biomass_gas;r120640472472;bpchp_heat_low_central;backpressure;0.0
2045_scenario;r120670124124-biomass_gas-bpchp_heat_low_central;flow_in_biomass_gas;biomass_gas;r120670124124;bpchp_heat_low_central;backpressure;0.0
2045_scenario;r120670201201-biomass_gas-bpchp_heat_low_central;flow_in_biomass_gas;biomass_gas;r120670201201;bpchp_heat_low_central;backpressure;0.0
2045_scenario;r120640428428-biomass_gas-bpchp_heat_low_central;flow_out_electricity;biomass_gas;r120640428428;bpchp_heat_low_central;backpressure;0.0
2045_scenario;r120640472472-biomass_gas-bpchp_heat_low_central;flow_out_electricity;biomass_gas;r120640472472;bpchp_heat_low_central;backpressure;0.0
2045_scenario;r120670124124-biomass_gas-bpchp_heat_low_central;flow_out_electricity;biomass_gas;r120670124124;bpchp_heat_low_central;backpressure;0.0
2045_scenario;r120670201201-biomass_gas-bpchp_heat_low_central;flow_out_electricity;biomass_gas;r120670201201;bpchp_heat_low_central;backpressure;0.0
2045_scenario;r120640428428-biomass_gas-bpchp_heat_low_central;flow_out_heat_low_central;biomass_gas;r120640428428;bpchp_heat_low_central;backpressure;0.0
2045_scenario;r120640472472-biomass_gas-bpchp_heat_low_central;flow_out_heat_low_central;biomass_gas;r120640472472;bpchp_heat_low_central;backpressure;0.0
2045_scenario;r120670124124-biomass_gas-bpchp_heat_low_central;flow_out_heat_low_central;biomass_gas;r120670124124;bpchp_heat_low_central;backpressure;0.0
2045_scenario;r120670201201-biomass_gas-bpchp_heat_low_central;flow_out_heat_low_central;biomass_gas;r120670201201;bpchp_heat_low_central;backpressure;0.0
2045_scenario;r120640428428-biomass_gas-bpchp_heat_low_central;invest_costs_out_electricity;biomass_gas;r120640428428;bpchp_heat_low_central;backpressure;0.0
2045_scenario;r120640472472-biomass_gas-bpchp_heat_low_central;invest_costs_out_electricity;biomass_gas;r120640472472;bpchp_heat_low_central;backpressure;0.0
2045_scenario;r120670124124-biomass_gas-bpchp_heat_low_central;invest_costs_out_electricity;biomass_gas;r120670124124;bpchp_heat_low_central;backpressure;0.0
2045_scenario;r120670201201-biomass_gas-bpchp_heat_low_central;invest_costs_out_electricity;biomass_gas;r120670201201;bpchp_heat_low_central;backpressure;0.0
2045_scenario;r120640428428-biomass_gas-bpchp_heat_low_central;invest_out_electricity;biomass_gas;r120640428428;bpchp_heat_low_central;backpressure;0.0
2045_scenario;r120640472472-biomass_gas-bpchp_heat_low_central;invest_out_electricity;biomass_gas;r120640472472;bpchp_heat_low_central;backpressure;0.0
2045_scenario;r120670124124-biomass_gas-bpchp_heat_low_central;invest_out_electricity;biomass_gas;r120670124124;bpchp_heat_low_central;backpressure;0.0
2045_scenario;r120670201201-biomass_gas-bpchp_heat_low_central;invest_out_electricity;biomass_gas;r120670201201;bpchp_heat_low_central;backpressure;0.0
2045_scenario;r120640428428-biomass_gas-bpchp_heat_low_decentral;flow_in_biomass_gas;biomass_gas;r120640428428;bpchp_heat_low_decentral;backpressure;2700.75472938566
2045_scenario;r120640472472-biomass_gas-bpchp_heat_low_decentral;flow_in_biomass_gas;biomass_gas;r120640472472;bpchp_heat_low_decentral;backpressure;2733.292404966105
2045_scenario;r120670124124-biomass_gas-bpchp_heat_low_decentral;flow_in_biomass_gas;biomass_gas;r120670124124;bpchp_heat_low_decentral;backpressure;1446.2479444896776
2045_scenario;r120670201201-biomass_gas-bpchp_heat_low_decentral;flow_in_biomass_gas;biomass_gas;r120670201201;bpchp_heat_low_decentral;backpressure;2010.4719851640268
2045_scenario;r120640428428-biomass_gas-bpchp_heat_low_decentral;flow_out_electricity;biomass_gas;r120640428428;bpchp_heat_low_decentral;backpressure;1201.8358545766189
2045_scenario;r120640472472-biomass_gas-bpchp_heat_low_decentral;flow_out_electricity;biomass_gas;r120640472472;bpchp_heat_low_decentral;backpressure;1216.3151202099166
2045_scenario;r120670124124-biomass_gas-bpchp_heat_low_decentral;flow_out_electricity;biomass_gas;r120670124124;bpchp_heat_low_decentral;backpressure;643.5803352979066
2045_scenario;r120670201201-biomass_gas-bpchp_heat_low_decentral;flow_out_electricity;biomass_gas;r120670201201;bpchp_heat_low_decentral;backpressure;894.660033397992
2045_scenario;r120640428428-biomass_gas-bpchp_heat_low_decentral;flow_out_heat_low_decentral;biomass_gas;r120640428428;bpchp_heat_low_decentral;backpressure;1226.4127226140286
2045_scenario;r120640472472-biomass_gas-bpchp_heat_low_decentral;flow_out_heat_low_decentral;biomass_gas;r120640472472;bpchp_heat_low_decentral;backpressure;1241.1880810951084
2045_scenario;r120670124124-biomass_gas-bpchp_heat_low_decentral;flow_out_heat_low_decentral;biomass_gas;r120670124124;bpchp_heat_low_decentral;backpressure;656.7411915927627
2045_scenario;r120670201201-biomass_gas-bpchp_heat_low_decentral;flow_out_heat_low_decentral;biomass_gas;r120670201201;bpchp_heat_low_decentral;backpressure;912.9553284629847
2045_scenario;r120640428428-biomass_gas-bpchp_heat_low_decentral;invest_costs_out_electricity;biomass_gas;r120640428428;bpchp_heat_low_decentral;backpressure;626365.1996145387
2045_scenario;r120640472472-biomass_gas-bpchp_heat_low_decentral;invest_costs_out_electricity;biomass_gas;r120640472472;bpchp_heat_low_decentral;backpressure;643348.2167783551
2045_scenario;r120670124124-biomass_gas-bpchp_heat_low_decentral;invest_costs_out_electricity;biomass_gas;r120670124124;bpchp_heat_low_decentral;backpressure;325524.09307813284
2045_scenario;r120670201201-biomass_gas-bpchp_heat_low_decentral;invest_costs_out_electricity;biomass_gas;r120670201201;bpchp_heat_low_decentral;backpressure;459012.4518129873
2045_scenario;r120640428428-biomass_gas-bpchp_heat_low_decentral;invest_out_electricity;biomass_gas;r120640428428;bpchp_heat_low_decentral;backpressure;9.261661105283329
2045_scenario;r120640472472-biomass_gas-bpchp_heat_low_decentral;invest_out_electricity;biomass_gas;r120640472472;bpchp_heat_low_decentral;backpressure;9.512778104780224
2045_scenario;r120670124124-biomass_gas-bpchp_heat_low_decentral;invest_out_electricity;biomass_gas;r120670124124;bpchp_heat_low_decentral;backpressure;4.813316310595991
2045_scenario;r120670201201-biomass_gas-bpchp_heat_low_decentral;invest_out_electricity;biomass_gas;r120670201201;bpchp_heat_low_decentral;backpressure;6.787123190134535
2045_scenario;r120640428428-biomass_gas-commodity;flow_out_biomass_gas;biomass_gas;r120640428428;commodity;shortage;2700.75472938566
2045_scenario;r120640472472-biomass_gas-commodity;flow_out_biomass_gas;biomass_gas;r120640472472;commodity;shortage;2733.292404966105
2045_scenario;r120670124124-biomass_gas-commodity;flow_out_biomass_gas;biomass_gas;r120670124124;commodity;shortage;1446.2479444896776
2045_scenario;r120670201201-biomass_gas-commodity;flow_out_biomass_gas;biomass_gas;r120670201201;commodity;shortage;2010.4719851640268
2045_scenario;r120640428428-biomass_gas-commodity;summed_variable_costs_out_biomass_gas;biomass_gas;r120640428428;commodity;shortage;186352.07632761056
2045_scenario;r120640472472-biomass_gas-commodity;summed_variable_costs_out_biomass_gas;biomass_gas;r120640472472;commodity;shortage;188597.17594266124
2045_scenario;r120670124124-biomass_gas-commodity;summed_variable_costs_out_biomass_gas;biomass_gas;r120670124124;commodity;shortage;99791.10816978775
2045_scenario;r120670201201-biomass_gas-commodity;summed_variable_costs_out_biomass_gas;biomass_gas;r120670201201;commodity;shortage;138722.56697631784
2045_scenario;r120640428428-biomass_solid-boiler_heat_high;flow_in_biomass_solid;biomass_solid;r120640428428;boiler_heat_high;conversion;73.08102970372963
2045_scenario;r120640472472-biomass_solid-boiler_heat_high;flow_in_biomass_solid;biomass_solid;r120640472472;boiler_heat_high;conversion;61.568058090741104
2045_scenario;r120670124124-biomass_solid-boiler_heat_high;flow_in_biomass_solid;biomass_solid;r120670124124;boiler_heat_high;conversion;42.76043951081024
2045_scenario;r120670201201-biomass_solid-boiler_heat_high;flow_in_biomass_solid;biomass_solid;r120670201201;boiler_heat_high;conversion;1274.40342360827
2045_scenario;r120640428428-biomass_solid-boiler_heat_high;flow_out_heat_high;biomass_solid;r120640428428;boiler_heat_high;conversion;62.118875248170184
2045_scenario;r120640472472-biomass_solid-boiler_heat_high;flow_out_heat_high;biomass_solid;r120640472472;boiler_heat_high;conversion;52.33284937712994
2045_scenario;r120670124124-biomass_solid-boiler_heat_high;flow_out_heat_high;biomass_solid;r120670124124;boiler_heat_high;conversion;36.346373584188704
2045_scenario;r120670201201-biomass_solid-boiler_heat_high;flow_out_heat_high;biomass_solid;r120670201201;boiler_heat_high;conversion;1083.2429100670292
2045_scenario;r120640428428-biomass_solid-boiler_heat_high;invest_costs_out_heat_high;biomass_solid;r120640428428;boiler_heat_high;conversion;1048.1848460921597
2045_scenario;r120640472472-biomass_solid-boiler_heat_high;invest_costs_out_heat_high;biomass_solid;r120640472472;boiler_heat_high;conversion;887.7508479720098
2045_scenario;r120670124124-biomass_solid-boiler_heat_high;invest_costs_out_heat_high;biomass_solid;r120670124124;boiler_heat_high;conversion;616.5634845820535
2045_scenario;r120670201201-biomass_solid-boiler_heat_high;invest_costs_out_heat_high;biomass_solid;r120670201201;boiler_heat_high;conversion;18948.44184783423
2045_scenario;r120640428428-biomass_solid-boiler_heat_high;invest_out_heat_high;biomass_solid;r120640428428;boiler_heat_high;conversion;0.047286901533602155
2045_scenario;r120640472472-biomass_solid-boiler_heat_high;invest_out_heat_high;biomass_solid;r120640472472;boiler_heat_high;conversion;0.04004922136675626
2045_scenario;r120670124124-biomass_solid-boiler_heat_high;invest_out_heat_high;biomass_solid;r120670124124;boiler_heat_high;conversion;0.027815109990707465
2045_scenario;r120670201201-biomass_solid-boiler_heat_high;invest_out_heat_high;biomass_solid;r120670201201;boiler_heat_high;conversion;0.8548235620980762
2045_scenario;r120640428428-biomass_solid-boiler_heat_high;summed_variable_costs_out_heat_high;biomass_solid;r120640428428;boiler_heat_high;conversion;65.73419378761369
2045_scenario;r120640472472-biomass_solid-boiler_heat_high;summed_variable_costs_out_heat_high;biomass_solid;r120640472472;boiler_heat_high;conversion;55.378621210878904
2045_scenario;r120670124124-biomass_solid-boiler_heat_high;summed_variable_costs_out_heat_high;biomass_solid;r120670124124;boiler_heat_high;conversion;38.46173252678849
2045_scenario;r120670201201-biomass_solid-boiler_heat_high;summed_variable_costs_out_heat_high;biomass_solid;r120670201201;boiler_heat_high;conversion;1146.2876474329303
2045_scenario;r120640428428-biomass_solid-bpchp_heat_high;flow_in_biomass_solid;biomass_solid;r120640428428;bpchp_heat_high;backpressure;0.0
2045_scenario;r120640472472-biomass_solid-bpchp_heat_high;flow_in_biomass_solid;biomass_solid;r120640472472;bpchp_heat_high;backpressure;0.0
2045_scenario;r120670124124-biomass_solid-bpchp_heat_high;flow_in_biomass_solid;biomass_solid;r120670124124;bpchp_heat_high;backpressure;0.0
2045_scenario;r120670201201-biomass_solid-bpchp_heat_high;flow_in_biomass_solid;biomass_solid;r120670201201;bpchp_heat_high;backpressure;0.0
2045_scenario;r120640428428-biomass_solid-bpchp_heat_high;flow_out_electricity;biomass_solid;r120640428428;bpchp_heat_high;backpressure;0.0
2045_scenario;r120640472472-biomass_solid-bpchp_heat_high;flow_out_electricity;biomass_solid;r120640472472;bpchp_heat_high;backpressure;0.0
2045_scenario;r120670124124-biomass_solid-bpchp_heat_high;flow_out_electricity;biomass_solid;r120670124124;bpchp_heat_high;backpressure;0.0
2045_scenario;r120670201201-biomass_solid-bpchp_heat_high;flow_out_electricity;biomass_solid;r120670201201;bpchp_heat_high;backpressure;0.0
2045_scenario;r120640428428-biomass_solid-bpchp_heat_high;flow_out_heat_high;biomass_solid;r120640428428;bpchp_heat_high;backpressure;0.0
2045_scenario;r120640472472-biomass_solid-bpchp_heat_high;flow_out_heat_high;biomass_solid;r120640472472;bpchp_heat_high;backpressure;0.0
2045_scenario;r120670124124-biomass_solid-bpchp_heat_high;flow_out_heat_high;biomass_solid;r120670124124;bpchp_heat_high;backpressure;0.0
2045_scenario;r120670201201-biomass_solid-bpchp_heat_high;flow_out_heat_high;biomass_solid;r120670201201;bpchp_heat_high;backpressure;0.0
2045_scenario;r120640428428-biomass_solid-bpchp_heat_high;invest_costs_out_electricity;biomass_solid;r120640428428;bpchp_heat_high;backpressure;0.0
2045_scenario;r120640472472-biomass_solid-bpchp_heat_high;invest_costs_out_electricity;biomass_solid;r120640472472;bpchp_heat_high;backpressure;0.0
2045_scenario;r120670124124-biomass_solid-bpchp_heat_high;invest_costs_out_electricity;biomass_solid;r120670124124;bpchp_heat_high;backpressure;0.0
2045_scenario;r120670201201-biomass_solid-bpchp_heat_high;invest_costs_out_electricity;biomass_solid;r120670201201;bpchp_heat_high;backpressure;0.0
2045_scenario;r120640428428-biomass_solid-bpchp_heat_high;invest_out_electricity;biomass_solid;r120640428428;bpchp_heat_high;backpressure;0.0
2045_scenario;r120640472472-biomass_solid-bpchp_heat_high;invest_out_electricity;biomass_solid;r120640472472;bpchp_heat_high;backpressure;0.0
2045_scenario;r120670124124-biomass_solid-bpchp_heat_high;invest_out_electricity;biomass_solid;r120670124124;bpchp_heat_high;backpressure;0.0
2045_scenario;r120670201201-biomass_solid-bpchp_heat_high;invest_out_electricity;biomass_solid;r120670201201;bpchp_heat_high;backpressure;0.0
2045_scenario;r120640428428-biomass_solid-bpchp_heat_low_central;flow_in_biomass_solid;biomass_solid;r120640428428;bpchp_heat_low_central;backpressure;0.0
2045_scenario;r120640472472-biomass_solid-bpchp_heat_low_central;flow_in_biomass_solid;biomass_solid;r120640472472;bpchp_heat_low_central;backpressure;0.0
2045_scenario;r120670124124-biomass_solid-bpchp_heat_low_central;flow_in_biomass_solid;biomass_solid;r120670124124;bpchp_heat_low_central;backpressure;0.0
2045_scenario;r120670201201-biomass_solid-bpchp_heat_low_central;flow_in_biomass_solid;biomass_solid;r120670201201;bpchp_heat_low_central;backpressure;0.0
2045_scenario;r120640428428-biomass_solid-bpchp_heat_low_central;flow_out_electricity;biomass_solid;r120640428428;bpchp_heat_low_central;backpressure;0.0
2045_scenario;r120640472472-biomass_solid-bpchp_heat_low_central;flow_out_electricity;biomass_solid;r120640472472;bpchp_heat_low_central;backpressure;0.0
2045_scenario;r120670124124-biomass_solid-bpchp_heat_low_central;flow_out_electricity;biomass_solid;r120670124124;bpchp_heat_low_central;backpressure;0.0
2045_scenario;r120670201201-biomass_solid-bpchp_heat_low_central;flow_out_electricity;biomass_solid;r120670201201;bpchp_heat_low_central;backpressure;0.0
2045_scenario;r120640428428-biomass_solid-bpchp_heat_low_central;flow_out_heat_low_central;biomass_solid;r120640428428;bpchp_heat_low_central;backpressure;0.0
2045_scenario;r120640472472-biomass_solid-bpchp_heat_low_central;flow_out_heat_low_central;biomass_solid;r120640472472;bpchp_heat_low_central;backpressure;0.0
2045_scenario;r120670124124-biomass_solid-bpchp_heat_low_central;flow_out_heat_low_central;biomass_solid;r120670124124;bpchp_heat_low_central;backpressure;0.0
2045_scenario;r120670201201-biomass_solid-bpchp_heat_low_central;flow_out_heat_low_central;biomass_solid;r120670201201;bpchp_heat_low_central;backpressure;0.0
2045_scenario;r120640428428-biomass_solid-bpchp_heat_low_central;invest_costs_out_electricity;biomass_solid;r120640428428;bpchp_heat_low_central;backpressure;0.0
2045_scenario;r120640472472-biomass_solid-bpchp_heat_low_central;invest_costs_out_electricity;biomass_solid;r120640472472;bpchp_heat_low_central;backpressure;0.0
2045_scenario;r120670124124-biomass_solid-bpchp_heat_low_central;invest_costs_out_electricity;biomass_solid;r120670124124;bpchp_heat_low_central;backpressure;0.0
2045_scenario;r120670201201-biomass_solid-bpchp_heat_low_central;invest_costs_out_electricity;biomass_solid;r120670201201;bpchp_heat_low_central;backpressure;0.0
2045_scenario;r120640428428-biomass_solid-bpchp_heat_low_central;invest_out_electricity;biomass_solid;r120640428428;bpchp_heat_low_central;backpressure;0.0
2045_scenario;r120640472472-biomass_solid-bpchp_heat_low_central;invest_out_electricity;biomass_solid;r120640472472;bpchp_heat_low_central;backpressure;0.0
2045_scenario;r120670124124-biomass_solid-bpchp_heat_low_central;invest_out_electricity;biomass_solid;r120670124124;bpchp_heat_low_central;backpressure;0.0
2045_scenario;r120670201201-biomass_solid-bpchp_heat_low_central;invest_out_electricity;biomass_solid;r120670201201;bpchp_heat_low_central;backpressure;0.0
2045_scenario;r120640428428-biomass_solid-bpchp_heat_low_decentral;flow_in_biomass_solid;biomass_solid;r120640428428;bpchp_heat_low_decentral;backpressure;2740.1393767475765
2045_scenario;r120640472472-biomass_solid-bpchp_heat_low_decentral;flow_in_biomass_solid;biomass_solid;r120640472472;bpchp_heat_low_decentral;backpressure;2840.9750923221372
2045_scenario;r120670124124-biomass_solid-bpchp_heat_low_decentral;flow_in_biomass_solid;biomass_solid;r120670124124;bpchp_heat_low_decentral;backpressure;1460.6215302497594
2045_scenario;r120670201201-biomass_solid-bpchp_heat_low_decentral;flow_in_biomass_solid;biomass_solid;r120670201201;bpchp_heat_low_decentral;backpressure;1993.7112218939596
2045_scenario;r120640428428-biomass_solid-bpchp_heat_low_decentral;flow_out_electricity;biomass_solid;r120640428428;bpchp_heat_low_decentral;backpressure;383.6195127446608
2045_scenario;r120640472472-biomass_solid-bpchp_heat_low_decentral;flow_out_electricity;biomass_solid;r120640472472;bpchp_heat_low_decentral;backpressure;397.73651292509913
2045_scenario;r120670124124-biomass_solid-bpchp_heat_low_decentral;flow_out_electricity;biomass_solid;r120670124124;bpchp_heat_low_decentral;backpressure;204.48701423496635
2045_scenario;r120670201201-biomass_solid-bpchp_heat_low_decentral;flow_out_electricity;biomass_solid;r120670201201;bpchp_heat_low_decentral;backpressure;279.11957106515433
2045_scenario;r120640428428-biomass_solid-bpchp_heat_low_decentral;flow_out_heat_low_decentral;biomass_solid;r120640428428;bpchp_heat_low_decentral;backpressure;2670.813850515863
2045_scenario;r120640472472-biomass_solid-bpchp_heat_low_decentral;flow_out_heat_low_decentral;biomass_solid;r120640472472;bpchp_heat_low_decentral;backpressure;2769.098422486387
2045_scenario;r120670124124-biomass_solid-bpchp_heat_low_decentral;flow_out_heat_low_decentral;biomass_solid;r120670124124;bpchp_heat_low_decentral;backpressure;1423.6678055344405
2045_scenario;r120670201201-biomass_solid-bpchp_heat_low_decentral;flow_out_heat_low_decentral;biomass_solid;r120670201201;bpchp_heat_low_decentral;backpressure;1943.2703279800423
2045_scenario;r120640428428-biomass_solid-bpchp_heat_low_decentral;invest_costs_out_electricity;biomass_solid;r120640428428;bpchp_heat_low_decentral;backpressure;289365.49419274373
2045_scenario;r120640472472-biomass_solid-bpchp_heat_low_decentral;invest_costs_out_electricity;biomass_solid;r120640472472;bpchp_heat_low_decentral;backpressure;301052.9833765119
2045_scenario;r120670124124-biomass_solid-bpchp_heat_low_decentral;invest_costs_out_electricity;biomass_solid;r120670124124;bpchp_heat_low_decentral;backpressure;152804.3801244134
2045_scenario;r120670201201-biomass_solid-bpchp_heat_low_decentral;invest_costs_out_electricity;biomass_solid;r120670201201;bpchp_heat_low_decentral;backpressure;211850.28271450024
2045_scenario;r120640428428-biomass_solid-bpchp_heat_low_decentral;invest_out_electricity;biomass_solid;r120640428428;bpchp_heat_low_decentral;backpressure;0.4218531049386332
2045_scenario;r120640472472-biomass_solid-bpchp_heat_low_decentral;invest_out_electricity;biomass_solid;r120640472472;bpchp_heat_low_decentral;backpressure;0.43889177644597327
2045_scenario;r120670124124-biomass_solid-bpchp_heat_low_decentral;invest_out_electricity;biomass_solid;r120670124124;bpchp_heat_low_decentral;backpressure;0.22276672062623362
2045_scenario;r120670201201-biomass_solid-bpchp_heat_low_decentral;invest_out_electricity;biomass_solid;r120670201201;bpchp_heat_low_decentral;backpressure;0.3088471201259084
2045_scenario;r120640428428-biomass_solid-commodity;flow_out_biomass_solid;biomass_solid;r120640428428;commodity;shortage;2813.220406451306
2045_scenario;r120640472472-biomass_solid-commodity;flow_out_biomass_solid;biomass_solid;r120640472472;commodity;shortage;2902.543150412878
2045_scenario;r120670124124-biomass_solid-commodity;flow_out_biomass_solid;biomass_solid;r120670124124;commodity;shortage;1503.3819697605697
2045_scenario;r120670201201-biomass_solid-commodity;flow_out_biomass_solid;biomass_solid;r120670201201;commodity;shortage;3268.1146455022295
2045_scenario;r120640428428-biomass_solid-commodity;summed_variable_costs_out_biomass_solid;biomass_solid;r120640428428;commodity;shortage;101726.04989727923
2045_scenario;r120640472472-biomass_solid-commodity;summed_variable_costs_out_biomass_solid;biomass_solid;r120640472472;commodity;shortage;104955.96031892965
2045_scenario;r120670124124-biomass_solid-commodity;summed_variable_costs_out_biomass_solid;biomass_solid;r120670124124;commodity;shortage;54362.2920265422
2045_scenario;r120670201201-biomass_solid-commodity;summed_variable_costs_out_biomass_solid;biomass_solid;r120670201201;commodity;shortage;118175.0255813606
2045_scenario;r120640428428-electricity-boiler_heat_high;flow_in_electricity;electricity;r120640428428;boiler_heat_high;conversion;45.68691192926067
2045_scenario;r120640472472-electricity-boiler_heat_high;flow_in_electricity;electricity;r120640472472;boiler_heat_high;conversion;41.0912822900465
2045_scenario;r120670124124-electricity-boiler_heat_high;flow_in_electricity;electricity;r120670124124;boiler_heat_high;conversion;28.91220692509908
2045_scenario;r120670201201-electricity-boiler_heat_high;flow_in_electricity;electricity;r120670201201;boiler_heat_high;conversion;1002.9799392817073
2045_scenario;r120640428428-electricity-boiler_heat_high;flow_out_heat_high;electricity;r120640428428;boiler_heat_high;conversion;45.23004280996806
2045_scenario;r120640472472-electricity-boiler_heat_high;flow_out_heat_high;electricity;r120640472472;boiler_heat_high;conversion;40.680369467146036
2045_scenario;r120670124124-electricity-boiler_heat_high;flow_out_heat_high;electricity;r120670124124;boiler_heat_high;conversion;28.62308485584809
2045_scenario;r120670201201-electricity-boiler_heat_high;flow_out_heat_high;electricity;r120670201201;boiler_heat_high;conversion;992.9501398888904
2045_scenario;r120640428428-electricity-boiler_heat_high;invest_costs_out_heat_high;electricity;r120640428428;boiler_heat_high;conversion;320.4402730615245
2045_scenario;r120640472472-electricity-boiler_heat_high;invest_costs_out_heat_high;electricity;r120640472472;boiler_heat_high;conversion;271.394043899142
2045_scenario;r120670124124-electricity-boiler_heat_high;invest_costs_out_heat_high;electricity;r120670124124;boiler_heat_high;conversion;188.48943685441037
2045_scenario;r120670201201-electricity-boiler_heat_high;invest_costs_out_heat_high;electricity;r120670201201;boiler_heat_high;conversion;5729.540863457625
2045_scenario;r120640428428-electricity-boiler_heat_high;invest_out_heat_high;electricity;r120640428428;boiler_heat_high;conversion;0.05864762786053024
2045_scenario;r120640472472-electricity-boiler_heat_high;invest_out_heat_high;electricity;r120640472472;boiler_heat_high;conversion;0.04967108765103723
2045_scenario;r120670124124-electricity-boiler_heat_high;invest_out_heat_high;electricity;r120670124124;boiler_heat_high;conversion;0.03449771853788153
2045_scenario;r120670201201-electricity-boiler_heat_high;invest_out_heat_high;electricity;r120670201201;boiler_heat_high;conversion;1.048632174605741
2045_scenario;r120640428428-electricity-boiler_heat_high;summed_variable_costs_out_heat_high;electricity;r120640428428;boiler_heat_high;conversion;35.52819862722991
2045_scenario;r120640472472-electricity-boiler_heat_high;summed_variable_costs_out_heat_high;electricity;r120640472472;boiler_heat_high;conversion;31.95443021644321
2045_scenario;r120670124124-electricity-boiler_heat_high;summed_variable_costs_out_heat_high;electricity;r120670124124;boiler_heat_high;conversion;22.483433154268674
2045_scenario;r120670201201-electricity-boiler_heat_high;summed_variable_costs_out_heat_high;electricity;r120670201201;boiler_heat_high;conversion;779.9623348827233
2045_scenario;r120640428428-electricity-demand_cts;flow_in_electricity;electricity;r120640428428;demand_cts;load;33954.94799999301
2045_scenario;r120640472472-electricity-demand_cts;flow_in_electricity;electricity;r120640472472;demand_cts;load;47810.57670942769
2045_scenario;r120670124124-electricity-demand_cts;flow_in_electricity;electricity;r120670124124;demand_cts;load;11478.28908356069
2045_scenario;r120670201201-electricity-demand_cts;flow_in_electricity;electricity;r120670201201;demand_cts;load;59792.39400303751
2045_scenario;r120640428428-electricity-demand_hh;flow_in_electricity;electricity;r120640428428;demand_hh;load;15578.019999995591
2045_scenario;r120640472472-electricity-demand_hh;flow_in_electricity;electricity;r120640472472;demand_hh;load;26599.967689345365
2045_scenario;r120670124124-electricity-demand_hh;flow_in_electricity;electricity;r120670124124;demand_hh;load;11573.210824092524
2045_scenario;r120670201201-electricity-demand_hh;flow_in_electricity;electricity;r120670201201;demand_hh;load;8848.361425393065
2045_scenario;r120640428428-electricity-demand_ind;flow_in_electricity;electricity;r120640428428;demand_ind;load;222309.36999996298
2045_scenario;r120640472472-electricity-demand_ind;flow_in_electricity;electricity;r120640472472;demand_ind;load;33173.46387251867
2045_scenario;r120670124124-electricity-demand_ind;flow_in_electricity;electricity;r120670124124;demand_ind;load;10737.784766899109
2045_scenario;r120670201201-electricity-demand_ind;flow_in_electricity;electricity;r120670201201;demand_ind;load;867381.8774538814
2045_scenario;r120640428428-electricity-demand_mob;flow_in_electricity;electricity;r120640428428;demand_mob;load;11885.29148591775
2045_scenario;r120640472472-electricity-demand_mob;flow_in_electricity;electricity;r120640472472;demand_mob;load;20289.635045682488
2045_scenario;r120670124124-electricity-demand_mob;flow_in_electricity;electricity;r120670124124;demand_mob;load;8444.81117721094
2045_scenario;r120670201201-electricity-demand_mob;flow_in_electricity;electricity;r120670201201;demand_mob;load;6231.0921190902955
2045_scenario;r120640428428-electricity-electrolyzer;flow_in_electricity;electricity;r120640428428;electrolyzer;conversion;0.0
2045_scenario;r120640472472-electricity-electrolyzer;flow_in_electricity;electricity;r120640472472;electrolyzer;conversion;0.0
2045_scenario;r120670124124-electricity-electrolyzer;flow_in_electricity;electricity;r120670124124;electrolyzer;conversion;0.0
2045_scenario;r120670201201-electricity-electrolyzer;flow_in_electricity;electricity;r120670201201;electrolyzer;conversion;0.0
2045_scenario;r120640428428-electricity-electrolyzer;flow_out_h2;electricity;r120640428428;electrolyzer;conversion;0.0
2045_scenario;r120640472472-electricity-electrolyzer;flow_out_h2;electricity;r120640472472;electrolyzer;conversion;0.0
2045_scenario;r120670124124-electricity-electrolyzer;flow_out_h2;electricity;r120670124124;electrolyzer;conversion;0.0
2045_scenario;r120670201201-electricity-electrolyzer;flow_out_h2;electricity;r120670201201;electrolyzer;conversion;0.0
2045_scenario;r120640428428-electricity-electrolyzer;invest_costs_out_h2;electricity;r120640428428;electrolyzer;conversion;0.0
2045_scenario;r120640472472-electricity-electrolyzer;invest_costs_out_h2;electricity;r120640472472;electrolyzer;conversion;0.0
2045_scenario;r120670124124-electricity-electrolyzer;invest_costs_out_h2;electricity;r120670124124;electrolyzer;conversion;0.0
2045_scenario;r120670201201-electricity-electrolyzer;invest_costs_out_h2;electricity;r120670201201;electrolyzer;conversion;0.0
2045_scenario;r120640428428-electricity-electrolyzer;invest_out_h2;electricity;r120640428428;electrolyzer;conversion;0.0
2045_scenario;r120640472472-electricity-electrolyzer;invest_out_h2;electricity;r120640472472;electrolyzer;conversion;0.0
2045_scenario;r120670124124-electricity-electrolyzer;invest_out_h2;electricity;r120670124124;electrolyzer;conversion;0.0
2045_scenario;r120670201201-electricity-electrolyzer;invest_out_h2;electricity;r120670201201;electrolyzer;conversion;0.0
2045_scenario;r120640428428-electricity-export;flow_in_electricity;electricity;r120640428428;export;excess;2595.432117897382
2045_scenario;r120640472472-electricity-export;flow_in_electricity;electricity;r120640472472;export;excess;494.61732038880837
2045_scenario;r120670124124-electricity-export;flow_in_electricity;electricity;r120670124124;export;excess;124.8576807854071
2045_scenario;r120670201201-electricity-export;flow_in_electricity;electricity;r120670201201;export;excess;24657.775766053102
2045_scenario;r120640428428-electricity-heatpump_central;flow_in_electricity;electricity;r120640428428;heatpump_central;conversion;0.0
2045_scenario;r120640472472-electricity-heatpump_central;flow_in_electricity;electricity;r120640472472;heatpump_central;conversion;5270.288619674083
2045_scenario;r120670124124-electricity-heatpump_central;flow_in_electricity;electricity;r120670124124;heatpump_central;conversion;11.10350871897421
2045_scenario;r120670201201-electricity-heatpump_central;flow_in_electricity;electricity;r120670201201;heatpump_central;conversion;1728.6374430502544
2045_scenario;r120640428428-electricity-heatpump_central;flow_out_heat_low_central;electricity;r120640428428;heatpump_central;conversion;0.0
2045_scenario;r120640472472-electricity-heatpump_central;flow_out_heat_low_central;electricity;r120640472472;heatpump_central;conversion;22181.933495292073
2045_scenario;r120670124124-electricity-heatpump_central;flow_out_heat_low_central;electricity;r120670124124;heatpump_central;conversion;46.89177272882003
2045_scenario;r120670201201-electricity-heatpump_central;flow_out_heat_low_central;electricity;r120670201201;heatpump_central;conversion;7659.782417647856
2045_scenario;r120640428428-electricity-heatpump_central;invest_costs_out_heat_low_central;electricity;r120640428428;heatpump_central;conversion;0.0
2045_scenario;r120640472472-electricity-heatpump_central;invest_costs_out_heat_low_central;electricity;r120640472472;heatpump_central;conversion;402563.051792611
2045_scenario;r120670124124-electricity-heatpump_central;invest_costs_out_heat_low_central;electricity;r120670124124;heatpump_central;conversion;841.7628874859142
2045_scenario;r120670201201-electricity-heatpump_central;invest_costs_out_heat_low_central;electricity;r120670201201;heatpump_central;conversion;113259.03165409202
2045_scenario;r120640428428-electricity-heatpump_central;invest_out_heat_low_central;electricity;r120640428428;heatpump_central;conversion;0.0
2045_scenario;r120640472472-electricity-heatpump_central;invest_out_heat_low_central;electricity;r120640472472;heatpump_central;conversion;7.510999518953923
2045_scenario;r120670124124-electricity-heatpump_central;invest_out_heat_low_central;electricity;r120670124124;heatpump_central;conversion;0.015705566158707305
2045_scenario;r120670201201-electricity-heatpump_central;invest_out_heat_low_central;electricity;r120670201201;heatpump_central;conversion;2.1131808507585608
2045_scenario;r120640428428-electricity-heatpump_central;summed_variable_costs_out_heat_low_central;electricity;r120640428428;heatpump_central;conversion;0.0
2045_scenario;r120640472472-electricity-heatpump_central;summed_variable_costs_out_heat_low_central;electricity;r120640472472;heatpump_central;conversion;39705.660956572814
2045_scenario;r120670124124-electricity-heatpump_central;summed_variable_costs_out_heat_low_central;electricity;r120670124124;heatpump_central;conversion;83.93627318458786
2045_scenario;r120670201201-electricity-heatpump_central;summed_variable_costs_out_heat_low_central;electricity;r120670201201;heatpump_central;conversion;13711.010527589662
2045_scenario;r120640428428-electricity-heatpump_decentral;flow_in_electricity;electricity;r120640428428;heatpump_decentral;conversion;14015.697423899328
2045_scenario;r120640472472-electricity-heatpump_decentral;flow_in_electricity;electricity;r120640472472;heatpump_decentral;conversion;14218.966438965752
2045_scenario;r120670124124-electricity-heatpump_decentral;flow_in_electricity;electricity;r120670124124;heatpump_decentral;conversion;7593.924255461777
2045_scenario;r120670201201-electricity-heatpump_decentral;flow_in_electricity;electricity;r120670201201;heatpump_decentral;conversion;13983.38311284259
2045_scenario;r120640428428-electricity-heatpump_decentral;flow_out_heat_low_decentral;electricity;r120640428428;heatpump_decentral;conversion;59021.34858609311
2045_scenario;r120640472472-electricity-heatpump_decentral;flow_out_heat_low_decentral;electricity;r120640472472;heatpump_decentral;conversion;59785.318329789596
2045_scenario;r120670124124-electricity-heatpump_decentral;flow_out_heat_low_decentral;electricity;r120670124124;heatpump_decentral;conversion;32049.565531745437
2045_scenario;r120670201201-electricity-heatpump_decentral;flow_out_heat_low_decentral;electricity;r120670201201;heatpump_decentral;conversion;61648.9561639527
2045_scenario;r120640428428-electricity-heatpump_decentral;invest_costs_out_heat_low_decentral;electricity;r120640428428;heatpump_decentral;conversion;1506642.4759366172
2045_scenario;r120640472472-electricity-heatpump_decentral;invest_costs_out_heat_low_decentral;electricity;r120640472472;heatpump_decentral;conversion;1530876.1656722175
2045_scenario;r120670124124-electricity-heatpump_decentral;invest_costs_out_heat_low_decentral;electricity;r120670124124;heatpump_decentral;conversion;816167.0749567712
2045_scenario;r120670201201-electricity-heatpump_decentral;invest_costs_out_heat_low_decentral;electricity;r120670201201;heatpump_decentral;conversion;1361771.2838725252
2045_scenario;r120640428428-electricity-heatpump_decentral;invest_out_heat_low_decentral;electricity;r120640428428;heatpump_decentral;conversion;13.901798410232427
2045_scenario;r120640472472-electricity-heatpump_decentral;invest_out_heat_low_decentral;electricity;r120640472472;heatpump_decentral;conversion;14.125402798679662
2045_scenario;r120670124124-electricity-heatpump_decentral;invest_out_heat_low_decentral;electricity;r120670124124;heatpump_decentral;conversion;7.530778088587099
2045_scenario;r120670201201-electricity-heatpump_decentral;invest_out_heat_low_decentral;electricity;r120670201201;heatpump_decentral;conversion;12.56507112443553
2045_scenario;r120640428428-electricity-heatpump_heat_high;flow_in_electricity;electricity;r120640428428;heatpump_heat_high;conversion;47.73295119773531
2045_scenario;r120640472472-electricity-heatpump_heat_high;flow_in_electricity;electricity;r120640472472;heatpump_heat_high;conversion;1466.714293455336
2045_scenario;r120670124124-electricity-heatpump_heat_high;flow_in_electricity;electricity;r120670124124;heatpump_heat_high;conversion;1018.5264341616399
2045_scenario;r120670201201-electricity-heatpump_heat_high;flow_in_electricity;electricity;r120670201201;heatpump_heat_high;conversion;29470.221019733814
2045_scenario;r120640428428-electricity-heatpump_heat_high;flow_out_heat_high;electricity;r120640428428;heatpump_heat_high;conversion;128.99149797982955
2045_scenario;r120640472472-electricity-heatpump_heat_high;flow_out_heat_high;electricity;r120640472472;heatpump_heat_high;conversion;3834.5128550552413
2045_scenario;r120670124124-electricity-heatpump_heat_high;flow_out_heat_high;electricity;r120670124124;heatpump_heat_high;conversion;2662.788185996147
2045_scenario;r120670201201-electricity-heatpump_heat_high;flow_out_heat_high;electricity;r120670201201;heatpump_heat_high;conversion;77034.07064324047
2045_scenario;r120640428428-electricity-heatpump_heat_high;invest_costs_out_heat_high;electricity;r120640428428;heatpump_heat_high;conversion;2612.641077253067
2045_scenario;r120640472472-electricity-heatpump_heat_high;invest_costs_out_heat_high;electricity;r120640472472;heatpump_heat_high;conversion;31364.63719218796
2045_scenario;r120670124124-electricity-heatpump_heat_high;invest_costs_out_heat_high;electricity;r120670124124;heatpump_heat_high;conversion;21783.46553432634
2045_scenario;r120670201201-electricity-heatpump_heat_high;invest_costs_out_heat_high;electricity;r120670201201;heatpump_heat_high;conversion;629175.9583936604
2045_scenario;r120640428428-electricity-heatpump_heat_high;invest_out_heat_high;electricity;r120640428428;heatpump_heat_high;conversion;0.04861216135966984
2045_scenario;r120640472472-electricity-heatpump_heat_high;invest_out_heat_high;electricity;r120640472472;heatpump_heat_high;conversion;0.5835867840588409
2045_scenario;r120670124124-electricity-heatpump_heat_high;invest_out_heat_high;electricity;r120670124124;heatpump_heat_high;conversion;0.4053145113376424
2045_scenario;r120670201201-electricity-heatpump_heat_high;invest_out_heat_high;electricity;r120670201201;heatpump_heat_high;conversion;11.706775752456307
2045_scenario;r120640428428-electricity-heatpump_heat_high;summed_variable_costs_out_heat_high;electricity;r120640428428;heatpump_heat_high;conversion;411.7666598512119
2045_scenario;r120640472472-electricity-heatpump_heat_high;summed_variable_costs_out_heat_high;electricity;r120640472472;heatpump_heat_high;conversion;12240.531935907342
2045_scenario;r120670124124-electricity-heatpump_heat_high;summed_variable_costs_out_heat_high;electricity;r120670124124;heatpump_heat_high;conversion;8500.1524473369
2045_scenario;r120670201201-electricity-heatpump_heat_high;summed_variable_costs_out_heat_high;electricity;r120670201201;heatpump_heat_high;conversion;245908.16030735223
2045_scenario;r120640428428-electricity-import;flow_out_electricity;electricity;r120640428428;import;shortage;207043.7453443643
2045_scenario;r120640472472-electricity-import;flow_out_electricity;electricity;r120640472472;import;shortage;97995.5797164946
2045_scenario;r120670124124-electricity-import;flow_out_electricity;electricity;r120670124124;import;shortage;33594.89610204637
2045_scenario;r120670201201-electricity-import;flow_out_electricity;electricity;r120670201201;import;shortage;718752.8601994814
2045_scenario;r120640428428-electricity-import;summed_variable_costs_out_electricity;electricity;r120640428428;import;shortage;15114193.410138592
2045_scenario;r120640472472-electricity-import;summed_variable_costs_out_electricity;electricity;r120640472472;import;shortage;7153677.319304106
2045_scenario;r120670124124-electricity-import;summed_variable_costs_out_electricity;electricity;r120670124124;import;shortage;2452427.415449385
2045_scenario;r120670201201-electricity-import;summed_variable_costs_out_electricity;electricity;r120670201201;import;shortage;52468958.79456214
2045_scenario;r120640428428-electricity-large_battery_storage;flow_in_electricity;electricity;r120640428428;large_battery_storage;storage;0.0
2045_scenario;r120640472472-electricity-large_battery_storage;flow_in_electricity;electricity;r120640472472;large_battery_storage;storage;0.0
2045_scenario;r120670124124-electricity-large_battery_storage;flow_in_electricity;electricity;r120670124124;large_battery_storage;storage;0.0
2045_scenario;r120670201201-electricity-large_battery_storage;flow_in_electricity;electricity;r120670201201;large_battery_storage;storage;0.0
2045_scenario;r120640428428-electricity-large_battery_storage;flow_out_electricity;electricity;r120640428428;large_battery_storage;storage;0.0
2045_scenario;r120640472472-electricity-large_battery_storage;flow_out_electricity;electricity;r120640472472;large_battery_storage;storage;0.0
2045_scenario;r120670124124-electricity-large_battery_storage;flow_out_electricity;electricity;r120670124124;large_battery_storage;storage;0.0
2045_scenario;r120670201201-electricity-large_battery_storage;flow_out_electricity;electricity;r120670201201;large_battery_storage;storage;0.0
2045_scenario;r120640428428-electricity-large_battery_storage;invest;electricity;r120640428428;large_battery_storage;storage;0.0
2045_scenario;r120640472472-electricity-large_battery_storage;invest;electricity;r120640472472;large_battery_storage;storage;0.0
2045_scenario;r120670124124-electricity-large_battery_storage;invest;electricity;r120670124124;large_battery_storage;storage;0.0
2045_scenario;r120670201201-electricity-large_battery_storage;invest;electricity;r120670201201;large_battery_storage;storage;0.0
2045_scenario;r120640428428-electricity-large_battery_storage;invest_costs;electricity;r120640428428;large_battery_storage;storage;0.0
2045_scenario;r120640472472-electricity-large_battery_storage;invest_costs;electricity;r120640472472;large_battery_storage;storage;0.0
2045_scenario;r120670124124-electricity-large_battery_storage;invest_costs;electricity;r120670124124;large_battery_storage;storage;0.0
2045_scenario;r120670201201-electricity-large_battery_storage;invest_costs;electricity;r120670201201;large_battery_storage;storage;0.0
2045_scenario;r120640428428-electricity-large_battery_storage;invest_costs_in_electricity;electricity;r120640428428;large_battery_storage;storage;0.0
2045_scenario;r120640472472-electricity-large_battery_storage;invest_costs_in_electricity;electricity;r120640472472;large_battery_storage;storage;0.0
2045_scenario;r120670124124-electricity-large_battery_storage;invest_costs_in_electricity;electricity;r120670124124;large_battery_storage;storage;0.0
2045_scenario;r120670201201-electricity-large_battery_storage;invest_costs_in_electricity;electricity;r120670201201;large_battery_storage;storage;0.0
2045_scenario;r120640428428-electricity-large_battery_storage;invest_costs_out_electricity;electricity;r120640428428;large_battery_storage;storage;0.0
2045_scenario;r120640472472-electricity-large_battery_storage;invest_costs_out_electricity;electricity;r120640472472;large_battery_storage;storage;0.0
2045_scenario;r120670124124-electricity-large_battery_storage;invest_costs_out_electricity;electricity;r120670124124;large_battery_storage;storage;0.0
2045_scenario;r120670201201-electricity-large_battery_storage;invest_costs_out_electricity;electricity;r120670201201;large_battery_storage;storage;0.0
2045_scenario;r120640428428-electricity-large_battery_storage;invest_in_electricity;electricity;r120640428428;large_battery_storage;storage;0.0
2045_scenario;r120640472472-electricity-large_battery_storage;invest_in_electricity;electricity;r120640472472;large_battery_storage;storage;0.0
2045_scenario;r120670124124-electricity-large_battery_storage;invest_in_electricity;electricity;r120670124124;large_battery_storage;storage;0.0
2045_scenario;r120670201201-electricity-large_battery_storage;invest_in_electricity;electricity;r120670201201;large_battery_storage;storage;0.0
2045_scenario;r120640428428-electricity-large_battery_storage;invest_out_electricity;electricity;r120640428428;large_battery_storage;storage;0.0
2045_scenario;r120640472472-electricity-large_battery_storage;invest_out_electricity;electricity;r120640472472;large_battery_storage;storage;0.0
2045_scenario;r120670124124-electricity-large_battery_storage;invest_out_electricity;electricity;r120670124124;large_battery_storage;storage;0.0
2045_scenario;r120670201201-electricity-large_battery_storage;invest_out_electricity;electricity;r120670201201;large_battery_storage;storage;0.0
2045_scenario;r120640428428-electricity-large_battery_storage;storage_losses;electricity;r120640428428;large_battery_storage;storage;0.0
2045_scenario;r120640472472-electricity-large_battery_storage;storage_losses;electricity;r120640472472;large_battery_storage;storage;0.0
2045_scenario;r120670124124-electricity-large_battery_storage;storage_losses;electricity;r120670124124;large_battery_storage;storage;0.0
2045_scenario;r120670201201-electricity-large_battery_storage;storage_losses;electricity;r120670201201;large_battery_storage;storage;0.0
2045_scenario;r120640428428-electricity-large_battery_storage;summed_variable_costs_in_electricity;electricity;r120640428428;large_battery_storage;storage;0.0
2045_scenario;r120640472472-electricity-large_battery_storage;summed_variable_costs_in_electricity;electricity;r120640472472;large_battery_storage;storage;0.0
2045_scenario;r120670124124-electricity-large_battery_storage;summed_variable_costs_in_electricity;electricity;r120670124124;large_battery_storage;storage;0.0
2045_scenario;r120670201201-electricity-large_battery_storage;summed_variable_costs_in_electricity;electricity;r120670201201;large_battery_storage;storage;0.0
2045_scenario;r120640428428-electricity-large_battery_storage;summed_variable_costs_out_electricity;electricity;r120640428428;large_battery_storage;storage;0.0
2045_scenario;r120640472472-electricity-large_battery_storage;summed_variable_costs_out_electricity;electricity;r120640472472;large_battery_storage;storage;0.0
2045_scenario;r120670124124-electricity-large_battery_storage;summed_variable_costs_out_electricity;electricity;r120670124124;large_battery_storage;storage;0.0
2045_scenario;r120670201201-electricity-large_battery_storage;summed_variable_costs_out_electricity;electricity;r120670201201;large_battery_storage;storage;0.0
2045_scenario;r120640428428-electricity-pv_agri_horizontal;flow_out_electricity;electricity;r120640428428;pv_agri_horizontal;volatile;256.4352074864276
2045_scenario;r120640472472-electricity-pv_agri_horizontal;flow_out_electricity;electricity;r120640472472;pv_agri_horizontal;volatile;630.926729675851
2045_scenario;r120670124124-electricity-pv_agri_horizontal;flow_out_electricity;electricity;r120670124124;pv_agri_horizontal;volatile;0.0
2045_scenario;r120670201201-electricity-pv_agri_horizontal;flow_out_electricity;electricity;r120670201201;pv_agri_horizontal;volatile;0.0
2045_scenario;r120640428428-electricity-pv_agri_horizontal;invest_costs_out_electricity;electricity;r120640428428;pv_agri_horizontal;volatile;6678.225836089193
2045_scenario;r120640472472-electricity-pv_agri_horizontal;invest_costs_out_electricity;electricity;r120640472472;pv_agri_horizontal;volatile;16430.93874706552
2045_scenario;r120670124124-electricity-pv_agri_horizontal;invest_costs_out_electricity;electricity;r120670124124;pv_agri_horizontal;volatile;0.0
2045_scenario;r120670201201-electricity-pv_agri_horizontal;invest_costs_out_electricity;electricity;r120670201201;pv_agri_horizontal;volatile;0.0
2045_scenario;r120640428428-electricity-pv_agri_horizontal;invest_out_electricity;electricity;r120640428428;pv_agri_horizontal;volatile;0.240107872178303
2045_scenario;r120640472472-electricity-pv_agri_horizontal;invest_out_electricity;electricity;r120640472472;pv_agri_horizontal;volatile;0.590755364865029
2045_scenario;r120670124124-electricity-pv_agri_horizontal;invest_out_electricity;electricity;r120670124124;pv_agri_horizontal;volatile;0.0
2045_scenario;r120670201201-electricity-pv_agri_horizontal;invest_out_electricity;electricity;r120670201201;pv_agri_horizontal;volatile;0.0
2045_scenario;r120640428428-electricity-pv_agri_vertical;flow_out_electricity;electricity;r120640428428;pv_agri_vertical;volatile;1940.2837766009025
2045_scenario;r120640472472-electricity-pv_agri_vertical;flow_out_electricity;electricity;r120640472472;pv_agri_vertical;volatile;2224.091401343503
2045_scenario;r120670124124-electricity-pv_agri_vertical;flow_out_electricity;electricity;r120670124124;pv_agri_vertical;volatile;0.0
2045_scenario;r120670201201-electricity-pv_agri_vertical;flow_out_electricity;electricity;r120670201201;pv_agri_vertical;volatile;502.9650192932161
2045_scenario;r120640428428-electricity-pv_agri_vertical;invest_costs_out_electricity;electricity;r120640428428;pv_agri_vertical;volatile;82643.13310326205
2045_scenario;r120640472472-electricity-pv_agri_vertical;invest_costs_out_electricity;electricity;r120640472472;pv_agri_vertical;volatile;94731.44285989608
2045_scenario;r120670124124-electricity-pv_agri_vertical;invest_costs_out_electricity;electricity;r120670124124;pv_agri_vertical;volatile;0.0
2045_scenario;r120670201201-electricity-pv_agri_vertical;invest_costs_out_electricity;electricity;r120670201201;pv_agri_vertical;volatile;21422.95139350839
2045_scenario;r120640428428-electricity-pv_agri_vertical;invest_out_electricity;electricity;r120640428428;pv_agri_vertical;volatile;2.97133809586662
2045_scenario;r120640472472-electricity-pv_agri_vertical;invest_out_electricity;electricity;r120640472472;pv_agri_vertical;volatile;3.40595926698852
2045_scenario;r120670124124-electricity-pv_agri_vertical;invest_out_electricity;electricity;r120670124124;pv_agri_vertical;volatile;0.0
2045_scenario;r120670201201-electricity-pv_agri_vertical;invest_out_electricity;electricity;r120670201201;pv_agri_vertical;volatile;0.77023739554857
2045_scenario;r120640428428-electricity-pv_ground;flow_out_electricity;electricity;r120640428428;pv_ground;volatile;15013.030218159234
2045_scenario;r120640472472-electricity-pv_ground;flow_out_electricity;electricity;r120640472472;pv_ground;volatile;6308.807411735007
2045_scenario;r120670124124-electricity-pv_ground;flow_out_electricity;electricity;r120670124124;pv_ground;volatile;0.0
2045_scenario;r120670201201-electricity-pv_ground;flow_out_electricity;electricity;r120670201201;pv_ground;volatile;1501.7803519052004
2045_scenario;r120640428428-electricity-pv_ground;invest_costs_out_electricity;electricity;r120640428428;pv_ground;volatile;325558.7445101357
2045_scenario;r120640472472-electricity-pv_ground;invest_costs_out_electricity;electricity;r120640472472;pv_ground;volatile;136806.98636284482
2045_scenario;r120670124124-electricity-pv_ground;invest_costs_out_electricity;electricity;r120670124124;pv_ground;volatile;0.0
2045_scenario;r120670201201-electricity-pv_ground;invest_costs_out_electricity;electricity;r120670201201;pv_ground;volatile;32566.225391651387
2045_scenario;r120640428428-electricity-pv_ground;invest_out_electricity;electricity;r120640428428;pv_ground;volatile;14.0571443990255
2045_scenario;r120640472472-electricity-pv_ground;invest_out_electricity;electricity;r120640472472;pv_ground;volatile;5.9071230446957
2045_scenario;r120670124124-electricity-pv_ground;invest_out_electricity;electricity;r120670124124;pv_ground;volatile;0.0
2045_scenario;r120670201201-electricity-pv_ground;invest_out_electricity;electricity;r120670201201;pv_ground;volatile;1.40616137818839
2045_scenario;r120640428428-electricity-pv_rooftop;flow_out_electricity;electricity;r120640428428;pv_rooftop;volatile;80030.14894575188
2045_scenario;r120640472472-electricity-pv_rooftop;flow_out_electricity;electricity;r120640472472;pv_rooftop;volatile;53312.10371171855
2045_scenario;r120670124124-electricity-pv_rooftop;flow_out_electricity;electricity;r120670124124;pv_rooftop;volatile;21237.626327182552
2045_scenario;r120670201201-electricity-pv_rooftop;flow_out_electricity;electricity;r120670201201;pv_rooftop;volatile;0.0
2045_scenario;r120640428428-electricity-pv_rooftop;invest_costs_out_electricity;electricity;r120640428428;pv_rooftop;volatile;2974947.193730273
2045_scenario;r120640472472-electricity-pv_rooftop;invest_costs_out_electricity;electricity;r120640472472;pv_rooftop;volatile;1981761.8162442914
2045_scenario;r120670124124-electricity-pv_rooftop;invest_costs_out_electricity;electricity;r120670124124;pv_rooftop;volatile;789462.692195797
2045_scenario;r120670201201-electricity-pv_rooftop;invest_costs_out_electricity;electricity;r120670201201;pv_rooftop;volatile;0.0
2045_scenario;r120640428428-electricity-pv_rooftop;invest_out_electricity;electricity;r120640428428;pv_rooftop;volatile;74.93459639115343
2045_scenario;r120640472472-electricity-pv_rooftop;invest_out_electricity;electricity;r120640472472;pv_rooftop;volatile;49.91770010460539
2045_scenario;r120670124124-electricity-pv_rooftop;invest_out_electricity;electricity;r120670124124;pv_rooftop;volatile;19.88541790934696
2045_scenario;r120670201201-electricity-pv_rooftop;invest_out_electricity;electricity;r120670201201;pv_rooftop;volatile;0.0
2045_scenario;r120640428428-electricity-small_battery_storage;flow_in_electricity;electricity;r120640428428;small_battery_storage;storage;17974.06336449434
2045_scenario;r120640472472-electricity-small_battery_storage;flow_in_electricity;electricity;r120640472472;small_battery_storage;storage;18455.287030212596
2045_scenario;r120670124124-electricity-small_battery_storage;flow_in_electricity;electricity;r120670124124;small_battery_storage;storage;6780.45519986827
2045_scenario;r120670201201-electricity-small_battery_storage;flow_in_electricity;electricity;r120670201201;small_battery_storage;storage;13123.798211639569
2045_scenario;r120640428428-electricity-small_battery_storage;flow_out_electricity;electricity;r120640428428;small_battery_storage;storage;10128.847518185743
2045_scenario;r120640472472-electricity-small_battery_storage;flow_out_electricity;electricity;r120640472472;small_battery_storage;storage;10228.222282236946
2045_scenario;r120670124124-electricity-small_battery_storage;flow_out_electricity;electricity;r120670124124;small_battery_storage;storage;3768.312215487057
2045_scenario;r120670201201-electricity-small_battery_storage;flow_out_electricity;electricity;r120670201201;small_battery_storage;storage;8525.20388190841
2045_scenario;r120640428428-electricity-small_battery_storage;invest;electricity;r120640428428;small_battery_storage;storage;0.0
2045_scenario;r120640472472-electricity-small_battery_storage;invest;electricity;r120640472472;small_battery_storage;storage;0.0
2045_scenario;r120670124124-electricity-small_battery_storage;invest;electricity;r120670124124;small_battery_storage;storage;0.0
2045_scenario;r120670201201-electricity-small_battery_storage;invest;electricity;r120670201201;small_battery_storage;storage;0.0
2045_scenario;r120640428428-electricity-small_battery_storage;invest_costs;electricity;r120640428428;small_battery_storage;storage;0.0
2045_scenario;r120640472472-electricity-small_battery_storage;invest_costs;electricity;r120640472472;small_battery_storage;storage;0.0
2045_scenario;r120670124124-electricity-small_battery_storage;invest_costs;electricity;r120670124124;small_battery_storage;storage;0.0
2045_scenario;r120670201201-electricity-small_battery_storage;invest_costs;electricity;r120670201201;small_battery_storage;storage;0.0
2045_scenario;r120640428428-electricity-small_battery_storage;invest_costs_in_electricity;electricity;r120640428428;small_battery_storage;storage;0.0
2045_scenario;r120640472472-electricity-small_battery_storage;invest_costs_in_electricity;electricity;r120640472472;small_battery_storage;storage;0.04961204188075232
2045_scenario;r120670124124-electricity-small_battery_storage;invest_costs_in_electricity;electricity;r120670124124;small_battery_storage;storage;0.01824964051695821
2045_scenario;r120670201201-electricity-small_battery_storage;invest_costs_in_electricity;electricity;r120670201201;small_battery_storage;storage;0.17293530901374274
2045_scenario;r120640428428-electricity-small_battery_storage;invest_costs_out_electricity;electricity;r120640428428;small_battery_storage;storage;0.0
2045_scenario;r120640472472-electricity-small_battery_storage;invest_costs_out_electricity;electricity;r120640472472;small_battery_storage;storage;0.0
2045_scenario;r120670124124-electricity-small_battery_storage;invest_costs_out_electricity;electricity;r120670124124;small_battery_storage;storage;0.0
2045_scenario;r120670201201-electricity-small_battery_storage;invest_costs_out_electricity;electricity;r120670201201;small_battery_storage;storage;0.0
2045_scenario;r120640428428-electricity-small_battery_storage;invest_in_electricity;electricity;r120640428428;small_battery_storage;storage;0.0
2045_scenario;r120640472472-electricity-small_battery_storage;invest_in_electricity;electricity;r120640472472;small_battery_storage;storage;5.516059029311563
2045_scenario;r120670124124-electricity-small_battery_storage;invest_in_electricity;electricity;r120670124124;small_battery_storage;storage;2.0290657376533474
2045_scenario;r120670201201-electricity-small_battery_storage;invest_in_electricity;electricity;r120670201201;small_battery_storage;storage;19.22761766316512
2045_scenario;r120640428428-electricity-small_battery_storage;invest_out_electricity;electricity;r120640428428;small_battery_storage;storage;0.0
2045_scenario;r120640472472-electricity-small_battery_storage;invest_out_electricity;electricity;r120640472472;small_battery_storage;storage;5.516059029311563
2045_scenario;r120670124124-electricity-small_battery_storage;invest_out_electricity;electricity;r120670124124;small_battery_storage;storage;2.0290657376533474
2045_scenario;r120670201201-electricity-small_battery_storage;invest_out_electricity;electricity;r120670201201;small_battery_storage;storage;19.22761766316512
2045_scenario;r120640428428-electricity-small_battery_storage;storage_losses;electricity;r120640428428;small_battery_storage;storage;7845.215846308598
2045_scenario;r120640472472-electricity-small_battery_storage;storage_losses;electricity;r120640472472;small_battery_storage;storage;8227.06474797565
2045_scenario;r120670124124-electricity-small_battery_storage;storage_losses;electricity;r120670124124;small_battery_storage;storage;3012.142984381213
2045_scenario;r120670201201-electricity-small_battery_storage;storage_losses;electricity;r120670201201;small_battery_storage;storage;4598.594329731159
2045_scenario;r120640428428-electricity-small_battery_storage;summed_variable_costs_in_electricity;electricity;r120640428428;small_battery_storage;storage;1797.406336449434
2045_scenario;r120640472472-electricity-small_battery_storage;summed_variable_costs_in_electricity;electricity;r120640472472;small_battery_storage;storage;1845.5287030212596
2045_scenario;r120670124124-electricity-small_battery_storage;summed_variable_costs_in_electricity;electricity;r120670124124;small_battery_storage;storage;678.045519986827
2045_scenario;r120670201201-electricity-small_battery_storage;summed_variable_costs_in_electricity;electricity;r120670201201;small_battery_storage;storage;1312.3798211639569
2045_scenario;r120640428428-r120640472472-electricity-transmission;flow_in_electricity_from_bus;electricity;r120640428428_r120640472472;transmission;link;8.726379836663945
2045_scenario;r120640428428-r120670124124-electricity-transmission;flow_in_electricity_from_bus;electricity;r120640428428_r120670124124;transmission;link;4.419572125866534
2045_scenario;r120640428428-r120670201201-electricity-transmission;flow_in_electricity_from_bus;electricity;r120640428428_r120670201201;transmission;link;2340.946641982629
2045_scenario;r120640472472-r120670124124-electricity-transmission;flow_in_electricity_from_bus;electricity;r120640472472_r120670124124;transmission;link;0.37388598429435427
2045_scenario;r120640472472-r120670201201-electricity-transmission;flow_in_electricity_from_bus;electricity;r120640472472_r120670201201;transmission;link;7897.473222641065
2045_scenario;r120670124124-r120670201201-electricity-transmission;flow_in_electricity_from_bus;electricity;r120670124124_r120670201201;transmission;link;2944.7430192398797
2045_scenario;r120640428428-r120640472472-electricity-transmission;flow_in_electricity_to_bus;electricity;r120640428428_r120640472472;transmission;link;263.354651368633
2045_scenario;r120640428428-r120670124124-electricity-transmission;flow_in_electricity_to_bus;electricity;r120640428428_r120670124124;transmission;link;118.77467025540766
2045_scenario;r120640472472-r120670124124-electricity-transmission;flow_in_electricity_to_bus;electricity;r120640472472_r120670124124;transmission;link;2.7896728486888307
2045_scenario;r120640428428-r120670201201-electricity-transmission;flow_in_electricity_to_bus;electricity;r120640428428_r120670201201;transmission;link;2099.824314842229
2045_scenario;r120640472472-r120670201201-electricity-transmission;flow_in_electricity_to_bus;electricity;r120640472472_r120670201201;transmission;link;3693.56190248167
2045_scenario;r120670124124-r120670201201-electricity-transmission;flow_in_electricity_to_bus;electricity;r120670124124_r120670201201;transmission;link;1418.7222042934318
2045_scenario;r120640428428-r120640472472-electricity-transmission;flow_out_electricity_from_bus;electricity;r120640428428_r120640472472;transmission;link;260.72110485494665
2045_scenario;r120640428428-r120670124124-electricity-transmission;flow_out_electricity_from_bus;electricity;r120640428428_r120670124124;transmission;link;117.58692355285358
2045_scenario;r120640428428-r120670201201-electricity-transmission;flow_out_electricity_from_bus;electricity;r120640428428_r120670201201;transmission;link;2078.8260716938066
2045_scenario;r120640472472-r120670124124-electricity-transmission;flow_out_electricity_from_bus;electricity;r120640472472_r120670124124;transmission;link;2.761776120201942
2045_scenario;r120640472472-r120670201201-electricity-transmission;flow_out_electricity_from_bus;electricity;r120640472472_r120670201201;transmission;link;3656.626283456854
2045_scenario;r120670124124-r120670201201-electricity-transmission;flow_out_electricity_from_bus;electricity;r120670124124_r120670201201;transmission;link;1404.5349822504975
2045_scenario;r120640428428-r120640472472-electricity-transmission;flow_out_electricity_to_bus;electricity;r120640428428_r120640472472;transmission;link;8.639116038297306
2045_scenario;r120640428428-r120670124124-electricity-transmission;flow_out_electricity_to_bus;electricity;r120640428428_r120670124124;transmission;link;4.375376404607868
2045_scenario;r120640428428-r120670201201-electricity-transmission;flow_out_electricity_to_bus;electricity;r120640428428_r120670201201;transmission;link;2317.5371755628025
2045_scenario;r120640472472-r120670124124-electricity-transmission;flow_out_electricity_to_bus;electricity;r120640472472_r120670124124;transmission;link;0.37014712445141074
2045_scenario;r120640472472-r120670201201-electricity-transmission;flow_out_electricity_to_bus;electricity;r120640472472_r120670201201;transmission;link;7818.498490414654
2045_scenario;r120670124124-r120670201201-electricity-transmission;flow_out_electricity_to_bus;electricity;r120670124124_r120670201201;transmission;link;2915.295589047481
2045_scenario;r120640428428-r120640472472-electricity-transmission;summed_variable_costs_out_electricity_from_bus;electricity;r120640428428_r120640472472;transmission;link;1514.7896192072399
2045_scenario;r120640428428-r120670124124-electricity-transmission;summed_variable_costs_out_electricity_from_bus;electricity;r120640428428_r120670124124;transmission;link;683.1800258420792
2045_scenario;r120640428428-r120670201201-electricity-transmission;summed_variable_costs_out_electricity_from_bus;electricity;r120640428428_r120670201201;transmission;link;12077.979476541015
2045_scenario;r120640472472-r120670124124-electricity-transmission;summed_variable_costs_out_electricity_from_bus;electricity;r120640472472_r120670124124;transmission;link;16.04591925837328
2045_scenario;r120640472472-r120670201201-electricity-transmission;summed_variable_costs_out_electricity_from_bus;electricity;r120640472472_r120670201201;transmission;link;21244.99870688432
2045_scenario;r120670124124-r120670201201-electricity-transmission;summed_variable_costs_out_electricity_from_bus;electricity;r120670124124_r120670201201;transmission;link;8160.34824687539
2045_scenario;r120640428428-r120640472472-electricity-transmission;summed_variable_costs_out_electricity_to_bus;electricity;r120640428428_r120640472472;transmission;link;50.19326418250735
2045_scenario;r120640428428-r120670124124-electricity-transmission;summed_variable_costs_out_electricity_to_bus;electricity;r120640428428_r120670124124;transmission;link;25.42093691077171
2045_scenario;r120640428428-r120670201201-electricity-transmission;summed_variable_costs_out_electricity_to_bus;electricity;r120640428428_r120670201201;transmission;link;13464.890990019881
2045_scenario;r120640472472-r120670124124-electricity-transmission;summed_variable_costs_out_electricity_to_bus;electricity;r120640472472_r120670124124;transmission;link;2.150554793062696
2045_scenario;r120640472472-r120670201201-electricity-transmission;summed_variable_costs_out_electricity_to_bus;electricity;r120640472472_r120670201201;transmission;link;45425.47622930913
2045_scenario;r120670124124-r120670201201-electricity-transmission;summed_variable_costs_out_electricity_to_bus;electricity;r120670124124_r120670201201;transmission;link;16937.86737236586
2045_scenario;r120640428428-r120640472472-electricity-transmission;transmission_losses;electricity;r120640428428_r120640472472;transmission;link;2.720810312053004
2045_scenario;r120640428428-r120670124124-electricity-transmission;transmission_losses;electricity;r120640428428_r120670124124;transmission;link;1.2319424238127539
2045_scenario;r120640428428-r120670201201-electricity-transmission;transmission_losses;electricity;r120640428428_r120670201201;transmission;link;44.40770956824781
2045_scenario;r120640472472-r120670124124-electricity-transmission;transmission_losses;electricity;r120640472472_r120670124124;transmission;link;0.03163558832983204
2045_scenario;r120640472472-r120670201201-electricity-transmission;transmission_losses;electricity;r120640472472_r120670201201;transmission;link;115.91035125122653
2045_scenario;r120670124124-r120670201201-electricity-transmission;transmission_losses;electricity;r120670124124_r120670201201;transmission;link;43.634652235333306
2045_scenario;r120640428428-electricity-wind;flow_out_electricity;electricity;r120640428428;wind;volatile;0.0
2045_scenario;r120640472472-electricity-wind;flow_out_electricity;electricity;r120640472472;wind;volatile;0.0
2045_scenario;r120670124124-electricity-wind;flow_out_electricity;electricity;r120670124124;wind;volatile;0.0
2045_scenario;r120670201201-electricity-wind;flow_out_electricity;electricity;r120670201201;wind;volatile;289924.7086035443
2045_scenario;r120640428428-electricity-wind;invest_costs_out_electricity;electricity;r120640428428;wind;volatile;0.0
2045_scenario;r120640472472-electricity-wind;invest_costs_out_electricity;electricity;r120640472472;wind;volatile;0.0
2045_scenario;r120670124124-electricity-wind;invest_costs_out_electricity;electricity;r120670124124;wind;volatile;0.0
2045_scenario;r120670201201-electricity-wind;invest_costs_out_electricity;electricity;r120670201201;wind;volatile;6324757.968981164
2045_scenario;r120640428428-electricity-wind;invest_out_electricity;electricity;r120640428428;wind;volatile;0.0
2045_scenario;r120640472472-electricity-wind;invest_out_electricity;electricity;r120640472472;wind;volatile;0.0
2045_scenario;r120670124124-electricity-wind;invest_out_electricity;electricity;r120670124124;wind;volatile;0.0
2045_scenario;r120670201201-electricity-wind;invest_out_electricity;electricity;r120670201201;wind;volatile;92.0395900328712
2045_scenario;r120640428428-h2-boiler_heat_high;flow_in_h2;h2;r120640428428;boiler_heat_high;conversion;0.0
2045_scenario;r120640472472-h2-boiler_heat_high;flow_in_h2;h2;r120640472472;boiler_heat_high;conversion;0.0
2045_scenario;r120670124124-h2-boiler_heat_high;flow_in_h2;h2;r120670124124;boiler_heat_high;conversion;0.0
2045_scenario;r120670201201-h2-boiler_heat_high;flow_in_h2;h2;r120670201201;boiler_heat_high;conversion;0.0
2045_scenario;r120640428428-h2-boiler_heat_high;flow_out_heat_high;h2;r120640428428;boiler_heat_high;conversion;0.0
2045_scenario;r120640472472-h2-boiler_heat_high;flow_out_heat_high;h2;r120640472472;boiler_heat_high;conversion;0.0
2045_scenario;r120670124124-h2-boiler_heat_high;flow_out_heat_high;h2;r120670124124;boiler_heat_high;conversion;0.0
2045_scenario;r120670201201-h2-boiler_heat_high;flow_out_heat_high;h2;r120670201201;boiler_heat_high;conversion;0.0
2045_scenario;r120640428428-h2-boiler_heat_high;invest_costs_out_heat_high;h2;r120640428428;boiler_heat_high;conversion;0.0
2045_scenario;r120640472472-h2-boiler_heat_high;invest_costs_out_heat_high;h2;r120640472472;boiler_heat_high;conversion;0.0
2045_scenario;r120670124124-h2-boiler_heat_high;invest_costs_out_heat_high;h2;r120670124124;boiler_heat_high;conversion;0.0
2045_scenario;r120670201201-h2-boiler_heat_high;invest_costs_out_heat_high;h2;r120670201201;boiler_heat_high;conversion;0.0
2045_scenario;r120640428428-h2-boiler_heat_high;invest_out_heat_high;h2;r120640428428;boiler_heat_high;conversion;0.0
2045_scenario;r120640472472-h2-boiler_heat_high;invest_out_heat_high;h2;r120640472472;boiler_heat_high;conversion;0.0
2045_scenario;r120670124124-h2-boiler_heat_high;invest_out_heat_high;h2;r120670124124;boiler_heat_high;conversion;0.0
2045_scenario;r120670201201-h2-boiler_heat_high;invest_out_heat_high;h2;r120670201201;boiler_heat_high;conversion;0.0
2045_scenario;r120640428428-h2-boiler_heat_high;summed_variable_costs_out_heat_high;h2;r120640428428;boiler_heat_high;conversion;0.0
2045_scenario;r120640472472-h2-boiler_heat_high;summed_variable_costs_out_heat_high;h2;r120640472472;boiler_heat_high;conversion;0.0
2045_scenario;r120670124124-h2-boiler_heat_high;summed_variable_costs_out_heat_high;h2;r120670124124;boiler_heat_high;conversion;0.0
2045_scenario;r120670201201-h2-boiler_heat_high;summed_variable_costs_out_heat_high;h2;r120670201201;boiler_heat_high;conversion;0.0
2045_scenario;r120640428428-h2-bpchp_heat_high;flow_in_h2;h2;r120640428428;bpchp_heat_high;backpressure;0.0
2045_scenario;r120640472472-h2-bpchp_heat_high;flow_in_h2;h2;r120640472472;bpchp_heat_high;backpressure;0.0
2045_scenario;r120670124124-h2-bpchp_heat_high;flow_in_h2;h2;r120670124124;bpchp_heat_high;backpressure;0.0
2045_scenario;r120670201201-h2-bpchp_heat_high;flow_in_h2;h2;r120670201201;bpchp_heat_high;backpressure;0.0
2045_scenario;r120640428428-h2-bpchp_heat_high;flow_out_electricity;h2;r120640428428;bpchp_heat_high;backpressure;0.0
2045_scenario;r120640472472-h2-bpchp_heat_high;flow_out_electricity;h2;r120640472472;bpchp_heat_high;backpressure;0.0
2045_scenario;r120670124124-h2-bpchp_heat_high;flow_out_electricity;h2;r120670124124;bpchp_heat_high;backpressure;0.0
2045_scenario;r120670201201-h2-bpchp_heat_high;flow_out_electricity;h2;r120670201201;bpchp_heat_high;backpressure;0.0
2045_scenario;r120640428428-h2-bpchp_heat_high;flow_out_heat_high;h2;r120640428428;bpchp_heat_high;backpressure;0.0
2045_scenario;r120640472472-h2-bpchp_heat_high;flow_out_heat_high;h2;r120640472472;bpchp_heat_high;backpressure;0.0
2045_scenario;r120670124124-h2-bpchp_heat_high;flow_out_heat_high;h2;r120670124124;bpchp_heat_high;backpressure;0.0
2045_scenario;r120670201201-h2-bpchp_heat_high;flow_out_heat_high;h2;r120670201201;bpchp_heat_high;backpressure;0.0
2045_scenario;r120640428428-h2-bpchp_heat_high;invest_costs_out_electricity;h2;r120640428428;bpchp_heat_high;backpressure;0.0
2045_scenario;r120640472472-h2-bpchp_heat_high;invest_costs_out_electricity;h2;r120640472472;bpchp_heat_high;backpressure;0.0
2045_scenario;r120670124124-h2-bpchp_heat_high;invest_costs_out_electricity;h2;r120670124124;bpchp_heat_high;backpressure;0.0
2045_scenario;r120670201201-h2-bpchp_heat_high;invest_costs_out_electricity;h2;r120670201201;bpchp_heat_high;backpressure;0.0
2045_scenario;r120640428428-h2-bpchp_heat_high;invest_out_electricity;h2;r120640428428;bpchp_heat_high;backpressure;0.0
2045_scenario;r120640472472-h2-bpchp_heat_high;invest_out_electricity;h2;r120640472472;bpchp_heat_high;backpressure;0.0
2045_scenario;r120670124124-h2-bpchp_heat_high;invest_out_electricity;h2;r120670124124;bpchp_heat_high;backpressure;0.0
2045_scenario;r120670201201-h2-bpchp_heat_high;invest_out_electricity;h2;r120670201201;bpchp_heat_high;backpressure;0.0
2045_scenario;r120640428428-h2-commodity;flow_out_h2;h2;r120640428428;commodity;shortage;0.0
2045_scenario;r120640472472-h2-commodity;flow_out_h2;h2;r120640472472;commodity;shortage;0.0
2045_scenario;r120670124124-h2-commodity;flow_out_h2;h2;r120670124124;commodity;shortage;0.0
2045_scenario;r120670201201-h2-commodity;flow_out_h2;h2;r120670201201;commodity;shortage;0.0
2045_scenario;r120640428428-h2-commodity;summed_variable_costs_out_h2;h2;r120640428428;commodity;shortage;0.0
2045_scenario;r120640472472-h2-commodity;summed_variable_costs_out_h2;h2;r120640472472;commodity;shortage;0.0
2045_scenario;r120670124124-h2-commodity;summed_variable_costs_out_h2;h2;r120670124124;commodity;shortage;0.0
2045_scenario;r120670201201-h2-commodity;summed_variable_costs_out_h2;h2;r120670201201;commodity;shortage;0.0
2045_scenario;r120640428428-h2-export;flow_in_h2;h2;r120640428428;export;excess;0.0
2045_scenario;r120640472472-h2-export;flow_in_h2;h2;r120640472472;export;excess;0.0
2045_scenario;r120670124124-h2-export;flow_in_h2;h2;r120670124124;export;excess;0.0
2045_scenario;r120670201201-h2-export;flow_in_h2;h2;r120670201201;export;excess;0.0
2045_scenario;r120640428428-r120640472472-h2-transmission;flow_in_h2_from_bus;h2;r120640428428_r120640472472;transmission;link;0.0
2045_scenario;r120640428428-r120670124124-h2-transmission;flow_in_h2_from_bus;h2;r120640428428_r120670124124;transmission;link;0.0
2045_scenario;r120640428428-r120670201201-h2-transmission;flow_in_h2_from_bus;h2;r120640428428_r120670201201;transmission;link;0.0
2045_scenario;r120640472472-r120670124124-h2-transmission;flow_in_h2_from_bus;h2;r120640472472_r120670124124;transmission;link;0.0
2045_scenario;r120640472472-r120670201201-h2-transmission;flow_in_h2_from_bus;h2;r120640472472_r120670201201;transmission;link;0.0
2045_scenario;r120670124124-r120670201201-h2-transmission;flow_in_h2_from_bus;h2;r120670124124_r120670201201;transmission;link;0.0
2045_scenario;r120640428428-r120640472472-h2-transmission;flow_in_h2_to_bus;h2;r120640428428_r120640472472;transmission;link;0.0
2045_scenario;r120640428428-r120670124124-h2-transmission;flow_in_h2_to_bus;h2;r120640428428_r120670124124;transmission;link;0.0
2045_scenario;r120640472472-r120670124124-h2-transmission;flow_in_h2_to_bus;h2;r120640472472_r120670124124;transmission;link;0.0
2045_scenario;r120640428428-r120670201201-h2-transmission;flow_in_h2_to_bus;h2;r120640428428_r120670201201;transmission;link;0.0
2045_scenario;r120640472472-r120670201201-h2-transmission;flow_in_h2_to_bus;h2;r120640472472_r120670201201;transmission;link;0.0
2045_scenario;r120670124124-r120670201201-h2-transmission;flow_in_h2_to_bus;h2;r120670124124_r120670201201;transmission;link;0.0
2045_scenario;r120640428428-r120640472472-h2-transmission;flow_out_h2_from_bus;h2;r120640428428_r120640472472;transmission;link;0.0
2045_scenario;r120640428428-r120670124124-h2-transmission;flow_out_h2_from_bus;h2;r120640428428_r120670124124;transmission;link;0.0
2045_scenario;r120640428428-r120670201201-h2-transmission;flow_out_h2_from_bus;h2;r120640428428_r120670201201;transmission;link;0.0
2045_scenario;r120640472472-r120670124124-h2-transmission;flow_out_h2_from_bus;h2;r120640472472_r120670124124;transmission;link;0.0
2045_scenario;r120640472472-r120670201201-h2-transmission;flow_out_h2_from_bus;h2;r120640472472_r120670201201;transmission;link;0.0
2045_scenario;r120670124124-r120670201201-h2-transmission;flow_out_h2_from_bus;h2;r120670124124_r120670201201;transmission;link;0.0
2045_scenario;r120640428428-r120640472472-h2-transmission;flow_out_h2_to_bus;h2;r120640428428_r120640472472;transmission;link;0.0
2045_scenario;r120640428428-r120670124124-h2-transmission;flow_out_h2_to_bus;h2;r120640428428_r120670124124;transmission;link;0.0
2045_scenario;r120640428428-r120670201201-h2-transmission;flow_out_h2_to_bus;h2;r120640428428_r120670201201;transmission;link;0.0
2045_scenario;r120640472472-r120670124124-h2-transmission;flow_out_h2_to_bus;h2;r120640472472_r120670124124;transmission;link;0.0
2045_scenario;r120640472472-r120670201201-h2-transmission;flow_out_h2_to_bus;h2;r120640472472_r120670201201;transmission;link;0.0
2045_scenario;r120670124124-r120670201201-h2-transmission;flow_out_h2_to_bus;h2;r120670124124_r120670201201;transmission;link;0.0
2045_scenario;r120640428428-r120640472472-h2-transmission;summed_variable_costs_out_h2_from_bus;h2;r120640428428_r120640472472;transmission;link;0.0
2045_scenario;r120640428428-r120670124124-h2-transmission;summed_variable_costs_out_h2_from_bus;h2;r120640428428_r120670124124;transmission;link;0.0
2045_scenario;r120640428428-r120670201201-h2-transmission;summed_variable_costs_out_h2_from_bus;h2;r120640428428_r120670201201;transmission;link;0.0
2045_scenario;r120640472472-r120670124124-h2-transmission;summed_variable_costs_out_h2_from_bus;h2;r120640472472_r120670124124;transmission;link;0.0
2045_scenario;r120640472472-r120670201201-h2-transmission;summed_variable_costs_out_h2_from_bus;h2;r120640472472_r120670201201;transmission;link;0.0
2045_scenario;r120670124124-r120670201201-h2-transmission;summed_variable_costs_out_h2_from_bus;h2;r120670124124_r120670201201;transmission;link;0.0
2045_scenario;r120640428428-r120640472472-h2-transmission;summed_variable_costs_out_h2_to_bus;h2;r120640428428_r120640472472;transmission;link;0.0
2045_scenario;r120640428428-r120670124124-h2-transmission;summed_variable_costs_out_h2_to_bus;h2;r120640428428_r120670124124;transmission;link;0.0
2045_scenario;r120640428428-r120670201201-h2-transmission;summed_variable_costs_out_h2_to_bus;h2;r120640428428_r120670201201;transmission;link;0.0
2045_scenario;r120640472472-r120670124124-h2-transmission;summed_variable_costs_out_h2_to_bus;h2;r120640472472_r120670124124;transmission;link;0.0
2045_scenario;r120640472472-r120670201201-h2-transmission;summed_variable_costs_out_h2_to_bus;h2;r120640472472_r120670201201;transmission;link;0.0
2045_scenario;r120670124124-r120670201201-h2-transmission;summed_variable_costs_out_h2_to_bus;h2;r120670124124_r120670201201;transmission;link;0.0
2045_scenario;r120640428428-r120640472472-h2-transmission;transmission_losses;h2;r120640428428_r120640472472;transmission;link;0.0
2045_scenario;r120640428428-r120670124124-h2-transmission;transmission_losses;h2;r120640428428_r120670124124;transmission;link;0.0
2045_scenario;r120640428428-r120670201201-h2-transmission;transmission_losses;h2;r120640428428_r120670201201;transmission;link;0.0
2045_scenario;r120640472472-r120670124124-h2-transmission;transmission_losses;h2;r120640472472_r120670124124;transmission;link;0.0
2045_scenario;r120640472472-r120670201201-h2-transmission;transmission_losses;h2;r120640472472_r120670201201;transmission;link;0.0
2045_scenario;r120670124124-r120670201201-h2-transmission;transmission_losses;h2;r120670124124_r120670201201;transmission;link;0.0
2045_scenario;r120640428428-heat_high-demand_ind;flow_in_heat_high;heat_high;r120640428428;demand_ind;load;4637.3071033361675
2045_scenario;r120640472472-heat_high-demand_ind;flow_in_heat_high;heat_high;r120640472472;demand_ind;load;3927.526073899517
2045_scenario;r120670124124-heat_high-demand_ind;flow_in_heat_high;heat_high;r120670124124;demand_ind;load;2727.7576444361844
2045_scenario;r120670201201-heat_high-demand_ind;flow_in_heat_high;heat_high;r120670201201;demand_ind;load;79110.26369319638
2045_scenario;r120640428428-heat_low_central-demand_cts;flow_in_heat_low_central;heat_low_central;r120640428428;demand_cts;load;508.6096382455668
2045_scenario;r120640472472-heat_low_central-demand_cts;flow_in_heat_low_central;heat_low_central;r120640472472;demand_cts;load;8664.244636333868
2045_scenario;r120670124124-heat_low_central-demand_cts;flow_in_heat_low_central;heat_low_central;r120670124124;demand_cts;load;12.75724242540798
2045_scenario;r120670201201-heat_low_central-demand_cts;flow_in_heat_low_central;heat_low_central;r120670201201;demand_cts;load;1430.3840203136822
2045_scenario;r120640428428-heat_low_central-demand_hh;flow_in_heat_low_central;heat_low_central;r120640428428;demand_hh;load;801.7199661831256
2045_scenario;r120640472472-heat_low_central-demand_hh;flow_in_heat_low_central;heat_low_central;r120640472472;demand_hh;load;12376.477173879806
2045_scenario;r120670124124-heat_low_central-demand_hh;flow_in_heat_low_central;heat_low_central;r120670124124;demand_hh;load;31.352117178185182
2045_scenario;r120670201201-heat_low_central-demand_hh;flow_in_heat_low_central;heat_low_central;r120670201201;demand_hh;load;3839.4250105504375
2045_scenario;r120640428428-heat_low_central-demand_ind;flow_in_heat_low_central;heat_low_central;r120640428428;demand_ind;load;24.099639938017795
2045_scenario;r120640472472-heat_low_central-demand_ind;flow_in_heat_low_central;heat_low_central;r120640472472;demand_ind;load;245.82399159586745
2045_scenario;r120670124124-heat_low_central-demand_ind;flow_in_heat_low_central;heat_low_central;r120670124124;demand_ind;load;0.8994329109801891
2045_scenario;r120670201201-heat_low_central-demand_ind;flow_in_heat_low_central;heat_low_central;r120670201201;demand_ind;load;2006.6006630703273
2045_scenario;r120640428428-heat_low_central-storage;flow_in_heat_low_central;heat_low_central;r120640428428;storage;storage;2664.2769233606205
2045_scenario;r120640472472-heat_low_central-storage;flow_in_heat_low_central;heat_low_central;r120640472472;storage;storage;2056.092718192722
2045_scenario;r120670124124-heat_low_central-storage;flow_in_heat_low_central;heat_low_central;r120670124124;storage;storage;4.352679805688769
2045_scenario;r120670201201-heat_low_central-storage;flow_in_heat_low_central;heat_low_central;r120670201201;storage;storage;902.019144365088
2045_scenario;r120640428428-heat_low_central-storage;flow_out_heat_low_central;heat_low_central;r120640428428;storage;storage;56.84751141382974
2045_scenario;r120640472472-heat_low_central-storage;flow_out_heat_low_central;heat_low_central;r120640472472;storage;storage;1160.705024710194
2045_scenario;r120670124124-heat_low_central-storage;flow_out_heat_low_central;heat_low_central;r120670124124;storage;storage;2.4696995914420934
2045_scenario;r120670201201-heat_low_central-storage;flow_out_heat_low_central;heat_low_central;r120670201201;storage;storage;518.6464206516781
2045_scenario;r120640428428-heat_low_central-storage;invest;heat_low_central;r120640428428;storage;storage;4.224146233302131
2045_scenario;r120640472472-heat_low_central-storage;invest;heat_low_central;r120640472472;storage;storage;15.227822308455549
2045_scenario;r120670124124-heat_low_central-storage;invest;heat_low_central;r120670124124;storage;storage;0.032292725695075915
2045_scenario;r120670201201-heat_low_central-storage;invest;heat_low_central;r120670201201;storage;storage;5.966876144168243
2045_scenario;r120640428428-heat_low_central-storage;invest_costs;heat_low_central;r120640428428;storage;storage;716.0438083386965
2045_scenario;r120640472472-heat_low_central-storage;invest_costs;heat_low_central;r120640472472;storage;storage;2581.2998121345063
2045_scenario;r120670124124-heat_low_central-storage;invest_costs;heat_low_central;r120670124124;storage;storage;5.474007056394719
2045_scenario;r120670201201-heat_low_central-storage;invest_costs;heat_low_central;r120670201201;storage;storage;1011.4575779767881
2045_scenario;r120640428428-heat_low_central-storage;invest_costs_in_heat_low_central;heat_low_central;r120640428428;storage;storage;6.302711899491442
2045_scenario;r120640472472-heat_low_central-storage;invest_costs_in_heat_low_central;heat_low_central;r120640472472;storage;storage;63.20135175383036
2045_scenario;r120670124124-heat_low_central-storage;invest_costs_in_heat_low_central;heat_low_central;r120670124124;storage;storage;0.13171482307357033
2045_scenario;r120670201201-heat_low_central-storage;invest_costs_in_heat_low_central;heat_low_central;r120670201201;storage;storage;16.205122781273413
2045_scenario;r120640428428-heat_low_central-storage;invest_costs_out_heat_low_central;heat_low_central;r120640428428;storage;storage;0.0
2045_scenario;r120640472472-heat_low_central-storage;invest_costs_out_heat_low_central;heat_low_central;r120640472472;storage;storage;0.0
2045_scenario;r120670124124-heat_low_central-storage;invest_costs_out_heat_low_central;heat_low_central;r120670124124;storage;storage;0.0
2045_scenario;r120670201201-heat_low_central-storage;invest_costs_out_heat_low_central;heat_low_central;r120670201201;storage;storage;0.0
2045_scenario;r120640428428-heat_low_central-storage;invest_in_heat_low_central;heat_low_central;r120640428428;storage;storage;0.6922213797299503
2045_scenario;r120640472472-heat_low_central-storage;invest_in_heat_low_central;heat_low_central;r120640472472;storage;storage;6.941349630048051
2045_scenario;r120670124124-heat_low_central-storage;invest_in_heat_low_central;heat_low_central;r120670124124;storage;storage;0.014466124743260122
2045_scenario;r120670201201-heat_low_central-storage;invest_in_heat_low_central;heat_low_central;r120670201201;storage;storage;1.77979457560982
2045_scenario;r120640428428-heat_low_central-storage;invest_out_heat_low_central;heat_low_central;r120640428428;storage;storage;0.6922213797299503
2045_scenario;r120640472472-heat_low_central-storage;invest_out_heat_low_central;heat_low_central;r120640472472;storage;storage;6.941349630048051
2045_scenario;r120670124124-heat_low_central-storage;invest_out_heat_low_central;heat_low_central;r120670124124;storage;storage;0.014466124743260122
2045_scenario;r120670201201-heat_low_central-storage;invest_out_heat_low_central;heat_low_central;r120670201201;storage;storage;1.77979457560982
2045_scenario;r120640428428-heat_low_central-storage;storage_losses;heat_low_central;r120640428428;storage;storage;2607.429411946791
2045_scenario;r120640472472-heat_low_central-storage;storage_losses;heat_low_central;r120640472472;storage;storage;895.3876934825278
2045_scenario;r120670124124-heat_low_central-storage;storage_losses;heat_low_central;r120670124124;storage;storage;1.8829802142466758
2045_scenario;r120670201201-heat_low_central-storage;storage_losses;heat_low_central;r120670201201;storage;storage;383.37272371340987
2045_scenario;r120640428428-heat_low_central-storage;summed_variable_costs_in_heat_low_central;heat_low_central;r120640428428;storage;storage;266.4276923360621
2045_scenario;r120640472472-heat_low_central-storage;summed_variable_costs_in_heat_low_central;heat_low_central;r120640472472;storage;storage;205.60927181927218
2045_scenario;r120670124124-heat_low_central-storage;summed_variable_costs_in_heat_low_central;heat_low_central;r120670124124;storage;storage;0.43526798056887694
2045_scenario;r120670201201-heat_low_central-storage;summed_variable_costs_in_heat_low_central;heat_low_central;r120670201201;storage;storage;90.2019144365088
2045_scenario;r120640428428-heat_low_decentral-demand_cts;flow_in_heat_low_decentral;heat_low_decentral;r120640428428;demand_cts;load;23958.343958643443
2045_scenario;r120640472472-heat_low_decentral-demand_cts;flow_in_heat_low_decentral;heat_low_decentral;r120640472472;demand_cts;load;25942.880667957834
2045_scenario;r120670124124-heat_low_decentral-demand_cts;flow_in_heat_low_decentral;heat_low_decentral;r120670124124;demand_cts;load;9659.633305831561
2045_scenario;r120670201201-heat_low_decentral-demand_cts;flow_in_heat_low_decentral;heat_low_decentral;r120670201201;demand_cts;load;12667.84428092422
2045_scenario;r120640428428-heat_low_decentral-demand_hh;flow_in_heat_low_decentral;heat_low_decentral;r120640428428;demand_hh;load;37765.471324106795
2045_scenario;r120640472472-heat_low_decentral-demand_hh;flow_in_heat_low_decentral;heat_low_decentral;r120640472472;demand_hh;load;37058.21844701864
2045_scenario;r120670124124-heat_low_decentral-demand_hh;flow_in_heat_low_decentral;heat_low_decentral;r120670124124;demand_hh;load;23739.452869497916
2045_scenario;r120670201201-heat_low_decentral-demand_hh;flow_in_heat_low_decentral;heat_low_decentral;r120670201201;demand_hh;load;34002.923320740556
2045_scenario;r120640428428-heat_low_decentral-demand_ind;flow_in_heat_low_decentral;heat_low_decentral;r120640428428;demand_ind;load;1135.2271358957557
2045_scenario;r120640472472-heat_low_decentral-demand_ind;flow_in_heat_low_decentral;heat_low_decentral;r120640472472;demand_ind;load;736.0575268787832
2045_scenario;r120670124124-heat_low_decentral-demand_ind;flow_in_heat_low_decentral;heat_low_decentral;r120670124124;demand_ind;load;681.0399781979074
2045_scenario;r120670201201-heat_low_decentral-demand_ind;flow_in_heat_low_decentral;heat_low_decentral;r120670201201;demand_ind;load;17770.96526022415
2045_scenario;r120640428428-heat_low_decentral-solarthermal_plant;flow_out_heat_low_decentral;heat_low_decentral;r120640428428;solarthermal_plant;volatile;0.0
2045_scenario;r120640472472-heat_low_decentral-solarthermal_plant;flow_out_heat_low_decentral;heat_low_decentral;r120640472472;solarthermal_plant;volatile;0.0
2045_scenario;r120670124124-heat_low_decentral-solarthermal_plant;flow_out_heat_low_decentral;heat_low_decentral;r120670124124;solarthermal_plant;volatile;0.0
2045_scenario;r120670201201-heat_low_decentral-solarthermal_plant;flow_out_heat_low_decentral;heat_low_decentral;r120670201201;solarthermal_plant;volatile;0.0
2045_scenario;r120640428428-heat_low_decentral-solarthermal_plant;invest_costs_out_heat_low_decentral;heat_low_decentral;r120640428428;solarthermal_plant;volatile;0.0
2045_scenario;r120640472472-heat_low_decentral-solarthermal_plant;invest_costs_out_heat_low_decentral;heat_low_decentral;r120640472472;solarthermal_plant;volatile;0.0
2045_scenario;r120670124124-heat_low_decentral-solarthermal_plant;invest_costs_out_heat_low_decentral;heat_low_decentral;r120670124124;solarthermal_plant;volatile;0.0
2045_scenario;r120670201201-heat_low_decentral-solarthermal_plant;invest_costs_out_heat_low_decentral;heat_low_decentral;r120670201201;solarthermal_plant;volatile;0.0
2045_scenario;r120640428428-heat_low_decentral-solarthermal_plant;invest_out_heat_low_decentral;heat_low_decentral;r120640428428;solarthermal_plant;volatile;0.0
2045_scenario;r120640472472-heat_low_decentral-solarthermal_plant;invest_out_heat_low_decentral;heat_low_decentral;r120640472472;solarthermal_plant;volatile;0.0
2045_scenario;r120670124124-heat_low_decentral-solarthermal_plant;invest_out_heat_low_decentral;heat_low_decentral;r120670124124;solarthermal_plant;volatile;0.0
2045_scenario;r120670201201-heat_low_decentral-solarthermal_plant;invest_out_heat_low_decentral;heat_low_decentral;r120670201201;solarthermal_plant;volatile;0.0
2045_scenario;r120640428428-heat_low_decentral-storage;flow_in_heat_low_decentral;heat_low_decentral;r120640428428;storage;storage;466.5378504912841
2045_scenario;r120640472472-heat_low_decentral-storage;flow_in_heat_low_decentral;heat_low_decentral;r120640472472;storage;storage;435.6761215611542
2045_scenario;r120670124124-heat_low_decentral-storage;flow_in_heat_low_decentral;heat_low_decentral;r120670124124;storage;storage;360.97077399118245
2045_scenario;r120670201201-heat_low_decentral-storage;flow_in_heat_low_decentral;heat_low_decentral;r120670201201;storage;storage;517.5850974382967
2045_scenario;r120640428428-heat_low_decentral-storage;flow_out_heat_low_decentral;heat_low_decentral;r120640428428;storage;storage;407.0051099142783
2045_scenario;r120640472472-heat_low_decentral-storage;flow_out_heat_low_decentral;heat_low_decentral;r120640472472;storage;storage;377.22793004531286
2045_scenario;r120670124124-heat_low_decentral-storage;flow_out_heat_low_decentral;heat_low_decentral;r120670124124;storage;storage;311.12239864592823
2045_scenario;r120670201201-heat_low_decentral-storage;flow_out_heat_low_decentral;heat_low_decentral;r120670201201;storage;storage;454.136138931495
2045_scenario;r120640428428-heat_low_decentral-storage;invest;heat_low_decentral;r120640428428;storage;storage;1.1595803919912004
2045_scenario;r120640472472-heat_low_decentral-storage;invest;heat_low_decentral;r120640472472;storage;storage;1.0589418289091392
2045_scenario;r120670124124-heat_low_decentral-storage;invest;heat_low_decentral;r120670124124;storage;storage;0.9040866123022531
2045_scenario;r120670201201-heat_low_decentral-storage;invest;heat_low_decentral;r120670201201;storage;storage;1.3328428899894706
2045_scenario;r120640428428-heat_low_decentral-storage;invest_costs;heat_low_decentral;r120640428428;storage;storage;49545.336294132976
2045_scenario;r120640472472-heat_low_decentral-storage;invest_costs;heat_low_decentral;r120640472472;storage;storage;45245.35719264358
2045_scenario;r120670124124-heat_low_decentral-storage;invest_costs;heat_low_decentral;r120670124124;storage;storage;38628.865712898725
2045_scenario;r120670201201-heat_low_decentral-storage;invest_costs;heat_low_decentral;r120670201201;storage;storage;56948.31481099546
2045_scenario;r120640428428-heat_low_decentral-storage;invest_costs_in_heat_low_decentral;heat_low_decentral;r120640428428;storage;storage;4925.436863684621
2045_scenario;r120640472472-heat_low_decentral-storage;invest_costs_in_heat_low_decentral;heat_low_decentral;r120640472472;storage;storage;4497.964226223538
2045_scenario;r120670124124-heat_low_decentral-storage;invest_costs_in_heat_low_decentral;heat_low_decentral;r120670124124;storage;storage;3840.200782069671
2045_scenario;r120670201201-heat_low_decentral-storage;invest_costs_in_heat_low_decentral;heat_low_decentral;r120670201201;storage;storage;5661.387126925394
2045_scenario;r120640428428-heat_low_decentral-storage;invest_costs_out_heat_low_decentral;heat_low_decentral;r120640428428;storage;storage;0.0
2045_scenario;r120640472472-heat_low_decentral-storage;invest_costs_out_heat_low_decentral;heat_low_decentral;r120640472472;storage;storage;0.0
2045_scenario;r120670124124-heat_low_decentral-storage;invest_costs_out_heat_low_decentral;heat_low_decentral;r120670124124;storage;storage;0.0
2045_scenario;r120670201201-heat_low_decentral-storage;invest_costs_out_heat_low_decentral;heat_low_decentral;r120670201201;storage;storage;0.0
2045_scenario;r120640428428-heat_low_decentral-storage;invest_in_heat_low_decentral;heat_low_decentral;r120640428428;storage;storage;1.1352292037593852
2045_scenario;r120640472472-heat_low_decentral-storage;invest_in_heat_low_decentral;heat_low_decentral;r120640472472;storage;storage;1.0367040505020473
2045_scenario;r120670124124-heat_low_decentral-storage;invest_in_heat_low_decentral;heat_low_decentral;r120670124124;storage;storage;0.8851007934439057
2045_scenario;r120670201201-heat_low_decentral-storage;invest_in_heat_low_decentral;heat_low_decentral;r120670201201;storage;storage;1.3048531892996917
2045_scenario;r120640428428-heat_low_decentral-storage;invest_out_heat_low_decentral;heat_low_decentral;r120640428428;storage;storage;1.1352292037593852
2045_scenario;r120640472472-heat_low_decentral-storage;invest_out_heat_low_decentral;heat_low_decentral;r120640472472;storage;storage;1.0367040505020473
2045_scenario;r120670124124-heat_low_decentral-storage;invest_out_heat_low_decentral;heat_low_decentral;r120670124124;storage;storage;0.8851007934439057
2045_scenario;r120670201201-heat_low_decentral-storage;invest_out_heat_low_decentral;heat_low_decentral;r120670201201;storage;storage;1.3048531892996917
2045_scenario;r120640428428-heat_low_decentral-storage;storage_losses;heat_low_decentral;r120640428428;storage;storage;59.53274057700577
2045_scenario;r120640472472-heat_low_decentral-storage;storage_losses;heat_low_decentral;r120640472472;storage;storage;58.44819151584136
2045_scenario;r120670124124-heat_low_decentral-storage;storage_losses;heat_low_decentral;r120670124124;storage;storage;49.848375345254226
2045_scenario;r120670201201-heat_low_decentral-storage;storage_losses;heat_low_decentral;r120670201201;storage;storage;63.44895850680166
2045_scenario;r120640428428-heat_low_decentral-storage;summed_variable_costs_in_heat_low_decentral;heat_low_decentral;r120640428428;storage;storage;46.65378504912841
2045_scenario;r120640472472-heat_low_decentral-storage;summed_variable_costs_in_heat_low_decentral;heat_low_decentral;r120640472472;storage;storage;43.56761215611542
2045_scenario;r120670124124-heat_low_decentral-storage;summed_variable_costs_in_heat_low_decentral;heat_low_decentral;r120670124124;storage;storage;36.09707739911825
2045_scenario;r120670201201-heat_low_decentral-storage;summed_variable_costs_in_heat_low_decentral;heat_low_decentral;r120670201201;storage;storage;51.75850974382967
2045_scenario;r120640428428-heat_low_decentral-storage;summed_variable_costs_out_heat_low_decentral;heat_low_decentral;r120640428428;storage;storage;516.8964895911334
2045_scenario;r120640472472-heat_low_decentral-storage;summed_variable_costs_out_heat_low_decentral;heat_low_decentral;r120640472472;storage;storage;479.07947115754735
2045_scenario;r120670124124-heat_low_decentral-storage;summed_variable_costs_out_heat_low_decentral;heat_low_decentral;r120670124124;storage;storage;395.12544628032884
2045_scenario;r120670201201-heat_low_decentral-storage;summed_variable_costs_out_heat_low_decentral;heat_low_decentral;r120670201201;storage;storage;576.7528964429987
2045_scenario;r120640428428-residual_waste-bpchp_heat_high;flow_in_residual_waste;residual_waste;r120640428428;bpchp_heat_high;backpressure;5790.745641181844
2045_scenario;r120640472472-residual_waste-bpchp_heat_high;flow_in_residual_waste;residual_waste;r120640472472;bpchp_heat_high;backpressure;0.0
2045_scenario;r120670124124-residual_waste-bpchp_heat_high;flow_in_residual_waste;residual_waste;r120670124124;bpchp_heat_high;backpressure;0.0
2045_scenario;r120670201201-residual_waste-bpchp_heat_high;flow_in_residual_waste;residual_waste;r120670201201;bpchp_heat_high;backpressure;0.0
2045_scenario;r120640428428-residual_waste-bpchp_heat_high;flow_out_electricity;residual_waste;r120640428428;bpchp_heat_high;backpressure;1216.0565846481868
2045_scenario;r120640472472-residual_waste-bpchp_heat_high;flow_out_electricity;residual_waste;r120640472472;bpchp_heat_high;backpressure;0.0
2045_scenario;r120670124124-residual_waste-bpchp_heat_high;flow_out_electricity;residual_waste;r120670124124;bpchp_heat_high;backpressure;0.0
2045_scenario;r120670201201-residual_waste-bpchp_heat_high;flow_out_electricity;residual_waste;r120670201201;bpchp_heat_high;backpressure;0.0
2045_scenario;r120640428428-residual_waste-bpchp_heat_high;flow_out_heat_high;residual_waste;r120640428428;bpchp_heat_high;backpressure;4400.966687298201
2045_scenario;r120640472472-residual_waste-bpchp_heat_high;flow_out_heat_high;residual_waste;r120640472472;bpchp_heat_high;backpressure;0.0
2045_scenario;r120670124124-residual_waste-bpchp_heat_high;flow_out_heat_high;residual_waste;r120670124124;bpchp_heat_high;backpressure;0.0
2045_scenario;r120670201201-residual_waste-bpchp_heat_high;flow_out_heat_high;residual_waste;r120670201201;bpchp_heat_high;backpressure;0.0
2045_scenario;r120640428428-residual_waste-bpchp_heat_high;invest_costs_out_electricity;residual_waste;r120640428428;bpchp_heat_high;backpressure;119552.64148383215
2045_scenario;r120640472472-residual_waste-bpchp_heat_high;invest_costs_out_electricity;residual_waste;r120640472472;bpchp_heat_high;backpressure;0.0
2045_scenario;r120670124124-residual_waste-bpchp_heat_high;invest_costs_out_electricity;residual_waste;r120670124124;bpchp_heat_high;backpressure;0.0
2045_scenario;r120670201201-residual_waste-bpchp_heat_high;invest_costs_out_electricity;residual_waste;r120670201201;bpchp_heat_high;backpressure;0.0
2045_scenario;r120640428428-residual_waste-bpchp_heat_high;invest_out_electricity;residual_waste;r120640428428;bpchp_heat_high;backpressure;0.17696374113452545
2045_scenario;r120640472472-residual_waste-bpchp_heat_high;invest_out_electricity;residual_waste;r120640472472;bpchp_heat_high;backpressure;0.0
2045_scenario;r120670124124-residual_waste-bpchp_heat_high;invest_out_electricity;residual_waste;r120670124124;bpchp_heat_high;backpressure;0.0
2045_scenario;r120670201201-residual_waste-bpchp_heat_high;invest_out_electricity;residual_waste;r120670201201;bpchp_heat_high;backpressure;0.0
2045_scenario;r120640428428-residual_waste-bpchp_heat_low_central;flow_in_residual_waste;residual_waste;r120640428428;bpchp_heat_low_central;backpressure;5186.656126728293
2045_scenario;r120640472472-residual_waste-bpchp_heat_low_central;flow_in_residual_waste;residual_waste;r120640472472;bpchp_heat_low_central;backpressure;0.0
2045_scenario;r120670124124-residual_waste-bpchp_heat_low_central;flow_in_residual_waste;residual_waste;r120670124124;bpchp_heat_low_central;backpressure;0.0
2045_scenario;r120670201201-residual_waste-bpchp_heat_low_central;flow_in_residual_waste;residual_waste;r120670201201;bpchp_heat_low_central;backpressure;0.0
2045_scenario;r120640428428-residual_waste-bpchp_heat_low_central;flow_out_electricity;residual_waste;r120640428428;bpchp_heat_low_central;backpressure;1089.197786612941
2045_scenario;r120640472472-residual_waste-bpchp_heat_low_central;flow_out_electricity;residual_waste;r120640472472;bpchp_heat_low_central;backpressure;0.0
2045_scenario;r120670124124-residual_waste-bpchp_heat_low_central;flow_out_electricity;residual_waste;r120670124124;bpchp_heat_low_central;backpressure;0.0
2045_scenario;r120670201201-residual_waste-bpchp_heat_low_central;flow_out_electricity;residual_waste;r120670201201;bpchp_heat_low_central;backpressure;0.0
2045_scenario;r120640428428-residual_waste-bpchp_heat_low_central;flow_out_heat_low_central;residual_waste;r120640428428;bpchp_heat_low_central;backpressure;3941.8586563135013
2045_scenario;r120640472472-residual_waste-bpchp_heat_low_central;flow_out_heat_low_central;residual_waste;r120640472472;bpchp_heat_low_central;backpressure;0.0
2045_scenario;r120670124124-residual_waste-bpchp_heat_low_central;flow_out_heat_low_central;residual_waste;r120670124124;bpchp_heat_low_central;backpressure;0.0
2045_scenario;r120670201201-residual_waste-bpchp_heat_low_central;flow_out_heat_low_central;residual_waste;r120670201201;bpchp_heat_low_central;backpressure;0.0
2045_scenario;r120640428428-residual_waste-bpchp_heat_low_central;invest_costs_out_electricity;residual_waste;r120640428428;bpchp_heat_low_central;backpressure;87373.88916119518
2045_scenario;r120640472472-residual_waste-bpchp_heat_low_central;invest_costs_out_electricity;residual_waste;r120640472472;bpchp_heat_low_central;backpressure;0.0
2045_scenario;r120670124124-residual_waste-bpchp_heat_low_central;invest_costs_out_electricity;residual_waste;r120670124124;bpchp_heat_low_central;backpressure;0.0
2045_scenario;r120670201201-residual_waste-bpchp_heat_low_central;invest_costs_out_electricity;residual_waste;r120670201201;bpchp_heat_low_central;backpressure;0.0
2045_scenario;r120640428428-residual_waste-bpchp_heat_low_central;invest_out_electricity;residual_waste;r120640428428;bpchp_heat_low_central;backpressure;0.12933223483422143
2045_scenario;r120640472472-residual_waste-bpchp_heat_low_central;invest_out_electricity;residual_waste;r120640472472;bpchp_heat_low_central;backpressure;0.0
2045_scenario;r120670124124-residual_waste-bpchp_heat_low_central;invest_out_electricity;residual_waste;r120670124124;bpchp_heat_low_central;backpressure;0.0
2045_scenario;r120670201201-residual_waste-bpchp_heat_low_central;invest_out_electricity;residual_waste;r120670201201;bpchp_heat_low_central;backpressure;0.0
2045_scenario;r120640428428-residual_waste-commodity;flow_out_residual_waste;residual_waste;r120640428428;commodity;shortage;10977.40176791013
2045_scenario;r120640472472-residual_waste-commodity;flow_out_residual_waste;residual_waste;r120640472472;commodity;shortage;0.0
2045_scenario;r120670124124-residual_waste-commodity;flow_out_residual_waste;residual_waste;r120670124124;commodity;shortage;0.0
2045_scenario;r120670201201-residual_waste-commodity;flow_out_residual_waste;residual_waste;r120670201201;commodity;shortage;0.0
2045_scenario;system;total_system_cost;;;;;101295401.03777158
