scenario;name;var_name;carrier;region;tech;type;var_value
2045_scenario;r120640428428-biomass_gas-bpchp_heat_high;flow_in_biomass_gas;biomass_gas;r120640428428;bpchp_heat_high;backpressure;0.0
2045_scenario;r120640472472-biomass_gas-bpchp_heat_high;flow_in_biomass_gas;biomass_gas;r120640472472;bpchp_heat_high;backpressure;0.0
2045_scenario;r120670124124-biomass_gas-bpchp_heat_high;flow_in_biomass_gas;biomass_gas;r120670124124;bpchp_heat_high;backpressure;0.0
2045_scenario;r120670201201-biomass_gas-bpchp_heat_high;flow_in_biomass_gas;biomass_gas;r120670201201;bpchp_heat_high;backpressure;0.0
2045_scenario;r120640428428-biomass_gas-bpchp_heat_high;flow_out_electricity;biomass_gas;r120640428428;bpchp_heat_high;backpressure;0.0
2045_scenario;r120640472472-biomass_gas-bpchp_heat_high;flow_out_electricity;biomass_gas;r120640472472;bpchp_heat_high;backpressure;0.0
2045_scenario;r120670124124-biomass_gas-bpchp_heat_high;flow_out_electricity;biomass_gas;r120670124124;bpchp_heat_high;backpressure;0.0
2045_scenario;r120670201201-biomass_gas-bpchp_heat_high;flow_out_electricity;biomass_gas;r120670201201;bpchp_heat_high;backpressure;0.0
2045_scenario;r120640428428-biomass_gas-bpchp_heat_high;flow_out_heat_high;biomass_gas;r120640428428;bpchp_heat_high;backpressure;0.0
2045_scenario;r120640472472-biomass_gas-bpchp_heat_high;flow_out_heat_high;biomass_gas;r120640472472;bpchp_heat_high;backpressure;0.0
2045_scenario;r120670124124-biomass_gas-bpchp_heat_high;flow_out_heat_high;biomass_gas;r120670124124;bpchp_heat_high;backpressure;0.0
2045_scenario;r120670201201-biomass_gas-bpchp_heat_high;flow_out_heat_high;biomass_gas;r120670201201;bpchp_heat_high;backpressure;0.0
2045_scenario;r120640428428-biomass_gas-bpchp_heat_high;invest_costs_out_electricity;biomass_gas;r120640428428;bpchp_heat_high;backpressure;0.0
2045_scenario;r120640472472-biomass_gas-bpchp_heat_high;invest_costs_out_electricity;biomass_gas;r120640472472;bpchp_heat_high;backpressure;0.0
2045_scenario;r120670124124-biomass_gas-bpchp_heat_high;invest_costs_out_electricity;biomass_gas;r120670124124;bpchp_heat_high;backpressure;0.0
2045_scenario;r120670201201-biomass_gas-bpchp_heat_high;invest_costs_out_electricity;biomass_gas;r120670201201;bpchp_heat_high;backpressure;0.0
2045_scenario;r120640428428-biomass_gas-bpchp_heat_high;invest_out_electricity;biomass_gas;r120640428428;bpchp_heat_high;backpressure;0.0
2045_scenario;r120640472472-biomass_gas-bpchp_heat_high;invest_out_electricity;biomass_gas;r120640472472;bpchp_heat_high;backpressure;0.0
2045_scenario;r120670124124-biomass_gas-bpchp_heat_high;invest_out_electricity;biomass_gas;r120670124124;bpchp_heat_high;backpressure;0.0
2045_scenario;r120670201201-biomass_gas-bpchp_heat_high;invest_out_electricity;biomass_gas;r120670201201;bpchp_heat_high;backpressure;0.0
2045_scenario;r120640428428-biomass_gas-bpchp_heat_low_central;flow_in_biomass_gas;biomass_gas;r120640428428;bpchp_heat_low_central;backpressure;0.0
2045_scenario;r120640472472-biomass_gas-bpchp_heat_low_central;flow_in_biomass_gas;biomass_gas;r120640472472;bpchp_heat_low_central;backpressure;0.0
2045_scenario;r120670124124-biomass_gas-bpchp_heat_low_central;flow_in_biomass_gas;biomass_gas;r120670124124;bpchp_heat_low_central;backpressure;0.0
2045_scenario;r120670201201-biomass_gas-bpchp_heat_low_central;flow_in_biomass_gas;biomass_gas;r120670201201;bpchp_heat_low_central;backpressure;0.0
2045_scenario;r120640428428-biomass_gas-bpchp_heat_low_central;flow_out_electricity;biomass_gas;r120640428428;bpchp_heat_low_central;backpressure;0.0
2045_scenario;r120640472472-biomass_gas-bpchp_heat_low_central;flow_out_electricity;biomass_gas;r120640472472;bpchp_heat_low_central;backpressure;0.0
2045_scenario;r120670124124-biomass_gas-bpchp_heat_low_central;flow_out_electricity;biomass_gas;r120670124124;bpchp_heat_low_central;backpressure;0.0
2045_scenario;r120670201201-biomass_gas-bpchp_heat_low_central;flow_out_electricity;biomass_gas;r120670201201;bpchp_heat_low_central;backpressure;0.0
2045_scenario;r120640428428-biomass_gas-bpchp_heat_low_central;flow_out_heat_low_central;biomass_gas;r120640428428;bpchp_heat_low_central;backpressure;0.0
2045_scenario;r120640472472-biomass_gas-bpchp_heat_low_central;flow_out_heat_low_central;biomass_gas;r120640472472;bpchp_heat_low_central;backpressure;0.0
2045_scenario;r120670124124-biomass_gas-bpchp_heat_low_central;flow_out_heat_low_central;biomass_gas;r120670124124;bpchp_heat_low_central;backpressure;0.0
2045_scenario;r120670201201-biomass_gas-bpchp_heat_low_central;flow_out_heat_low_central;biomass_gas;r120670201201;bpchp_heat_low_central;backpressure;0.0
2045_scenario;r120640428428-biomass_gas-bpchp_heat_low_central;invest_costs_out_electricity;biomass_gas;r120640428428;bpchp_heat_low_central;backpressure;0.0
2045_scenario;r120640472472-biomass_gas-bpchp_heat_low_central;invest_costs_out_electricity;biomass_gas;r120640472472;bpchp_heat_low_central;backpressure;0.0
2045_scenario;r120670124124-biomass_gas-bpchp_heat_low_central;invest_costs_out_electricity;biomass_gas;r120670124124;bpchp_heat_low_central;backpressure;0.0
2045_scenario;r120670201201-biomass_gas-bpchp_heat_low_central;invest_costs_out_electricity;biomass_gas;r120670201201;bpchp_heat_low_central;backpressure;0.0
2045_scenario;r120640428428-biomass_gas-bpchp_heat_low_central;invest_out_electricity;biomass_gas;r120640428428;bpchp_heat_low_central;backpressure;0.0
2045_scenario;r120640472472-biomass_gas-bpchp_heat_low_central;invest_out_electricity;biomass_gas;r120640472472;bpchp_heat_low_central;backpressure;0.0
2045_scenario;r120670124124-biomass_gas-bpchp_heat_low_central;invest_out_electricity;biomass_gas;r120670124124;bpchp_heat_low_central;backpressure;0.0
2045_scenario;r120670201201-biomass_gas-bpchp_heat_low_central;invest_out_electricity;biomass_gas;r120670201201;bpchp_heat_low_central;backpressure;0.0
2045_scenario;r120640428428-biomass_gas-bpchp_heat_low_decentral;flow_in_biomass_gas;biomass_gas;r120640428428;bpchp_heat_low_decentral;backpressure;2700.786573436904
2045_scenario;r120640472472-biomass_gas-bpchp_heat_low_decentral;flow_in_biomass_gas;biomass_gas;r120640472472;bpchp_heat_low_decentral;backpressure;2733.2915313668113
2045_scenario;r120670124124-biomass_gas-bpchp_heat_low_decentral;flow_in_biomass_gas;biomass_gas;r120670124124;bpchp_heat_low_decentral;backpressure;1446.2309788095608
2045_scenario;r120670201201-biomass_gas-bpchp_heat_low_decentral;flow_in_biomass_gas;biomass_gas;r120670201201;bpchp_heat_low_decentral;backpressure;2012.1763081346146
2045_scenario;r120640428428-biomass_gas-bpchp_heat_low_decentral;flow_out_electricity;biomass_gas;r120640428428;bpchp_heat_low_decentral;backpressure;1201.8500251794221
2045_scenario;r120640472472-biomass_gas-bpchp_heat_low_decentral;flow_out_electricity;biomass_gas;r120640472472;bpchp_heat_low_decentral;backpressure;1216.3147314582309
2045_scenario;r120670124124-biomass_gas-bpchp_heat_low_decentral;flow_out_electricity;biomass_gas;r120670124124;bpchp_heat_low_decentral;backpressure;643.5727855702545
2045_scenario;r120670201201-biomass_gas-bpchp_heat_low_decentral;flow_out_electricity;biomass_gas;r120670201201;bpchp_heat_low_decentral;backpressure;895.4184571199035
2045_scenario;r120640428428-biomass_gas-bpchp_heat_low_decentral;flow_out_heat_low_decentral;biomass_gas;r120640428428;bpchp_heat_low_decentral;backpressure;1226.4271829976979
2045_scenario;r120640472472-biomass_gas-bpchp_heat_low_decentral;flow_out_heat_low_decentral;biomass_gas;r120640472472;bpchp_heat_low_decentral;backpressure;1241.187684393669
2045_scenario;r120670124124-biomass_gas-bpchp_heat_low_decentral;flow_out_heat_low_decentral;biomass_gas;r120670124124;bpchp_heat_low_decentral;backpressure;656.7334874774217
2045_scenario;r120670201201-biomass_gas-bpchp_heat_low_decentral;flow_out_heat_low_decentral;biomass_gas;r120670201201;bpchp_heat_low_decentral;backpressure;913.7292615239284
2045_scenario;r120640428428-biomass_gas-bpchp_heat_low_decentral;invest_costs_out_electricity;biomass_gas;r120640428428;bpchp_heat_low_decentral;backpressure;626365.1996145385
2045_scenario;r120640472472-biomass_gas-bpchp_heat_low_decentral;invest_costs_out_electricity;biomass_gas;r120640472472;bpchp_heat_low_decentral;backpressure;643348.2167783551
2045_scenario;r120670124124-biomass_gas-bpchp_heat_low_decentral;invest_costs_out_electricity;biomass_gas;r120670124124;bpchp_heat_low_decentral;backpressure;325524.09307813284
2045_scenario;r120670201201-biomass_gas-bpchp_heat_low_decentral;invest_costs_out_electricity;biomass_gas;r120670201201;bpchp_heat_low_decentral;backpressure;459102.4485041066
2045_scenario;r120640428428-biomass_gas-bpchp_heat_low_decentral;invest_out_electricity;biomass_gas;r120640428428;bpchp_heat_low_decentral;backpressure;9.261661105283325
2045_scenario;r120640472472-biomass_gas-bpchp_heat_low_decentral;invest_out_electricity;biomass_gas;r120640472472;bpchp_heat_low_decentral;backpressure;9.512778104780224
2045_scenario;r120670124124-biomass_gas-bpchp_heat_low_decentral;invest_out_electricity;biomass_gas;r120670124124;bpchp_heat_low_decentral;backpressure;4.813316310595991
2045_scenario;r120670201201-biomass_gas-bpchp_heat_low_decentral;invest_out_electricity;biomass_gas;r120670201201;bpchp_heat_low_decentral;backpressure;6.78845391357552
2045_scenario;r120640428428-biomass_gas-commodity;flow_out_biomass_gas;biomass_gas;r120640428428;commodity;shortage;2700.786573436904
2045_scenario;r120640472472-biomass_gas-commodity;flow_out_biomass_gas;biomass_gas;r120640472472;commodity;shortage;2733.2915313668113
2045_scenario;r120670124124-biomass_gas-commodity;flow_out_biomass_gas;biomass_gas;r120670124124;commodity;shortage;1446.2309788095608
2045_scenario;r120670201201-biomass_gas-commodity;flow_out_biomass_gas;biomass_gas;r120670201201;commodity;shortage;2012.1763081346146
2045_scenario;r120640428428-biomass_gas-commodity;summed_variable_costs_out_biomass_gas;biomass_gas;r120640428428;commodity;shortage;186354.27356714636
2045_scenario;r120640472472-biomass_gas-commodity;summed_variable_costs_out_biomass_gas;biomass_gas;r120640472472;commodity;shortage;188597.11566431
2045_scenario;r120670124124-biomass_gas-commodity;summed_variable_costs_out_biomass_gas;biomass_gas;r120670124124;commodity;shortage;99789.9375378597
2045_scenario;r120670201201-biomass_gas-commodity;summed_variable_costs_out_biomass_gas;biomass_gas;r120670201201;commodity;shortage;138840.1652612884
2045_scenario;r120640428428-biomass_solid-boiler_heat_high;flow_in_biomass_solid;biomass_solid;r120640428428;boiler_heat_high;conversion;73.20858318925268
2045_scenario;r120640472472-biomass_solid-boiler_heat_high;flow_in_biomass_solid;biomass_solid;r120640472472;boiler_heat_high;conversion;61.91346111169966
2045_scenario;r120670124124-biomass_solid-boiler_heat_high;flow_in_biomass_solid;biomass_solid;r120670124124;boiler_heat_high;conversion;42.93187174680824
2045_scenario;r120670201201-biomass_solid-boiler_heat_high;flow_in_biomass_solid;biomass_solid;r120670201201;boiler_heat_high;conversion;1291.1403081653523
2045_scenario;r120640428428-biomass_solid-boiler_heat_high;flow_out_heat_high;biomass_solid;r120640428428;boiler_heat_high;conversion;62.22729571086478
2045_scenario;r120640472472-biomass_solid-boiler_heat_high;flow_out_heat_high;biomass_solid;r120640472472;boiler_heat_high;conversion;52.62644194494472
2045_scenario;r120670124124-biomass_solid-boiler_heat_high;flow_out_heat_high;biomass_solid;r120670124124;boiler_heat_high;conversion;36.492090984787005
2045_scenario;r120670201201-biomass_solid-boiler_heat_high;flow_out_heat_high;biomass_solid;r120670201201;boiler_heat_high;conversion;1097.4692619405494
2045_scenario;r120640428428-biomass_solid-boiler_heat_high;invest_costs_out_heat_high;biomass_solid;r120640428428;boiler_heat_high;conversion;1048.1848460921597
2045_scenario;r120640472472-biomass_solid-boiler_heat_high;invest_costs_out_heat_high;biomass_solid;r120640472472;boiler_heat_high;conversion;887.7508479720098
2045_scenario;r120670124124-biomass_solid-boiler_heat_high;invest_costs_out_heat_high;biomass_solid;r120670124124;boiler_heat_high;conversion;616.5634845820535
2045_scenario;r120670201201-biomass_solid-boiler_heat_high;invest_costs_out_heat_high;biomass_solid;r120670201201;boiler_heat_high;conversion;18948.44184783423
2045_scenario;r120640428428-biomass_solid-boiler_heat_high;invest_out_heat_high;biomass_solid;r120640428428;boiler_heat_high;conversion;0.047286901533602155
2045_scenario;r120640472472-biomass_solid-boiler_heat_high;invest_out_heat_high;biomass_solid;r120640472472;boiler_heat_high;conversion;0.04004922136675626
2045_scenario;r120670124124-biomass_solid-boiler_heat_high;invest_out_heat_high;biomass_solid;r120670124124;boiler_heat_high;conversion;0.027815109990707465
2045_scenario;r120670201201-biomass_solid-boiler_heat_high;invest_out_heat_high;biomass_solid;r120670201201;boiler_heat_high;conversion;0.8548235620980762
2045_scenario;r120640428428-biomass_solid-boiler_heat_high;summed_variable_costs_out_heat_high;biomass_solid;r120640428428;boiler_heat_high;conversion;65.8489243212371
2045_scenario;r120640472472-biomass_solid-boiler_heat_high;summed_variable_costs_out_heat_high;biomass_solid;r120640472472;boiler_heat_high;conversion;55.689300866140506
2045_scenario;r120670124124-biomass_solid-boiler_heat_high;summed_variable_costs_out_heat_high;biomass_solid;r120670124124;boiler_heat_high;conversion;38.61593068010161
2045_scenario;r120670201201-biomass_solid-boiler_heat_high;summed_variable_costs_out_heat_high;biomass_solid;r120670201201;boiler_heat_high;conversion;1161.3419729854893
2045_scenario;r120640428428-biomass_solid-bpchp_heat_high;flow_in_biomass_solid;biomass_solid;r120640428428;bpchp_heat_high;backpressure;0.0
2045_scenario;r120640472472-biomass_solid-bpchp_heat_high;flow_in_biomass_solid;biomass_solid;r120640472472;bpchp_heat_high;backpressure;0.0
2045_scenario;r120670124124-biomass_solid-bpchp_heat_high;flow_in_biomass_solid;biomass_solid;r120670124124;bpchp_heat_high;backpressure;0.0
2045_scenario;r120670201201-biomass_solid-bpchp_heat_high;flow_in_biomass_solid;biomass_solid;r120670201201;bpchp_heat_high;backpressure;0.0
2045_scenario;r120640428428-biomass_solid-bpchp_heat_high;flow_out_electricity;biomass_solid;r120640428428;bpchp_heat_high;backpressure;0.0
2045_scenario;r120640472472-biomass_solid-bpchp_heat_high;flow_out_electricity;biomass_solid;r120640472472;bpchp_heat_high;backpressure;0.0
2045_scenario;r120670124124-biomass_solid-bpchp_heat_high;flow_out_electricity;biomass_solid;r120670124124;bpchp_heat_high;backpressure;0.0
2045_scenario;r120670201201-biomass_solid-bpchp_heat_high;flow_out_electricity;biomass_solid;r120670201201;bpchp_heat_high;backpressure;0.0
2045_scenario;r120640428428-biomass_solid-bpchp_heat_high;flow_out_heat_high;biomass_solid;r120640428428;bpchp_heat_high;backpressure;0.0
2045_scenario;r120640472472-biomass_solid-bpchp_heat_high;flow_out_heat_high;biomass_solid;r120640472472;bpchp_heat_high;backpressure;0.0
2045_scenario;r120670124124-biomass_solid-bpchp_heat_high;flow_out_heat_high;biomass_solid;r120670124124;bpchp_heat_high;backpressure;0.0
2045_scenario;r120670201201-biomass_solid-bpchp_heat_high;flow_out_heat_high;biomass_solid;r120670201201;bpchp_heat_high;backpressure;0.0
2045_scenario;r120640428428-biomass_solid-bpchp_heat_high;invest_costs_out_electricity;biomass_solid;r120640428428;bpchp_heat_high;backpressure;0.0
2045_scenario;r120640472472-biomass_solid-bpchp_heat_high;invest_costs_out_electricity;biomass_solid;r120640472472;bpchp_heat_high;backpressure;0.0
2045_scenario;r120670124124-biomass_solid-bpchp_heat_high;invest_costs_out_electricity;biomass_solid;r120670124124;bpchp_heat_high;backpressure;0.0
2045_scenario;r120670201201-biomass_solid-bpchp_heat_high;invest_costs_out_electricity;biomass_solid;r120670201201;bpchp_heat_high;backpressure;0.0
2045_scenario;r120640428428-biomass_solid-bpchp_heat_high;invest_out_electricity;biomass_solid;r120640428428;bpchp_heat_high;backpressure;0.0
2045_scenario;r120640472472-biomass_solid-bpchp_heat_high;invest_out_electricity;biomass_solid;r120640472472;bpchp_heat_high;backpressure;0.0
2045_scenario;r120670124124-biomass_solid-bpchp_heat_high;invest_out_electricity;biomass_solid;r120670124124;bpchp_heat_high;backpressure;0.0
2045_scenario;r120670201201-biomass_solid-bpchp_heat_high;invest_out_electricity;biomass_solid;r120670201201;bpchp_heat_high;backpressure;0.0
2045_scenario;r120640428428-biomass_solid-bpchp_heat_low_central;flow_in_biomass_solid;biomass_solid;r120640428428;bpchp_heat_low_central;backpressure;0.0
2045_scenario;r120640472472-biomass_solid-bpchp_heat_low_central;flow_in_biomass_solid;biomass_solid;r120640472472;bpchp_heat_low_central;backpressure;0.0
2045_scenario;r120670124124-biomass_solid-bpchp_heat_low_central;flow_in_biomass_solid;biomass_solid;r120670124124;bpchp_heat_low_central;backpressure;0.0
2045_scenario;r120670201201-biomass_solid-bpchp_heat_low_central;flow_in_biomass_solid;biomass_solid;r120670201201;bpchp_heat_low_central;backpressure;0.0
2045_scenario;r120640428428-biomass_solid-bpchp_heat_low_central;flow_out_electricity;biomass_solid;r120640428428;bpchp_heat_low_central;backpressure;0.0
2045_scenario;r120640472472-biomass_solid-bpchp_heat_low_central;flow_out_electricity;biomass_solid;r120640472472;bpchp_heat_low_central;backpressure;0.0
2045_scenario;r120670124124-biomass_solid-bpchp_heat_low_central;flow_out_electricity;biomass_solid;r120670124124;bpchp_heat_low_central;backpressure;0.0
2045_scenario;r120670201201-biomass_solid-bpchp_heat_low_central;flow_out_electricity;biomass_solid;r120670201201;bpchp_heat_low_central;backpressure;0.0
2045_scenario;r120640428428-biomass_solid-bpchp_heat_low_central;flow_out_heat_low_central;biomass_solid;r120640428428;bpchp_heat_low_central;backpressure;0.0
2045_scenario;r120640472472-biomass_solid-bpchp_heat_low_central;flow_out_heat_low_central;biomass_solid;r120640472472;bpchp_heat_low_central;backpressure;0.0
2045_scenario;r120670124124-biomass_solid-bpchp_heat_low_central;flow_out_heat_low_central;biomass_solid;r120670124124;bpchp_heat_low_central;backpressure;0.0
2045_scenario;r120670201201-biomass_solid-bpchp_heat_low_central;flow_out_heat_low_central;biomass_solid;r120670201201;bpchp_heat_low_central;backpressure;0.0
2045_scenario;r120640428428-biomass_solid-bpchp_heat_low_central;invest_costs_out_electricity;biomass_solid;r120640428428;bpchp_heat_low_central;backpressure;0.0
2045_scenario;r120640472472-biomass_solid-bpchp_heat_low_central;invest_costs_out_electricity;biomass_solid;r120640472472;bpchp_heat_low_central;backpressure;0.0
2045_scenario;r120670124124-biomass_solid-bpchp_heat_low_central;invest_costs_out_electricity;biomass_solid;r120670124124;bpchp_heat_low_central;backpressure;0.0
2045_scenario;r120670201201-biomass_solid-bpchp_heat_low_central;invest_costs_out_electricity;biomass_solid;r120670201201;bpchp_heat_low_central;backpressure;0.0
2045_scenario;r120640428428-biomass_solid-bpchp_heat_low_central;invest_out_electricity;biomass_solid;r120640428428;bpchp_heat_low_central;backpressure;0.0
2045_scenario;r120640472472-biomass_solid-bpchp_heat_low_central;invest_out_electricity;biomass_solid;r120640472472;bpchp_heat_low_central;backpressure;0.0
2045_scenario;r120670124124-biomass_solid-bpchp_heat_low_central;invest_out_electricity;biomass_solid;r120670124124;bpchp_heat_low_central;backpressure;0.0
2045_scenario;r120670201201-biomass_solid-bpchp_heat_low_central;invest_out_electricity;biomass_solid;r120670201201;bpchp_heat_low_central;backpressure;0.0
2045_scenario;r120640428428-biomass_solid-bpchp_heat_low_decentral;flow_in_biomass_solid;biomass_solid;r120640428428;bpchp_heat_low_decentral;backpressure;2728.7616058464814
2045_scenario;r120640472472-biomass_solid-bpchp_heat_low_decentral;flow_in_biomass_solid;biomass_solid;r120640472472;bpchp_heat_low_decentral;backpressure;2834.4338965111874
2045_scenario;r120670124124-biomass_solid-bpchp_heat_low_decentral;flow_in_biomass_solid;biomass_solid;r120670124124;bpchp_heat_low_decentral;backpressure;1460.6302231701459
2045_scenario;r120670201201-biomass_solid-bpchp_heat_low_decentral;flow_in_biomass_solid;biomass_solid;r120670201201;bpchp_heat_low_decentral;backpressure;2002.7993846470915
2045_scenario;r120640428428-biomass_solid-bpchp_heat_low_decentral;flow_out_electricity;biomass_solid;r120640428428;bpchp_heat_low_decentral;backpressure;382.0266248185074
2045_scenario;r120640472472-biomass_solid-bpchp_heat_low_decentral;flow_out_electricity;biomass_solid;r120640472472;bpchp_heat_low_decentral;backpressure;396.8207455115662
2045_scenario;r120670124124-biomass_solid-bpchp_heat_low_decentral;flow_out_electricity;biomass_solid;r120670124124;bpchp_heat_low_decentral;backpressure;204.48823124382045
2045_scenario;r120670201201-biomass_solid-bpchp_heat_low_decentral;flow_out_electricity;biomass_solid;r120670201201;bpchp_heat_low_decentral;backpressure;280.39191385059286
2045_scenario;r120640428428-biomass_solid-bpchp_heat_low_decentral;flow_out_heat_low_decentral;biomass_solid;r120640428428;bpchp_heat_low_decentral;backpressure;2659.7239372185654
2045_scenario;r120640472472-biomass_solid-bpchp_heat_low_decentral;flow_out_heat_low_decentral;biomass_solid;r120640472472;bpchp_heat_low_decentral;backpressure;2762.722718929454
2045_scenario;r120670124124-biomass_solid-bpchp_heat_low_decentral;flow_out_heat_low_decentral;biomass_solid;r120670124124;bpchp_heat_low_decentral;backpressure;1423.6762785239414
2045_scenario;r120670201201-biomass_solid-bpchp_heat_low_decentral;flow_out_heat_low_decentral;biomass_solid;r120670201201;bpchp_heat_low_decentral;backpressure;1952.12856021552
2045_scenario;r120640428428-biomass_solid-bpchp_heat_low_decentral;invest_costs_out_electricity;biomass_solid;r120640428428;bpchp_heat_low_decentral;backpressure;288536.7468296336
2045_scenario;r120640472472-biomass_solid-bpchp_heat_low_decentral;invest_costs_out_electricity;biomass_solid;r120640472472;bpchp_heat_low_decentral;backpressure;300578.86931934924
2045_scenario;r120670124124-biomass_solid-bpchp_heat_low_decentral;invest_costs_out_electricity;biomass_solid;r120670124124;bpchp_heat_low_decentral;backpressure;152804.38012441344
2045_scenario;r120670201201-biomass_solid-bpchp_heat_low_decentral;invest_costs_out_electricity;biomass_solid;r120670201201;bpchp_heat_low_decentral;backpressure;212443.72275485477
2045_scenario;r120640428428-biomass_solid-bpchp_heat_low_decentral;invest_out_electricity;biomass_solid;r120640428428;bpchp_heat_low_decentral;backpressure;0.4206449109578234
2045_scenario;r120640472472-biomass_solid-bpchp_heat_low_decentral;invest_out_electricity;biomass_solid;r120640472472;bpchp_heat_low_decentral;backpressure;0.4382005866146941
2045_scenario;r120670124124-biomass_solid-bpchp_heat_low_decentral;invest_out_electricity;biomass_solid;r120670124124;bpchp_heat_low_decentral;backpressure;0.22276672062623365
2045_scenario;r120670201201-biomass_solid-bpchp_heat_low_decentral;invest_out_electricity;biomass_solid;r120670201201;bpchp_heat_low_decentral;backpressure;0.3097122700095076
2045_scenario;r120640428428-biomass_solid-commodity;flow_out_biomass_solid;biomass_solid;r120640428428;commodity;shortage;2801.9701890357346
2045_scenario;r120640472472-biomass_solid-commodity;flow_out_biomass_solid;biomass_solid;r120640472472;commodity;shortage;2896.347357622887
2045_scenario;r120670124124-biomass_solid-commodity;flow_out_biomass_solid;biomass_solid;r120670124124;commodity;shortage;1503.562094916954
2045_scenario;r120670201201-biomass_solid-commodity;flow_out_biomass_solid;biomass_solid;r120670201201;commodity;shortage;3293.939692812444
2045_scenario;r120640428428-biomass_solid-commodity;summed_variable_costs_out_biomass_solid;biomass_solid;r120640428428;commodity;shortage;101319.24203553215
2045_scenario;r120640472472-biomass_solid-commodity;summed_variable_costs_out_biomass_solid;biomass_solid;r120640472472;commodity;shortage;104731.92045164359
2045_scenario;r120670124124-biomass_solid-commodity;summed_variable_costs_out_biomass_solid;biomass_solid;r120670124124;commodity;shortage;54368.80535219705
2045_scenario;r120670201201-biomass_solid-commodity;summed_variable_costs_out_biomass_solid;biomass_solid;r120670201201;commodity;shortage;119108.85929209796
2045_scenario;r120640428428-electricity-boiler_heat_high;flow_in_electricity;electricity;r120640428428;boiler_heat_high;conversion;45.787909525725816
2045_scenario;r120640472472-electricity-boiler_heat_high;flow_in_electricity;electricity;r120640472472;boiler_heat_high;conversion;41.77792875132205
2045_scenario;r120670124124-electricity-boiler_heat_high;flow_in_electricity;electricity;r120670124124;boiler_heat_high;conversion;29.079639914606815
2045_scenario;r120670201201-electricity-boiler_heat_high;flow_in_electricity;electricity;r120670201201;boiler_heat_high;conversion;986.0023683398898
2045_scenario;r120640428428-electricity-boiler_heat_high;flow_out_heat_high;electricity;r120640428428;boiler_heat_high;conversion;45.33003043046856
2045_scenario;r120640472472-electricity-boiler_heat_high;flow_out_heat_high;electricity;r120640472472;boiler_heat_high;conversion;41.36014946380884
2045_scenario;r120670124124-electricity-boiler_heat_high;flow_out_heat_high;electricity;r120670124124;boiler_heat_high;conversion;28.788843515460744
2045_scenario;r120670201201-electricity-boiler_heat_high;flow_out_heat_high;electricity;r120670201201;boiler_heat_high;conversion;976.1423446564911
2045_scenario;r120640428428-electricity-boiler_heat_high;invest_costs_out_heat_high;electricity;r120640428428;boiler_heat_high;conversion;320.4402730615245
2045_scenario;r120640472472-electricity-boiler_heat_high;invest_costs_out_heat_high;electricity;r120640472472;boiler_heat_high;conversion;271.394043899142
2045_scenario;r120670124124-electricity-boiler_heat_high;invest_costs_out_heat_high;electricity;r120670124124;boiler_heat_high;conversion;188.48943685441037
2045_scenario;r120670201201-electricity-boiler_heat_high;invest_costs_out_heat_high;electricity;r120670201201;boiler_heat_high;conversion;5729.540863457625
2045_scenario;r120640428428-electricity-boiler_heat_high;invest_out_heat_high;electricity;r120640428428;boiler_heat_high;conversion;0.05864762786053024
2045_scenario;r120640472472-electricity-boiler_heat_high;invest_out_heat_high;electricity;r120640472472;boiler_heat_high;conversion;0.04967108765103723
2045_scenario;r120670124124-electricity-boiler_heat_high;invest_out_heat_high;electricity;r120670124124;boiler_heat_high;conversion;0.03449771853788153
2045_scenario;r120670201201-electricity-boiler_heat_high;invest_out_heat_high;electricity;r120670201201;boiler_heat_high;conversion;1.048632174605741
2045_scenario;r120640428428-electricity-boiler_heat_high;summed_variable_costs_out_heat_high;electricity;r120640428428;boiler_heat_high;conversion;35.606738903133056
2045_scenario;r120640472472-electricity-boiler_heat_high;summed_variable_costs_out_heat_high;electricity;r120640472472;boiler_heat_high;conversion;32.48839740382184
2045_scenario;r120670124124-electricity-boiler_heat_high;summed_variable_costs_out_heat_high;electricity;r120670124124;boiler_heat_high;conversion;22.613636581394413
2045_scenario;r120670201201-electricity-boiler_heat_high;summed_variable_costs_out_heat_high;electricity;r120670201201;boiler_heat_high;conversion;766.7598117276738
2045_scenario;r120640428428-electricity-demand_cts;flow_in_electricity;electricity;r120640428428;demand_cts;load;42443.68499999127
2045_scenario;r120640472472-electricity-demand_cts;flow_in_electricity;electricity;r120640472472;demand_cts;load;59763.22088678461
2045_scenario;r120670124124-electricity-demand_cts;flow_in_electricity;electricity;r120670124124;demand_cts;load;14347.861354450864
2045_scenario;r120670201201-electricity-demand_cts;flow_in_electricity;electricity;r120670201201;demand_cts;load;74740.49250379688
2045_scenario;r120640428428-electricity-demand_hh;flow_in_electricity;electricity;r120640428428;demand_hh;load;15578.019999995591
2045_scenario;r120640472472-electricity-demand_hh;flow_in_electricity;electricity;r120640472472;demand_hh;load;26599.967689345365
2045_scenario;r120670124124-electricity-demand_hh;flow_in_electricity;electricity;r120670124124;demand_hh;load;11573.210824092524
2045_scenario;r120670201201-electricity-demand_hh;flow_in_electricity;electricity;r120670201201;demand_hh;load;8848.361425393065
2045_scenario;r120640428428-electricity-demand_ind;flow_in_electricity;electricity;r120640428428;demand_ind;load;222309.36999996298
2045_scenario;r120640472472-electricity-demand_ind;flow_in_electricity;electricity;r120640472472;demand_ind;load;33173.46387251867
2045_scenario;r120670124124-electricity-demand_ind;flow_in_electricity;electricity;r120670124124;demand_ind;load;10737.784766899109
2045_scenario;r120670201201-electricity-demand_ind;flow_in_electricity;electricity;r120670201201;demand_ind;load;867381.8774538814
2045_scenario;r120640428428-electricity-demand_mob;flow_in_electricity;electricity;r120640428428;demand_mob;load;11885.29148591775
2045_scenario;r120640472472-electricity-demand_mob;flow_in_electricity;electricity;r120640472472;demand_mob;load;20289.635045682488
2045_scenario;r120670124124-electricity-demand_mob;flow_in_electricity;electricity;r120670124124;demand_mob;load;8444.81117721094
2045_scenario;r120670201201-electricity-demand_mob;flow_in_electricity;electricity;r120670201201;demand_mob;load;6231.0921190902955
2045_scenario;r120640428428-electricity-electrolyzer;flow_in_electricity;electricity;r120640428428;electrolyzer;conversion;0.0
2045_scenario;r120640472472-electricity-electrolyzer;flow_in_electricity;electricity;r120640472472;electrolyzer;conversion;0.0
2045_scenario;r120670124124-electricity-electrolyzer;flow_in_electricity;electricity;r120670124124;electrolyzer;conversion;0.0
2045_scenario;r120670201201-electricity-electrolyzer;flow_in_electricity;electricity;r120670201201;electrolyzer;conversion;0.0
2045_scenario;r120640428428-electricity-electrolyzer;flow_out_h2;electricity;r120640428428;electrolyzer;conversion;0.0
2045_scenario;r120640472472-electricity-electrolyzer;flow_out_h2;electricity;r120640472472;electrolyzer;conversion;0.0
2045_scenario;r120670124124-electricity-electrolyzer;flow_out_h2;electricity;r120670124124;electrolyzer;conversion;0.0
2045_scenario;r120670201201-electricity-electrolyzer;flow_out_h2;electricity;r120670201201;electrolyzer;conversion;0.0
2045_scenario;r120640428428-electricity-electrolyzer;invest_costs_out_h2;electricity;r120640428428;electrolyzer;conversion;0.0
2045_scenario;r120640472472-electricity-electrolyzer;invest_costs_out_h2;electricity;r120640472472;electrolyzer;conversion;0.0
2045_scenario;r120670124124-electricity-electrolyzer;invest_costs_out_h2;electricity;r120670124124;electrolyzer;conversion;0.0
2045_scenario;r120670201201-electricity-electrolyzer;invest_costs_out_h2;electricity;r120670201201;electrolyzer;conversion;0.0
2045_scenario;r120640428428-electricity-electrolyzer;invest_out_h2;electricity;r120640428428;electrolyzer;conversion;0.0
2045_scenario;r120640472472-electricity-electrolyzer;invest_out_h2;electricity;r120640472472;electrolyzer;conversion;0.0
2045_scenario;r120670124124-electricity-electrolyzer;invest_out_h2;electricity;r120670124124;electrolyzer;conversion;0.0
2045_scenario;r120670201201-electricity-electrolyzer;invest_out_h2;electricity;r120670201201;electrolyzer;conversion;0.0
2045_scenario;r120640428428-electricity-export;flow_in_electricity;electricity;r120640428428;export;excess;3551.855573827746
2045_scenario;r120640472472-electricity-export;flow_in_electricity;electricity;r120640472472;export;excess;927.3869524548712
2045_scenario;r120670124124-electricity-export;flow_in_electricity;electricity;r120670124124;export;excess;228.58149462449086
2045_scenario;r120670201201-electricity-export;flow_in_electricity;electricity;r120670201201;export;excess;24163.496298541533
2045_scenario;r120640428428-electricity-heatpump_central;flow_in_electricity;electricity;r120640428428;heatpump_central;conversion;0.0
2045_scenario;r120640472472-electricity-heatpump_central;flow_in_electricity;electricity;r120640472472;heatpump_central;conversion;4405.960989764411
2045_scenario;r120670124124-electricity-heatpump_central;flow_in_electricity;electricity;r120670124124;heatpump_central;conversion;9.831796725310912
2045_scenario;r120670201201-electricity-heatpump_central;flow_in_electricity;electricity;r120670201201;heatpump_central;conversion;1584.6559008260158
2045_scenario;r120640428428-electricity-heatpump_central;flow_out_heat_low_central;electricity;r120640428428;heatpump_central;conversion;0.0
2045_scenario;r120640472472-electricity-heatpump_central;flow_out_heat_low_central;electricity;r120640472472;heatpump_central;conversion;18600.37442911367
2045_scenario;r120670124124-electricity-heatpump_central;flow_out_heat_low_central;electricity;r120670124124;heatpump_central;conversion;41.62275002682016
2045_scenario;r120670201201-electricity-heatpump_central;flow_out_heat_low_central;electricity;r120670201201;heatpump_central;conversion;7059.475756296069
2045_scenario;r120640428428-electricity-heatpump_central;invest_costs_out_heat_low_central;electricity;r120640428428;heatpump_central;conversion;0.0
2045_scenario;r120640472472-electricity-heatpump_central;invest_costs_out_heat_low_central;electricity;r120640472472;heatpump_central;conversion;334713.248808811
2045_scenario;r120670124124-electricity-heatpump_central;invest_costs_out_heat_low_central;electricity;r120670124124;heatpump_central;conversion;742.7419916553356
2045_scenario;r120670201201-electricity-heatpump_central;invest_costs_out_heat_low_central;electricity;r120670201201;heatpump_central;conversion;102153.74951591624
2045_scenario;r120640428428-electricity-heatpump_central;invest_out_heat_low_central;electricity;r120640428428;heatpump_central;conversion;0.0
2045_scenario;r120640472472-electricity-heatpump_central;invest_out_heat_low_central;electricity;r120640472472;heatpump_central;conversion;6.24506158624225
2045_scenario;r120670124124-electricity-heatpump_central;invest_out_heat_low_central;electricity;r120670124124;heatpump_central;conversion;0.013858039671519853
2045_scenario;r120670201201-electricity-heatpump_central;invest_out_heat_low_central;electricity;r120670201201;heatpump_central;conversion;1.9059791008059666
2045_scenario;r120640428428-electricity-heatpump_central;summed_variable_costs_out_heat_low_central;electricity;r120640428428;heatpump_central;conversion;0.0
2045_scenario;r120640472472-electricity-heatpump_central;summed_variable_costs_out_heat_low_central;electricity;r120640472472;heatpump_central;conversion;33294.67022811347
2045_scenario;r120670124124-electricity-heatpump_central;summed_variable_costs_out_heat_low_central;electricity;r120670124124;heatpump_central;conversion;74.50472254800808
2045_scenario;r120670201201-electricity-heatpump_central;summed_variable_costs_out_heat_low_central;electricity;r120670201201;heatpump_central;conversion;12636.461603769965
2045_scenario;r120640428428-electricity-heatpump_decentral;flow_in_electricity;electricity;r120640428428;heatpump_decentral;conversion;14018.642098916902
2045_scenario;r120640472472-electricity-heatpump_decentral;flow_in_electricity;electricity;r120640472472;heatpump_decentral;conversion;14220.219331235709
2045_scenario;r120670124124-electricity-heatpump_decentral;flow_in_electricity;electricity;r120670124124;heatpump_decentral;conversion;7593.431404377711
2045_scenario;r120670201201-electricity-heatpump_decentral;flow_in_electricity;electricity;r120670201201;heatpump_decentral;conversion;13980.193560699874
2045_scenario;r120640428428-electricity-heatpump_decentral;flow_out_heat_low_decentral;electricity;r120640428428;heatpump_decentral;conversion;59031.25771738709
2045_scenario;r120640472472-electricity-heatpump_decentral;flow_out_heat_low_decentral;electricity;r120640472472;heatpump_decentral;conversion;59789.84431030622
2045_scenario;r120670124124-electricity-heatpump_decentral;flow_out_heat_low_decentral;electricity;r120670124124;heatpump_decentral;conversion;32048.10721098115
2045_scenario;r120670201201-electricity-heatpump_decentral;flow_out_heat_low_decentral;electricity;r120670201201;heatpump_decentral;conversion;61638.005830789734
2045_scenario;r120640428428-electricity-heatpump_decentral;invest_costs_out_heat_low_decentral;electricity;r120640428428;heatpump_decentral;conversion;1507554.1063777832
2045_scenario;r120640472472-electricity-heatpump_decentral;invest_costs_out_heat_low_decentral;electricity;r120640472472;heatpump_decentral;conversion;1531397.6959072847
2045_scenario;r120670124124-electricity-heatpump_decentral;invest_costs_out_heat_low_decentral;electricity;r120670124124;heatpump_decentral;conversion;816167.0749567712
2045_scenario;r120670201201-electricity-heatpump_decentral;invest_costs_out_heat_low_decentral;electricity;r120670201201;heatpump_decentral;conversion;1360971.3241162258
2045_scenario;r120640428428-electricity-heatpump_decentral;invest_out_heat_low_decentral;electricity;r120640428428;heatpump_decentral;conversion;13.910210029325963
2045_scenario;r120640472472-electricity-heatpump_decentral;invest_out_heat_low_decentral;electricity;r120640472472;heatpump_decentral;conversion;14.130214961026432
2045_scenario;r120670124124-electricity-heatpump_decentral;invest_out_heat_low_decentral;electricity;r120670124124;heatpump_decentral;conversion;7.530778088587099
2045_scenario;r120670201201-electricity-heatpump_decentral;invest_out_heat_low_decentral;electricity;r120670201201;heatpump_decentral;conversion;12.557689891365317
2045_scenario;r120640428428-electricity-heatpump_heat_high;flow_in_electricity;electricity;r120640428428;heatpump_heat_high;conversion;47.658763270794886
2045_scenario;r120640472472-electricity-heatpump_heat_high;flow_in_electricity;electricity;r120640472472;heatpump_heat_high;conversion;1466.3714428300489
2045_scenario;r120670124124-electricity-heatpump_heat_high;flow_in_electricity;electricity;r120670124124;heatpump_heat_high;conversion;1018.4154105769364
2045_scenario;r120670201201-electricity-heatpump_heat_high;flow_in_electricity;electricity;r120670201201;heatpump_heat_high;conversion;29471.061351753648
2045_scenario;r120640428428-electricity-heatpump_heat_high;flow_out_heat_high;electricity;r120640428428;heatpump_heat_high;conversion;128.78308989663446
2045_scenario;r120640472472-electricity-heatpump_heat_high;flow_out_heat_high;electricity;r120640472472;heatpump_heat_high;conversion;3833.539482490764
2045_scenario;r120670124124-electricity-heatpump_heat_high;flow_out_heat_high;electricity;r120670124124;heatpump_heat_high;conversion;2662.476709935936
2045_scenario;r120670201201-electricity-heatpump_heat_high;flow_out_heat_high;electricity;r120670201201;heatpump_heat_high;conversion;77036.65208659934
2045_scenario;r120640428428-electricity-heatpump_heat_high;invest_costs_out_heat_high;electricity;r120640428428;heatpump_heat_high;conversion;2612.641077253067
2045_scenario;r120640472472-electricity-heatpump_heat_high;invest_costs_out_heat_high;electricity;r120640472472;heatpump_heat_high;conversion;31364.63719218796
2045_scenario;r120670124124-electricity-heatpump_heat_high;invest_costs_out_heat_high;electricity;r120670124124;heatpump_heat_high;conversion;21783.46553432634
2045_scenario;r120670201201-electricity-heatpump_heat_high;invest_costs_out_heat_high;electricity;r120670201201;heatpump_heat_high;conversion;629175.9583936604
2045_scenario;r120640428428-electricity-heatpump_heat_high;invest_out_heat_high;electricity;r120640428428;heatpump_heat_high;conversion;0.04861216135966984
2045_scenario;r120640472472-electricity-heatpump_heat_high;invest_out_heat_high;electricity;r120640472472;heatpump_heat_high;conversion;0.5835867840588409
2045_scenario;r120670124124-electricity-heatpump_heat_high;invest_out_heat_high;electricity;r120670124124;heatpump_heat_high;conversion;0.4053145113376424
2045_scenario;r120670201201-electricity-heatpump_heat_high;invest_out_heat_high;electricity;r120670201201;heatpump_heat_high;conversion;11.706775752456307
2045_scenario;r120640428428-electricity-heatpump_heat_high;summed_variable_costs_out_heat_high;electricity;r120640428428;heatpump_heat_high;conversion;411.1013795680366
2045_scenario;r120640472472-electricity-heatpump_heat_high;summed_variable_costs_out_heat_high;electricity;r120640472472;heatpump_heat_high;conversion;12237.424736007017
2045_scenario;r120670124124-electricity-heatpump_heat_high;summed_variable_costs_out_heat_high;electricity;r120670124124;heatpump_heat_high;conversion;8499.158153457496
2045_scenario;r120670201201-electricity-heatpump_heat_high;summed_variable_costs_out_heat_high;electricity;r120670201201;heatpump_heat_high;conversion;245916.40079084242
2045_scenario;r120640428428-electricity-import;flow_out_electricity;electricity;r120640428428;import;shortage;212402.1552572479
2045_scenario;r120640472472-electricity-import;flow_out_electricity;electricity;r120640472472;import;shortage;105112.33200553019
2045_scenario;r120670124124-electricity-import;flow_out_electricity;electricity;r120670124124;import;shortage;35489.85231164429
2045_scenario;r120670201201-electricity-import;flow_out_electricity;electricity;r120670201201;import;shortage;731055.3925974948
2045_scenario;r120640428428-electricity-import;summed_variable_costs_out_electricity;electricity;r120640428428;import;shortage;15505357.333779098
2045_scenario;r120640472472-electricity-import;summed_variable_costs_out_electricity;electricity;r120640472472;import;shortage;7673200.236403704
2045_scenario;r120670124124-electricity-import;summed_variable_costs_out_electricity;electricity;r120670124124;import;shortage;2590759.218750033
2045_scenario;r120670201201-electricity-import;summed_variable_costs_out_electricity;electricity;r120670201201;import;shortage;53367043.65961712
2045_scenario;r120640428428-electricity-large_battery_storage;flow_in_electricity;electricity;r120640428428;large_battery_storage;storage;0.0
2045_scenario;r120640472472-electricity-large_battery_storage;flow_in_electricity;electricity;r120640472472;large_battery_storage;storage;0.0
2045_scenario;r120670124124-electricity-large_battery_storage;flow_in_electricity;electricity;r120670124124;large_battery_storage;storage;0.0
2045_scenario;r120670201201-electricity-large_battery_storage;flow_in_electricity;electricity;r120670201201;large_battery_storage;storage;0.0
2045_scenario;r120640428428-electricity-large_battery_storage;flow_out_electricity;electricity;r120640428428;large_battery_storage;storage;0.0
2045_scenario;r120640472472-electricity-large_battery_storage;flow_out_electricity;electricity;r120640472472;large_battery_storage;storage;0.0
2045_scenario;r120670124124-electricity-large_battery_storage;flow_out_electricity;electricity;r120670124124;large_battery_storage;storage;0.0
2045_scenario;r120670201201-electricity-large_battery_storage;flow_out_electricity;electricity;r120670201201;large_battery_storage;storage;0.0
2045_scenario;r120640428428-electricity-large_battery_storage;invest;electricity;r120640428428;large_battery_storage;storage;0.0
2045_scenario;r120640472472-electricity-large_battery_storage;invest;electricity;r120640472472;large_battery_storage;storage;0.0
2045_scenario;r120670124124-electricity-large_battery_storage;invest;electricity;r120670124124;large_battery_storage;storage;0.0
2045_scenario;r120670201201-electricity-large_battery_storage;invest;electricity;r120670201201;large_battery_storage;storage;0.0
2045_scenario;r120640428428-electricity-large_battery_storage;invest_costs;electricity;r120640428428;large_battery_storage;storage;0.0
2045_scenario;r120640472472-electricity-large_battery_storage;invest_costs;electricity;r120640472472;large_battery_storage;storage;0.0
2045_scenario;r120670124124-electricity-large_battery_storage;invest_costs;electricity;r120670124124;large_battery_storage;storage;0.0
2045_scenario;r120670201201-electricity-large_battery_storage;invest_costs;electricity;r120670201201;large_battery_storage;storage;0.0
2045_scenario;r120640428428-electricity-large_battery_storage;invest_costs_in_electricity;electricity;r120640428428;large_battery_storage;storage;0.0
2045_scenario;r120640472472-electricity-large_battery_storage;invest_costs_in_electricity;electricity;r120640472472;large_battery_storage;storage;0.0
2045_scenario;r120670124124-electricity-large_battery_storage;invest_costs_in_electricity;electricity;r120670124124;large_battery_storage;storage;0.0
2045_scenario;r120670201201-electricity-large_battery_storage;invest_costs_in_electricity;electricity;r120670201201;large_battery_storage;storage;0.0
2045_scenario;r120640428428-electricity-large_battery_storage;invest_costs_out_electricity;electricity;r120640428428;large_battery_storage;storage;0.0
2045_scenario;r120640472472-electricity-large_battery_storage;invest_costs_out_electricity;electricity;r120640472472;large_battery_storage;storage;0.0
2045_scenario;r120670124124-electricity-large_battery_storage;invest_costs_out_electricity;electricity;r120670124124;large_battery_storage;storage;0.0
2045_scenario;r120670201201-electricity-large_battery_storage;invest_costs_out_electricity;electricity;r120670201201;large_battery_storage;storage;0.0
2045_scenario;r120640428428-electricity-large_battery_storage;invest_in_electricity;electricity;r120640428428;large_battery_storage;storage;0.0
2045_scenario;r120640472472-electricity-large_battery_storage;invest_in_electricity;electricity;r120640472472;large_battery_storage;storage;0.0
2045_scenario;r120670124124-electricity-large_battery_storage;invest_in_electricity;electricity;r120670124124;large_battery_storage;storage;0.0
2045_scenario;r120670201201-electricity-large_battery_storage;invest_in_electricity;electricity;r120670201201;large_battery_storage;storage;0.0
2045_scenario;r120640428428-electricity-large_battery_storage;invest_out_electricity;electricity;r120640428428;large_battery_storage;storage;0.0
2045_scenario;r120640472472-electricity-large_battery_storage;invest_out_electricity;electricity;r120640472472;large_battery_storage;storage;0.0
2045_scenario;r120670124124-electricity-large_battery_storage;invest_out_electricity;electricity;r120670124124;large_battery_storage;storage;0.0
2045_scenario;r120670201201-electricity-large_battery_storage;invest_out_electricity;electricity;r120670201201;large_battery_storage;storage;0.0
2045_scenario;r120640428428-electricity-large_battery_storage;storage_losses;electricity;r120640428428;large_battery_storage;storage;0.0
2045_scenario;r120640472472-electricity-large_battery_storage;storage_losses;electricity;r120640472472;large_battery_storage;storage;0.0
2045_scenario;r120670124124-electricity-large_battery_storage;storage_losses;electricity;r120670124124;large_battery_storage;storage;0.0
2045_scenario;r120670201201-electricity-large_battery_storage;storage_losses;electricity;r120670201201;large_battery_storage;storage;0.0
2045_scenario;r120640428428-electricity-large_battery_storage;summed_variable_costs_in_electricity;electricity;r120640428428;large_battery_storage;storage;0.0
2045_scenario;r120640472472-electricity-large_battery_storage;summed_variable_costs_in_electricity;electricity;r120640472472;large_battery_storage;storage;0.0
2045_scenario;r120670124124-electricity-large_battery_storage;summed_variable_costs_in_electricity;electricity;r120670124124;large_battery_storage;storage;0.0
2045_scenario;r120670201201-electricity-large_battery_storage;summed_variable_costs_in_electricity;electricity;r120670201201;large_battery_storage;storage;0.0
2045_scenario;r120640428428-electricity-large_battery_storage;summed_variable_costs_out_electricity;electricity;r120640428428;large_battery_storage;storage;0.0
2045_scenario;r120640472472-electricity-large_battery_storage;summed_variable_costs_out_electricity;electricity;r120640472472;large_battery_storage;storage;0.0
2045_scenario;r120670124124-electricity-large_battery_storage;summed_variable_costs_out_electricity;electricity;r120670124124;large_battery_storage;storage;0.0
2045_scenario;r120670201201-electricity-large_battery_storage;summed_variable_costs_out_electricity;electricity;r120670201201;large_battery_storage;storage;0.0
2045_scenario;r120640428428-electricity-pv_agri_horizontal;flow_out_electricity;electricity;r120640428428;pv_agri_horizontal;volatile;256.4352074864276
2045_scenario;r120640472472-electricity-pv_agri_horizontal;flow_out_electricity;electricity;r120640472472;pv_agri_horizontal;volatile;630.926729675851
2045_scenario;r120670124124-electricity-pv_agri_horizontal;flow_out_electricity;electricity;r120670124124;pv_agri_horizontal;volatile;0.0
2045_scenario;r120670201201-electricity-pv_agri_horizontal;flow_out_electricity;electricity;r120670201201;pv_agri_horizontal;volatile;0.0
2045_scenario;r120640428428-electricity-pv_agri_horizontal;invest_costs_out_electricity;electricity;r120640428428;pv_agri_horizontal;volatile;6678.225836089193
2045_scenario;r120640472472-electricity-pv_agri_horizontal;invest_costs_out_electricity;electricity;r120640472472;pv_agri_horizontal;volatile;16430.93874706552
2045_scenario;r120670124124-electricity-pv_agri_horizontal;invest_costs_out_electricity;electricity;r120670124124;pv_agri_horizontal;volatile;0.0
2045_scenario;r120670201201-electricity-pv_agri_horizontal;invest_costs_out_electricity;electricity;r120670201201;pv_agri_horizontal;volatile;0.0
2045_scenario;r120640428428-electricity-pv_agri_horizontal;invest_out_electricity;electricity;r120640428428;pv_agri_horizontal;volatile;0.240107872178303
2045_scenario;r120640472472-electricity-pv_agri_horizontal;invest_out_electricity;electricity;r120640472472;pv_agri_horizontal;volatile;0.590755364865029
2045_scenario;r120670124124-electricity-pv_agri_horizontal;invest_out_electricity;electricity;r120670124124;pv_agri_horizontal;volatile;0.0
2045_scenario;r120670201201-electricity-pv_agri_horizontal;invest_out_electricity;electricity;r120670201201;pv_agri_horizontal;volatile;0.0
2045_scenario;r120640428428-electricity-pv_agri_vertical;flow_out_electricity;electricity;r120640428428;pv_agri_vertical;volatile;1940.2837766009025
2045_scenario;r120640472472-electricity-pv_agri_vertical;flow_out_electricity;electricity;r120640472472;pv_agri_vertical;volatile;2224.091401343503
2045_scenario;r120670124124-electricity-pv_agri_vertical;flow_out_electricity;electricity;r120670124124;pv_agri_vertical;volatile;0.0
2045_scenario;r120670201201-electricity-pv_agri_vertical;flow_out_electricity;electricity;r120670201201;pv_agri_vertical;volatile;502.9650192932161
2045_scenario;r120640428428-electricity-pv_agri_vertical;invest_costs_out_electricity;electricity;r120640428428;pv_agri_vertical;volatile;82643.13310326205
2045_scenario;r120640472472-electricity-pv_agri_vertical;invest_costs_out_electricity;electricity;r120640472472;pv_agri_vertical;volatile;94731.44285989608
2045_scenario;r120670124124-electricity-pv_agri_vertical;invest_costs_out_electricity;electricity;r120670124124;pv_agri_vertical;volatile;0.0
2045_scenario;r120670201201-electricity-pv_agri_vertical;invest_costs_out_electricity;electricity;r120670201201;pv_agri_vertical;volatile;21422.95139350839
2045_scenario;r120640428428-electricity-pv_agri_vertical;invest_out_electricity;electricity;r120640428428;pv_agri_vertical;volatile;2.97133809586662
2045_scenario;r120640472472-electricity-pv_agri_vertical;invest_out_electricity;electricity;r120640472472;pv_agri_vertical;volatile;3.40595926698852
2045_scenario;r120670124124-electricity-pv_agri_vertical;invest_out_electricity;electricity;r120670124124;pv_agri_vertical;volatile;0.0
2045_scenario;r120670201201-electricity-pv_agri_vertical;invest_out_electricity;electricity;r120670201201;pv_agri_vertical;volatile;0.77023739554857
2045_scenario;r120640428428-electricity-pv_ground;flow_out_electricity;electricity;r120640428428;pv_ground;volatile;15013.030218159234
2045_scenario;r120640472472-electricity-pv_ground;flow_out_electricity;electricity;r120640472472;pv_ground;volatile;6308.807411735007
2045_scenario;r120670124124-electricity-pv_ground;flow_out_electricity;electricity;r120670124124;pv_ground;volatile;0.0
2045_scenario;r120670201201-electricity-pv_ground;flow_out_electricity;electricity;r120670201201;pv_ground;volatile;1501.7803519052004
2045_scenario;r120640428428-electricity-pv_ground;invest_costs_out_electricity;electricity;r120640428428;pv_ground;volatile;325558.7445101357
2045_scenario;r120640472472-electricity-pv_ground;invest_costs_out_electricity;electricity;r120640472472;pv_ground;volatile;136806.98636284482
2045_scenario;r120670124124-electricity-pv_ground;invest_costs_out_electricity;electricity;r120670124124;pv_ground;volatile;0.0
2045_scenario;r120670201201-electricity-pv_ground;invest_costs_out_electricity;electricity;r120670201201;pv_ground;volatile;32566.225391651387
2045_scenario;r120640428428-electricity-pv_ground;invest_out_electricity;electricity;r120640428428;pv_ground;volatile;14.0571443990255
2045_scenario;r120640472472-electricity-pv_ground;invest_out_electricity;electricity;r120640472472;pv_ground;volatile;5.9071230446957
2045_scenario;r120670124124-electricity-pv_ground;invest_out_electricity;electricity;r120670124124;pv_ground;volatile;0.0
2045_scenario;r120670201201-electricity-pv_ground;invest_out_electricity;electricity;r120670201201;pv_ground;volatile;1.40616137818839
2045_scenario;r120640428428-electricity-pv_rooftop;flow_out_electricity;electricity;r120640428428;pv_rooftop;volatile;85145.78550595691
2045_scenario;r120640472472-electricity-pv_rooftop;flow_out_electricity;electricity;r120640472472;pv_rooftop;volatile;58092.54812452091
2045_scenario;r120670124124-electricity-pv_rooftop;flow_out_electricity;electricity;r120670124124;pv_rooftop;volatile;22519.343750413824
2045_scenario;r120670201201-electricity-pv_rooftop;flow_out_electricity;electricity;r120670201201;pv_rooftop;volatile;0.0
2045_scenario;r120640428428-electricity-pv_rooftop;invest_costs_out_electricity;electricity;r120640428428;pv_rooftop;volatile;3165109.886532981
2045_scenario;r120640472472-electricity-pv_rooftop;invest_costs_out_electricity;electricity;r120640472472;pv_rooftop;volatile;2159464.4680323065
2045_scenario;r120670124124-electricity-pv_rooftop;invest_costs_out_electricity;electricity;r120670124124;pv_rooftop;volatile;837107.7572322461
2045_scenario;r120670201201-electricity-pv_rooftop;invest_costs_out_electricity;electricity;r120670201201;pv_rooftop;volatile;0.0
2045_scenario;r120640428428-electricity-pv_rooftop;invest_out_electricity;electricity;r120640428428;pv_rooftop;volatile;79.7245182640046
2045_scenario;r120640472472-electricity-pv_rooftop;invest_out_electricity;electricity;r120640472472;pv_rooftop;volatile;54.39377165217314
2045_scenario;r120670124124-electricity-pv_rooftop;invest_out_electricity;electricity;r120670124124;pv_rooftop;volatile;21.085527856192716
2045_scenario;r120670201201-electricity-pv_rooftop;invest_out_electricity;electricity;r120670201201;pv_rooftop;volatile;0.0
2045_scenario;r120640428428-electricity-small_battery_storage;flow_in_electricity;electricity;r120640428428;small_battery_storage;storage;17977.135008670284
2045_scenario;r120640472472-electricity-small_battery_storage;flow_in_electricity;electricity;r120640472472;small_battery_storage;storage;18172.548907024237
2045_scenario;r120670124124-electricity-small_battery_storage;flow_in_electricity;electricity;r120670124124;small_battery_storage;storage;6728.3640692511335
2045_scenario;r120670201201-electricity-small_battery_storage;flow_in_electricity;electricity;r120670201201;small_battery_storage;storage;12644.21584254994
2045_scenario;r120640428428-electricity-small_battery_storage;flow_out_electricity;electricity;r120640428428;small_battery_storage;storage;10211.617327269265
2045_scenario;r120640472472-electricity-small_battery_storage;flow_out_electricity;electricity;r120640472472;small_battery_storage;storage;10122.613144802981
2045_scenario;r120670124124-electricity-small_battery_storage;flow_out_electricity;electricity;r120670124124;small_battery_storage;storage;3763.91788327932
2045_scenario;r120670201201-electricity-small_battery_storage;flow_out_electricity;electricity;r120670201201;small_battery_storage;storage;8286.122874507068
2045_scenario;r120640428428-electricity-small_battery_storage;invest;electricity;r120640428428;small_battery_storage;storage;0.0
2045_scenario;r120640472472-electricity-small_battery_storage;invest;electricity;r120640472472;small_battery_storage;storage;0.0
2045_scenario;r120670124124-electricity-small_battery_storage;invest;electricity;r120670124124;small_battery_storage;storage;0.0
2045_scenario;r120670201201-electricity-small_battery_storage;invest;electricity;r120670201201;small_battery_storage;storage;0.0
2045_scenario;r120640428428-electricity-small_battery_storage;invest_costs;electricity;r120640428428;small_battery_storage;storage;0.0
2045_scenario;r120640472472-electricity-small_battery_storage;invest_costs;electricity;r120640472472;small_battery_storage;storage;0.0
2045_scenario;r120670124124-electricity-small_battery_storage;invest_costs;electricity;r120670124124;small_battery_storage;storage;0.0
2045_scenario;r120670201201-electricity-small_battery_storage;invest_costs;electricity;r120670201201;small_battery_storage;storage;0.0
2045_scenario;r120640428428-electricity-small_battery_storage;invest_costs_in_electricity;electricity;r120640428428;small_battery_storage;storage;0.0
2045_scenario;r120640472472-electricity-small_battery_storage;invest_costs_in_electricity;electricity;r120640472472;small_battery_storage;storage;0.04357818462260636
2045_scenario;r120670124124-electricity-small_battery_storage;invest_costs_in_electricity;electricity;r120670124124;small_battery_storage;storage;0.01713330881398561
2045_scenario;r120670201201-electricity-small_battery_storage;invest_costs_in_electricity;electricity;r120670201201;small_battery_storage;storage;0.17293530901374274
2045_scenario;r120640428428-electricity-small_battery_storage;invest_costs_out_electricity;electricity;r120640428428;small_battery_storage;storage;0.0
2045_scenario;r120640472472-electricity-small_battery_storage;invest_costs_out_electricity;electricity;r120640472472;small_battery_storage;storage;0.0
2045_scenario;r120670124124-electricity-small_battery_storage;invest_costs_out_electricity;electricity;r120670124124;small_battery_storage;storage;0.0
2045_scenario;r120670201201-electricity-small_battery_storage;invest_costs_out_electricity;electricity;r120670201201;small_battery_storage;storage;0.0
2045_scenario;r120640428428-electricity-small_battery_storage;invest_in_electricity;electricity;r120640428428;small_battery_storage;storage;0.0
2045_scenario;r120640472472-electricity-small_battery_storage;invest_in_electricity;electricity;r120640472472;small_battery_storage;storage;4.845191402246897
2045_scenario;r120670124124-electricity-small_battery_storage;invest_in_electricity;electricity;r120670124124;small_battery_storage;storage;1.9049476538887333
2045_scenario;r120670201201-electricity-small_battery_storage;invest_in_electricity;electricity;r120670201201;small_battery_storage;storage;19.22761766316512
2045_scenario;r120640428428-electricity-small_battery_storage;invest_out_electricity;electricity;r120640428428;small_battery_storage;storage;0.0
2045_scenario;r120640472472-electricity-small_battery_storage;invest_out_electricity;electricity;r120640472472;small_battery_storage;storage;4.845191402246897
2045_scenario;r120670124124-electricity-small_battery_storage;invest_out_electricity;electricity;r120670124124;small_battery_storage;storage;1.9049476538887333
2045_scenario;r120670201201-electricity-small_battery_storage;invest_out_electricity;electricity;r120670201201;small_battery_storage;storage;19.22761766316512
2045_scenario;r120640428428-electricity-small_battery_storage;storage_losses;electricity;r120640428428;small_battery_storage;storage;7765.517681401019
2045_scenario;r120640472472-electricity-small_battery_storage;storage_losses;electricity;r120640472472;small_battery_storage;storage;8049.935762221256
2045_scenario;r120670124124-electricity-small_battery_storage;storage_losses;electricity;r120670124124;small_battery_storage;storage;2964.4461859718135
2045_scenario;r120670201201-electricity-small_battery_storage;storage_losses;electricity;r120670201201;small_battery_storage;storage;4358.092968042873
2045_scenario;r120640428428-electricity-small_battery_storage;summed_variable_costs_in_electricity;electricity;r120640428428;small_battery_storage;storage;1797.7135008670284
2045_scenario;r120640472472-electricity-small_battery_storage;summed_variable_costs_in_electricity;electricity;r120640472472;small_battery_storage;storage;1817.2548907024238
2045_scenario;r120670124124-electricity-small_battery_storage;summed_variable_costs_in_electricity;electricity;r120670124124;small_battery_storage;storage;672.8364069251134
2045_scenario;r120670201201-electricity-small_battery_storage;summed_variable_costs_in_electricity;electricity;r120670201201;small_battery_storage;storage;1264.421584254994
2045_scenario;r120640428428-r120640472472-electricity-transmission;flow_in_electricity_from_bus;electricity;r120640428428_r120640472472;transmission;link;11.527860463848846
2045_scenario;r120640428428-r120670124124-electricity-transmission;flow_in_electricity_from_bus;electricity;r120640428428_r120670124124;transmission;link;7.576800968849859
2045_scenario;r120640428428-r120670201201-electricity-transmission;flow_in_electricity_from_bus;electricity;r120640428428_r120670201201;transmission;link;2647.783573463731
2045_scenario;r120640472472-r120670124124-electricity-transmission;flow_in_electricity_from_bus;electricity;r120640472472_r120670124124;transmission;link;0.5181261685579206
2045_scenario;r120640472472-r120670201201-electricity-transmission;flow_in_electricity_from_bus;electricity;r120640472472_r120670201201;transmission;link;7785.407224593839
2045_scenario;r120670124124-r120670201201-electricity-transmission;flow_in_electricity_from_bus;electricity;r120670124124_r120670201201;transmission;link;3013.2076047629057
2045_scenario;r120640428428-r120640472472-electricity-transmission;flow_in_electricity_to_bus;electricity;r120640428428_r120640472472;transmission;link;238.95384276790705
2045_scenario;r120640428428-r120670124124-electricity-transmission;flow_in_electricity_to_bus;electricity;r120640428428_r120670124124;transmission;link;101.81241846127915
2045_scenario;r120640472472-r120670124124-electricity-transmission;flow_in_electricity_to_bus;electricity;r120640472472_r120670124124;transmission;link;3.1773743694381356
2045_scenario;r120640428428-r120670201201-electricity-transmission;flow_in_electricity_to_bus;electricity;r120640428428_r120670201201;transmission;link;1518.3763625857036
2045_scenario;r120640472472-r120670201201-electricity-transmission;flow_in_electricity_to_bus;electricity;r120640472472_r120670201201;transmission;link;2996.383598847324
2045_scenario;r120670124124-r120670201201-electricity-transmission;flow_in_electricity_to_bus;electricity;r120670124124_r120670201201;transmission;link;1212.505450201732
2045_scenario;r120640428428-r120640472472-electricity-transmission;flow_out_electricity_from_bus;electricity;r120640428428_r120640472472;transmission;link;236.56430434022798
2045_scenario;r120640428428-r120670124124-electricity-transmission;flow_out_electricity_from_bus;electricity;r120640428428_r120670124124;transmission;link;100.79429427666636
2045_scenario;r120640428428-r120670201201-electricity-transmission;flow_out_electricity_from_bus;electricity;r120640428428_r120670201201;transmission;link;1503.1925989598465
2045_scenario;r120640472472-r120670124124-electricity-transmission;flow_out_electricity_from_bus;electricity;r120640472472_r120670124124;transmission;link;3.145600625743754
2045_scenario;r120640472472-r120670201201-electricity-transmission;flow_out_electricity_from_bus;electricity;r120640472472_r120670201201;transmission;link;2966.419762858851
2045_scenario;r120670124124-r120670201201-electricity-transmission;flow_out_electricity_from_bus;electricity;r120670124124_r120670201201;transmission;link;1200.3803956997144
2045_scenario;r120640428428-r120640472472-electricity-transmission;flow_out_electricity_to_bus;electricity;r120640428428_r120640472472;transmission;link;11.412581859210357
2045_scenario;r120640428428-r120670124124-electricity-transmission;flow_out_electricity_to_bus;electricity;r120640428428_r120670124124;transmission;link;7.501032959161361
2045_scenario;r120640428428-r120670201201-electricity-transmission;flow_out_electricity_to_bus;electricity;r120640428428_r120670201201;transmission;link;2621.3057377290934
2045_scenario;r120640472472-r120670124124-electricity-transmission;flow_out_electricity_to_bus;electricity;r120640472472_r120670124124;transmission;link;0.5129449068723413
2045_scenario;r120640472472-r120670201201-electricity-transmission;flow_out_electricity_to_bus;electricity;r120640472472_r120670201201;transmission;link;7707.553152347899
2045_scenario;r120670124124-r120670201201-electricity-transmission;flow_out_electricity_to_bus;electricity;r120670124124_r120670201201;transmission;link;2983.075528715277
2045_scenario;r120640428428-r120640472472-electricity-transmission;summed_variable_costs_out_electricity_from_bus;electricity;r120640428428_r120640472472;transmission;link;1374.4386082167246
2045_scenario;r120640428428-r120670124124-electricity-transmission;summed_variable_costs_out_electricity_from_bus;electricity;r120640428428_r120670124124;transmission;link;585.6148497474315
2045_scenario;r120640428428-r120670201201-electricity-transmission;summed_variable_costs_out_electricity_from_bus;electricity;r120640428428_r120670201201;transmission;link;8733.548999956707
2045_scenario;r120640472472-r120670124124-electricity-transmission;summed_variable_costs_out_electricity_from_bus;electricity;r120640472472_r120670124124;transmission;link;18.27593963557121
2045_scenario;r120640472472-r120670201201-electricity-transmission;summed_variable_costs_out_electricity_from_bus;electricity;r120640472472_r120670201201;transmission;link;17234.89882220992
2045_scenario;r120670124124-r120670201201-electricity-transmission;summed_variable_costs_out_electricity_from_bus;electricity;r120670124124_r120670201201;transmission;link;6974.21009901534
2045_scenario;r120640428428-r120640472472-electricity-transmission;summed_variable_costs_out_electricity_to_bus;electricity;r120640428428_r120640472472;transmission;link;66.30710060201217
2045_scenario;r120640428428-r120670124124-electricity-transmission;summed_variable_costs_out_electricity_to_bus;electricity;r120640428428_r120670124124;transmission;link;43.58100149272751
2045_scenario;r120640428428-r120670201201-electricity-transmission;summed_variable_costs_out_electricity_to_bus;electricity;r120640428428_r120670201201;transmission;link;15229.78633620603
2045_scenario;r120640472472-r120670124124-electricity-transmission;summed_variable_costs_out_electricity_to_bus;electricity;r120640472472_r120670124124;transmission;link;2.9802099089283027
2045_scenario;r120640472472-r120670201201-electricity-transmission;summed_variable_costs_out_electricity_to_bus;electricity;r120640472472_r120670201201;transmission;link;44780.88381514129
2045_scenario;r120670124124-r120670201201-electricity-transmission;summed_variable_costs_out_electricity_to_bus;electricity;r120670124124_r120670201201;transmission;link;17331.66882183576
2045_scenario;r120640428428-r120640472472-electricity-transmission;transmission_losses;electricity;r120640428428_r120640472472;transmission;link;2.504817032317561
2045_scenario;r120640428428-r120670124124-electricity-transmission;transmission_losses;electricity;r120640428428_r120670124124;transmission;link;1.0938921943012758
2045_scenario;r120640428428-r120670201201-electricity-transmission;transmission_losses;electricity;r120640428428_r120670201201;transmission;link;41.66159936049462
2045_scenario;r120640472472-r120670124124-electricity-transmission;transmission_losses;electricity;r120640472472_r120670124124;transmission;link;0.03695500537996077
2045_scenario;r120640472472-r120670201201-electricity-transmission;transmission_losses;electricity;r120640472472_r120670201201;transmission;link;107.81790823441224
2045_scenario;r120670124124-r120670201201-electricity-transmission;transmission_losses;electricity;r120670124124_r120670201201;transmission;link;42.25713054964581
2045_scenario;r120640428428-electricity-wind;flow_out_electricity;electricity;r120640428428;wind;volatile;0.0
2045_scenario;r120640472472-electricity-wind;flow_out_electricity;electricity;r120640472472;wind;volatile;0.0
2045_scenario;r120670124124-electricity-wind;flow_out_electricity;electricity;r120670124124;wind;volatile;0.0
2045_scenario;r120670201201-electricity-wind;flow_out_electricity;electricity;r120670201201;wind;volatile;289924.7086035443
2045_scenario;r120640428428-electricity-wind;invest_costs_out_electricity;electricity;r120640428428;wind;volatile;0.0
2045_scenario;r120640472472-electricity-wind;invest_costs_out_electricity;electricity;r120640472472;wind;volatile;0.0
2045_scenario;r120670124124-electricity-wind;invest_costs_out_electricity;electricity;r120670124124;wind;volatile;0.0
2045_scenario;r120670201201-electricity-wind;invest_costs_out_electricity;electricity;r120670201201;wind;volatile;6324757.968981164
2045_scenario;r120640428428-electricity-wind;invest_out_electricity;electricity;r120640428428;wind;volatile;0.0
2045_scenario;r120640472472-electricity-wind;invest_out_electricity;electricity;r120640472472;wind;volatile;0.0
2045_scenario;r120670124124-electricity-wind;invest_out_electricity;electricity;r120670124124;wind;volatile;0.0
2045_scenario;r120670201201-electricity-wind;invest_out_electricity;electricity;r120670201201;wind;volatile;92.0395900328712
2045_scenario;r120640428428-h2-boiler_heat_high;flow_in_h2;h2;r120640428428;boiler_heat_high;conversion;0.0
2045_scenario;r120640472472-h2-boiler_heat_high;flow_in_h2;h2;r120640472472;boiler_heat_high;conversion;0.0
2045_scenario;r120670124124-h2-boiler_heat_high;flow_in_h2;h2;r120670124124;boiler_heat_high;conversion;0.0
2045_scenario;r120670201201-h2-boiler_heat_high;flow_in_h2;h2;r120670201201;boiler_heat_high;conversion;0.0
2045_scenario;r120640428428-h2-boiler_heat_high;flow_out_heat_high;h2;r120640428428;boiler_heat_high;conversion;0.0
2045_scenario;r120640472472-h2-boiler_heat_high;flow_out_heat_high;h2;r120640472472;boiler_heat_high;conversion;0.0
2045_scenario;r120670124124-h2-boiler_heat_high;flow_out_heat_high;h2;r120670124124;boiler_heat_high;conversion;0.0
2045_scenario;r120670201201-h2-boiler_heat_high;flow_out_heat_high;h2;r120670201201;boiler_heat_high;conversion;0.0
2045_scenario;r120640428428-h2-boiler_heat_high;invest_costs_out_heat_high;h2;r120640428428;boiler_heat_high;conversion;0.0
2045_scenario;r120640472472-h2-boiler_heat_high;invest_costs_out_heat_high;h2;r120640472472;boiler_heat_high;conversion;0.0
2045_scenario;r120670124124-h2-boiler_heat_high;invest_costs_out_heat_high;h2;r120670124124;boiler_heat_high;conversion;0.0
2045_scenario;r120670201201-h2-boiler_heat_high;invest_costs_out_heat_high;h2;r120670201201;boiler_heat_high;conversion;0.0
2045_scenario;r120640428428-h2-boiler_heat_high;invest_out_heat_high;h2;r120640428428;boiler_heat_high;conversion;0.0
2045_scenario;r120640472472-h2-boiler_heat_high;invest_out_heat_high;h2;r120640472472;boiler_heat_high;conversion;0.0
2045_scenario;r120670124124-h2-boiler_heat_high;invest_out_heat_high;h2;r120670124124;boiler_heat_high;conversion;0.0
2045_scenario;r120670201201-h2-boiler_heat_high;invest_out_heat_high;h2;r120670201201;boiler_heat_high;conversion;0.0
2045_scenario;r120640428428-h2-boiler_heat_high;summed_variable_costs_out_heat_high;h2;r120640428428;boiler_heat_high;conversion;0.0
2045_scenario;r120640472472-h2-boiler_heat_high;summed_variable_costs_out_heat_high;h2;r120640472472;boiler_heat_high;conversion;0.0
2045_scenario;r120670124124-h2-boiler_heat_high;summed_variable_costs_out_heat_high;h2;r120670124124;boiler_heat_high;conversion;0.0
2045_scenario;r120670201201-h2-boiler_heat_high;summed_variable_costs_out_heat_high;h2;r120670201201;boiler_heat_high;conversion;0.0
2045_scenario;r120640428428-h2-bpchp_heat_high;flow_in_h2;h2;r120640428428;bpchp_heat_high;backpressure;0.0
2045_scenario;r120640472472-h2-bpchp_heat_high;flow_in_h2;h2;r120640472472;bpchp_heat_high;backpressure;0.0
2045_scenario;r120670124124-h2-bpchp_heat_high;flow_in_h2;h2;r120670124124;bpchp_heat_high;backpressure;0.0
2045_scenario;r120670201201-h2-bpchp_heat_high;flow_in_h2;h2;r120670201201;bpchp_heat_high;backpressure;0.0
2045_scenario;r120640428428-h2-bpchp_heat_high;flow_out_electricity;h2;r120640428428;bpchp_heat_high;backpressure;0.0
2045_scenario;r120640472472-h2-bpchp_heat_high;flow_out_electricity;h2;r120640472472;bpchp_heat_high;backpressure;0.0
2045_scenario;r120670124124-h2-bpchp_heat_high;flow_out_electricity;h2;r120670124124;bpchp_heat_high;backpressure;0.0
2045_scenario;r120670201201-h2-bpchp_heat_high;flow_out_electricity;h2;r120670201201;bpchp_heat_high;backpressure;0.0
2045_scenario;r120640428428-h2-bpchp_heat_high;flow_out_heat_high;h2;r120640428428;bpchp_heat_high;backpressure;0.0
2045_scenario;r120640472472-h2-bpchp_heat_high;flow_out_heat_high;h2;r120640472472;bpchp_heat_high;backpressure;0.0
2045_scenario;r120670124124-h2-bpchp_heat_high;flow_out_heat_high;h2;r120670124124;bpchp_heat_high;backpressure;0.0
2045_scenario;r120670201201-h2-bpchp_heat_high;flow_out_heat_high;h2;r120670201201;bpchp_heat_high;backpressure;0.0
2045_scenario;r120640428428-h2-bpchp_heat_high;invest_costs_out_electricity;h2;r120640428428;bpchp_heat_high;backpressure;0.0
2045_scenario;r120640472472-h2-bpchp_heat_high;invest_costs_out_electricity;h2;r120640472472;bpchp_heat_high;backpressure;0.0
2045_scenario;r120670124124-h2-bpchp_heat_high;invest_costs_out_electricity;h2;r120670124124;bpchp_heat_high;backpressure;0.0
2045_scenario;r120670201201-h2-bpchp_heat_high;invest_costs_out_electricity;h2;r120670201201;bpchp_heat_high;backpressure;0.0
2045_scenario;r120640428428-h2-bpchp_heat_high;invest_out_electricity;h2;r120640428428;bpchp_heat_high;backpressure;0.0
2045_scenario;r120640472472-h2-bpchp_heat_high;invest_out_electricity;h2;r120640472472;bpchp_heat_high;backpressure;0.0
2045_scenario;r120670124124-h2-bpchp_heat_high;invest_out_electricity;h2;r120670124124;bpchp_heat_high;backpressure;0.0
2045_scenario;r120670201201-h2-bpchp_heat_high;invest_out_electricity;h2;r120670201201;bpchp_heat_high;backpressure;0.0
2045_scenario;r120640428428-h2-commodity;flow_out_h2;h2;r120640428428;commodity;shortage;0.0
2045_scenario;r120640472472-h2-commodity;flow_out_h2;h2;r120640472472;commodity;shortage;0.0
2045_scenario;r120670124124-h2-commodity;flow_out_h2;h2;r120670124124;commodity;shortage;0.0
2045_scenario;r120670201201-h2-commodity;flow_out_h2;h2;r120670201201;commodity;shortage;0.0
2045_scenario;r120640428428-h2-commodity;summed_variable_costs_out_h2;h2;r120640428428;commodity;shortage;0.0
2045_scenario;r120640472472-h2-commodity;summed_variable_costs_out_h2;h2;r120640472472;commodity;shortage;0.0
2045_scenario;r120670124124-h2-commodity;summed_variable_costs_out_h2;h2;r120670124124;commodity;shortage;0.0
2045_scenario;r120670201201-h2-commodity;summed_variable_costs_out_h2;h2;r120670201201;commodity;shortage;0.0
2045_scenario;r120640428428-h2-export;flow_in_h2;h2;r120640428428;export;excess;0.0
2045_scenario;r120640472472-h2-export;flow_in_h2;h2;r120640472472;export;excess;0.0
2045_scenario;r120670124124-h2-export;flow_in_h2;h2;r120670124124;export;excess;0.0
2045_scenario;r120670201201-h2-export;flow_in_h2;h2;r120670201201;export;excess;0.0
2045_scenario;r120640428428-r120640472472-h2-transmission;flow_in_h2_from_bus;h2;r120640428428_r120640472472;transmission;link;0.0
2045_scenario;r120640428428-r120670124124-h2-transmission;flow_in_h2_from_bus;h2;r120640428428_r120670124124;transmission;link;0.0
2045_scenario;r120640428428-r120670201201-h2-transmission;flow_in_h2_from_bus;h2;r120640428428_r120670201201;transmission;link;0.0
2045_scenario;r120640472472-r120670124124-h2-transmission;flow_in_h2_from_bus;h2;r120640472472_r120670124124;transmission;link;0.0
2045_scenario;r120640472472-r120670201201-h2-transmission;flow_in_h2_from_bus;h2;r120640472472_r120670201201;transmission;link;0.0
2045_scenario;r120670124124-r120670201201-h2-transmission;flow_in_h2_from_bus;h2;r120670124124_r120670201201;transmission;link;0.0
2045_scenario;r120640428428-r120640472472-h2-transmission;flow_in_h2_to_bus;h2;r120640428428_r120640472472;transmission;link;0.0
2045_scenario;r120640428428-r120670124124-h2-transmission;flow_in_h2_to_bus;h2;r120640428428_r120670124124;transmission;link;0.0
2045_scenario;r120640472472-r120670124124-h2-transmission;flow_in_h2_to_bus;h2;r120640472472_r120670124124;transmission;link;0.0
2045_scenario;r120640428428-r120670201201-h2-transmission;flow_in_h2_to_bus;h2;r120640428428_r120670201201;transmission;link;0.0
2045_scenario;r120640472472-r120670201201-h2-transmission;flow_in_h2_to_bus;h2;r120640472472_r120670201201;transmission;link;0.0
2045_scenario;r120670124124-r120670201201-h2-transmission;flow_in_h2_to_bus;h2;r120670124124_r120670201201;transmission;link;0.0
2045_scenario;r120640428428-r120640472472-h2-transmission;flow_out_h2_from_bus;h2;r120640428428_r120640472472;transmission;link;0.0
2045_scenario;r120640428428-r120670124124-h2-transmission;flow_out_h2_from_bus;h2;r120640428428_r120670124124;transmission;link;0.0
2045_scenario;r120640428428-r120670201201-h2-transmission;flow_out_h2_from_bus;h2;r120640428428_r120670201201;transmission;link;0.0
2045_scenario;r120640472472-r120670124124-h2-transmission;flow_out_h2_from_bus;h2;r120640472472_r120670124124;transmission;link;0.0
2045_scenario;r120640472472-r120670201201-h2-transmission;flow_out_h2_from_bus;h2;r120640472472_r120670201201;transmission;link;0.0
2045_scenario;r120670124124-r120670201201-h2-transmission;flow_out_h2_from_bus;h2;r120670124124_r120670201201;transmission;link;0.0
2045_scenario;r120640428428-r120640472472-h2-transmission;flow_out_h2_to_bus;h2;r120640428428_r120640472472;transmission;link;0.0
2045_scenario;r120640428428-r120670124124-h2-transmission;flow_out_h2_to_bus;h2;r120640428428_r120670124124;transmission;link;0.0
2045_scenario;r120640428428-r120670201201-h2-transmission;flow_out_h2_to_bus;h2;r120640428428_r120670201201;transmission;link;0.0
2045_scenario;r120640472472-r120670124124-h2-transmission;flow_out_h2_to_bus;h2;r120640472472_r120670124124;transmission;link;0.0
2045_scenario;r120640472472-r120670201201-h2-transmission;flow_out_h2_to_bus;h2;r120640472472_r120670201201;transmission;link;0.0
2045_scenario;r120670124124-r120670201201-h2-transmission;flow_out_h2_to_bus;h2;r120670124124_r120670201201;transmission;link;0.0
2045_scenario;r120640428428-r120640472472-h2-transmission;summed_variable_costs_out_h2_from_bus;h2;r120640428428_r120640472472;transmission;link;0.0
2045_scenario;r120640428428-r120670124124-h2-transmission;summed_variable_costs_out_h2_from_bus;h2;r120640428428_r120670124124;transmission;link;0.0
2045_scenario;r120640428428-r120670201201-h2-transmission;summed_variable_costs_out_h2_from_bus;h2;r120640428428_r120670201201;transmission;link;0.0
2045_scenario;r120640472472-r120670124124-h2-transmission;summed_variable_costs_out_h2_from_bus;h2;r120640472472_r120670124124;transmission;link;0.0
2045_scenario;r120640472472-r120670201201-h2-transmission;summed_variable_costs_out_h2_from_bus;h2;r120640472472_r120670201201;transmission;link;0.0
2045_scenario;r120670124124-r120670201201-h2-transmission;summed_variable_costs_out_h2_from_bus;h2;r120670124124_r120670201201;transmission;link;0.0
2045_scenario;r120640428428-r120640472472-h2-transmission;summed_variable_costs_out_h2_to_bus;h2;r120640428428_r120640472472;transmission;link;0.0
2045_scenario;r120640428428-r120670124124-h2-transmission;summed_variable_costs_out_h2_to_bus;h2;r120640428428_r120670124124;transmission;link;0.0
2045_scenario;r120640428428-r120670201201-h2-transmission;summed_variable_costs_out_h2_to_bus;h2;r120640428428_r120670201201;transmission;link;0.0
2045_scenario;r120640472472-r120670124124-h2-transmission;summed_variable_costs_out_h2_to_bus;h2;r120640472472_r120670124124;transmission;link;0.0
2045_scenario;r120640472472-r120670201201-h2-transmission;summed_variable_costs_out_h2_to_bus;h2;r120640472472_r120670201201;transmission;link;0.0
2045_scenario;r120670124124-r120670201201-h2-transmission;summed_variable_costs_out_h2_to_bus;h2;r120670124124_r120670201201;transmission;link;0.0
2045_scenario;r120640428428-r120640472472-h2-transmission;transmission_losses;h2;r120640428428_r120640472472;transmission;link;0.0
2045_scenario;r120640428428-r120670124124-h2-transmission;transmission_losses;h2;r120640428428_r120670124124;transmission;link;0.0
2045_scenario;r120640428428-r120670201201-h2-transmission;transmission_losses;h2;r120640428428_r120670201201;transmission;link;0.0
2045_scenario;r120640472472-r120670124124-h2-transmission;transmission_losses;h2;r120640472472_r120670124124;transmission;link;0.0
2045_scenario;r120640472472-r120670201201-h2-transmission;transmission_losses;h2;r120640472472_r120670201201;transmission;link;0.0
2045_scenario;r120670124124-r120670201201-h2-transmission;transmission_losses;h2;r120670124124_r120670201201;transmission;link;0.0
2045_scenario;r120640428428-heat_high-demand_ind;flow_in_heat_high;heat_high;r120640428428;demand_ind;load;4637.3071033361675
2045_scenario;r120640472472-heat_high-demand_ind;flow_in_heat_high;heat_high;r120640472472;demand_ind;load;3927.526073899517
2045_scenario;r120670124124-heat_high-demand_ind;flow_in_heat_high;heat_high;r120670124124;demand_ind;load;2727.7576444361844
2045_scenario;r120670201201-heat_high-demand_ind;flow_in_heat_high;heat_high;r120670201201;demand_ind;load;79110.26369319638
2045_scenario;r120640428428-heat_low_central-demand_cts;flow_in_heat_low_central;heat_low_central;r120640428428;demand_cts;load;305.16578294734006
2045_scenario;r120640472472-heat_low_central-demand_cts;flow_in_heat_low_central;heat_low_central;r120640472472;demand_cts;load;5198.54678180032
2045_scenario;r120670124124-heat_low_central-demand_cts;flow_in_heat_low_central;heat_low_central;r120670124124;demand_cts;load;7.654345455244789
2045_scenario;r120670201201-heat_low_central-demand_cts;flow_in_heat_low_central;heat_low_central;r120670201201;demand_cts;load;858.2304121882094
2045_scenario;r120640428428-heat_low_central-demand_hh;flow_in_heat_low_central;heat_low_central;r120640428428;demand_hh;load;801.7199661831256
2045_scenario;r120640472472-heat_low_central-demand_hh;flow_in_heat_low_central;heat_low_central;r120640472472;demand_hh;load;12376.477173879806
2045_scenario;r120670124124-heat_low_central-demand_hh;flow_in_heat_low_central;heat_low_central;r120670124124;demand_hh;load;31.352117178185182
2045_scenario;r120670201201-heat_low_central-demand_hh;flow_in_heat_low_central;heat_low_central;r120670201201;demand_hh;load;3839.4250105504375
2045_scenario;r120640428428-heat_low_central-demand_ind;flow_in_heat_low_central;heat_low_central;r120640428428;demand_ind;load;24.099639938017795
2045_scenario;r120640472472-heat_low_central-demand_ind;flow_in_heat_low_central;heat_low_central;r120640472472;demand_ind;load;245.82399159586745
2045_scenario;r120670124124-heat_low_central-demand_ind;flow_in_heat_low_central;heat_low_central;r120670124124;demand_ind;load;0.8994329109801891
2045_scenario;r120670201201-heat_low_central-demand_ind;flow_in_heat_low_central;heat_low_central;r120670201201;demand_ind;load;2006.6006630703273
2045_scenario;r120640428428-heat_low_central-storage;flow_in_heat_low_central;heat_low_central;r120640428428;storage;storage;2231.913636880425
2045_scenario;r120640472472-heat_low_central-storage;flow_in_heat_low_central;heat_low_central;r120640472472;storage;storage;1761.6330168247475
2045_scenario;r120670124124-heat_low_central-storage;flow_in_heat_low_central;heat_low_central;r120670124124;storage;storage;3.9123366658499923
2045_scenario;r120670201201-heat_low_central-storage;flow_in_heat_low_central;heat_low_central;r120670201201;storage;storage;827.2088458598513
2045_scenario;r120640428428-heat_low_central-storage;flow_out_heat_low_central;heat_low_central;r120640428428;storage;storage;53.12671154766517
2045_scenario;r120640472472-heat_low_central-storage;flow_out_heat_low_central;heat_low_central;r120640472472;storage;storage;982.1065349870728
2045_scenario;r120670124124-heat_low_central-storage;flow_out_heat_low_central;heat_low_central;r120670124124;storage;storage;2.1954821834399976
2045_scenario;r120670201201-heat_low_central-storage;flow_out_heat_low_central;heat_low_central;r120670201201;storage;storage;471.98917537275446
2045_scenario;r120640428428-heat_low_central-storage;invest;heat_low_central;r120640428428;storage;storage;3.5469470042714013
2045_scenario;r120640472472-heat_low_central-storage;invest;heat_low_central;r120640472472;storage;storage;13.30225155598234
2045_scenario;r120670124124-heat_low_central-storage;invest;heat_low_central;r120670124124;storage;storage;0.029416133016354776
2045_scenario;r120670201201-heat_low_central-storage;invest;heat_low_central;r120670201201;storage;storage;5.57782371226321
2045_scenario;r120640428428-heat_low_central-storage;invest_costs;heat_low_central;r120640428428;storage;storage;601.2503593959667
2045_scenario;r120640472472-heat_low_central-storage;invest_costs;heat_low_central;r120640472472;storage;storage;2254.8923113817004
2045_scenario;r120670124124-heat_low_central-storage;invest_costs;heat_low_central;r120670124124;storage;storage;4.986389852124658
2045_scenario;r120670201201-heat_low_central-storage;invest_costs;heat_low_central;r120670201201;storage;storage;945.50849155822
2045_scenario;r120640428428-heat_low_central-storage;invest_costs_in_heat_low_central;heat_low_central;r120640428428;storage;storage;5.514549150642071
2045_scenario;r120640472472-heat_low_central-storage;invest_costs_in_heat_low_central;heat_low_central;r120640472472;storage;storage;52.45980066694735
2045_scenario;r120670124124-heat_low_central-storage;invest_costs_in_heat_low_central;heat_low_central;r120670124124;storage;storage;0.11593292766919834
2045_scenario;r120670201201-heat_low_central-storage;invest_costs_in_heat_low_central;heat_low_central;r120670201201;storage;storage;14.490642263294486
2045_scenario;r120640428428-heat_low_central-storage;invest_costs_out_heat_low_central;heat_low_central;r120640428428;storage;storage;0.0
2045_scenario;r120640472472-heat_low_central-storage;invest_costs_out_heat_low_central;heat_low_central;r120640472472;storage;storage;0.0
2045_scenario;r120670124124-heat_low_central-storage;invest_costs_out_heat_low_central;heat_low_central;r120670124124;storage;storage;0.0
2045_scenario;r120670201201-heat_low_central-storage;invest_costs_out_heat_low_central;heat_low_central;r120670201201;storage;storage;0.0
2045_scenario;r120640428428-heat_low_central-storage;invest_in_heat_low_central;heat_low_central;r120640428428;storage;storage;0.6056581488286166
2045_scenario;r120640472472-heat_low_central-storage;invest_in_heat_low_central;heat_low_central;r120640472472;storage;storage;5.7616143934744315
2045_scenario;r120670124124-heat_low_central-storage;invest_in_heat_low_central;heat_low_central;r120670124124;storage;storage;0.012732812863266111
2045_scenario;r120670201201-heat_low_central-storage;invest_in_heat_low_central;heat_low_central;r120670201201;storage;storage;1.5914946677921622
2045_scenario;r120640428428-heat_low_central-storage;invest_out_heat_low_central;heat_low_central;r120640428428;storage;storage;0.6056581488286166
2045_scenario;r120640472472-heat_low_central-storage;invest_out_heat_low_central;heat_low_central;r120640472472;storage;storage;5.7616143934744315
2045_scenario;r120670124124-heat_low_central-storage;invest_out_heat_low_central;heat_low_central;r120670124124;storage;storage;0.012732812863266111
2045_scenario;r120670201201-heat_low_central-storage;invest_out_heat_low_central;heat_low_central;r120670201201;storage;storage;1.5914946677921622
2045_scenario;r120640428428-heat_low_central-storage;storage_losses;heat_low_central;r120640428428;storage;storage;2178.78692533276
2045_scenario;r120640472472-heat_low_central-storage;storage_losses;heat_low_central;r120640472472;storage;storage;779.5264818376747
2045_scenario;r120670124124-heat_low_central-storage;storage_losses;heat_low_central;r120670124124;storage;storage;1.7168544824099947
2045_scenario;r120670201201-heat_low_central-storage;storage_losses;heat_low_central;r120670201201;storage;storage;355.21967048709683
2045_scenario;r120640428428-heat_low_central-storage;summed_variable_costs_in_heat_low_central;heat_low_central;r120640428428;storage;storage;223.19136368804254
2045_scenario;r120640472472-heat_low_central-storage;summed_variable_costs_in_heat_low_central;heat_low_central;r120640472472;storage;storage;176.16330168247475
2045_scenario;r120670124124-heat_low_central-storage;summed_variable_costs_in_heat_low_central;heat_low_central;r120670124124;storage;storage;0.39123366658499925
2045_scenario;r120670201201-heat_low_central-storage;summed_variable_costs_in_heat_low_central;heat_low_central;r120670201201;storage;storage;82.72088458598513
2045_scenario;r120640428428-heat_low_decentral-demand_cts;flow_in_heat_low_decentral;heat_low_decentral;r120640428428;demand_cts;load;23958.343958643443
2045_scenario;r120640472472-heat_low_decentral-demand_cts;flow_in_heat_low_decentral;heat_low_decentral;r120640472472;demand_cts;load;25942.880667957834
2045_scenario;r120670124124-heat_low_decentral-demand_cts;flow_in_heat_low_decentral;heat_low_decentral;r120670124124;demand_cts;load;9659.633305831561
2045_scenario;r120670201201-heat_low_decentral-demand_cts;flow_in_heat_low_decentral;heat_low_decentral;r120670201201;demand_cts;load;12667.84428092422
2045_scenario;r120640428428-heat_low_decentral-demand_hh;flow_in_heat_low_decentral;heat_low_decentral;r120640428428;demand_hh;load;37765.471324106795
2045_scenario;r120640472472-heat_low_decentral-demand_hh;flow_in_heat_low_decentral;heat_low_decentral;r120640472472;demand_hh;load;37058.21844701864
2045_scenario;r120670124124-heat_low_decentral-demand_hh;flow_in_heat_low_decentral;heat_low_decentral;r120670124124;demand_hh;load;23739.452869497916
2045_scenario;r120670201201-heat_low_decentral-demand_hh;flow_in_heat_low_decentral;heat_low_decentral;r120670201201;demand_hh;load;34002.923320740556
2045_scenario;r120640428428-heat_low_decentral-demand_ind;flow_in_heat_low_decentral;heat_low_decentral;r120640428428;demand_ind;load;1135.2271358957557
2045_scenario;r120640472472-heat_low_decentral-demand_ind;flow_in_heat_low_decentral;heat_low_decentral;r120640472472;demand_ind;load;736.0575268787832
2045_scenario;r120670124124-heat_low_decentral-demand_ind;flow_in_heat_low_decentral;heat_low_decentral;r120670124124;demand_ind;load;681.0399781979074
2045_scenario;r120670201201-heat_low_decentral-demand_ind;flow_in_heat_low_decentral;heat_low_decentral;r120670201201;demand_ind;load;17770.96526022415
2045_scenario;r120640428428-heat_low_decentral-solarthermal_plant;flow_out_heat_low_decentral;heat_low_decentral;r120640428428;solarthermal_plant;volatile;0.0
2045_scenario;r120640472472-heat_low_decentral-solarthermal_plant;flow_out_heat_low_decentral;heat_low_decentral;r120640472472;solarthermal_plant;volatile;0.0
2045_scenario;r120670124124-heat_low_decentral-solarthermal_plant;flow_out_heat_low_decentral;heat_low_decentral;r120670124124;solarthermal_plant;volatile;0.0
2045_scenario;r120670201201-heat_low_decentral-solarthermal_plant;flow_out_heat_low_decentral;heat_low_decentral;r120670201201;solarthermal_plant;volatile;0.0
2045_scenario;r120640428428-heat_low_decentral-solarthermal_plant;invest_costs_out_heat_low_decentral;heat_low_decentral;r120640428428;solarthermal_plant;volatile;0.0
2045_scenario;r120640472472-heat_low_decentral-solarthermal_plant;invest_costs_out_heat_low_decentral;heat_low_decentral;r120640472472;solarthermal_plant;volatile;0.0
2045_scenario;r120670124124-heat_low_decentral-solarthermal_plant;invest_costs_out_heat_low_decentral;heat_low_decentral;r120670124124;solarthermal_plant;volatile;0.0
2045_scenario;r120670201201-heat_low_decentral-solarthermal_plant;invest_costs_out_heat_low_decentral;heat_low_decentral;r120670201201;solarthermal_plant;volatile;0.0
2045_scenario;r120640428428-heat_low_decentral-solarthermal_plant;invest_out_heat_low_decentral;heat_low_decentral;r120640428428;solarthermal_plant;volatile;0.0
2045_scenario;r120640472472-heat_low_decentral-solarthermal_plant;invest_out_heat_low_decentral;heat_low_decentral;r120640472472;solarthermal_plant;volatile;0.0
2045_scenario;r120670124124-heat_low_decentral-solarthermal_plant;invest_out_heat_low_decentral;heat_low_decentral;r120670124124;solarthermal_plant;volatile;0.0
2045_scenario;r120670201201-heat_low_decentral-solarthermal_plant;invest_out_heat_low_decentral;heat_low_decentral;r120670201201;solarthermal_plant;volatile;0.0
2045_scenario;r120640428428-heat_low_decentral-storage;flow_in_heat_low_decentral;heat_low_decentral;r120640428428;storage;storage;463.21571940239016
2045_scenario;r120640472472-heat_low_decentral-storage;flow_in_heat_low_decentral;heat_low_decentral;r120640472472;storage;storage;431.9888540618276
2045_scenario;r120670124124-heat_low_decentral-storage;flow_in_heat_low_decentral;heat_low_decentral;r120670124124;storage;storage;357.3653315787923
2045_scenario;r120670201201-heat_low_decentral-storage;flow_in_heat_low_decentral;heat_low_decentral;r120670201201;storage;storage;513.9735720875123
2045_scenario;r120640428428-heat_low_decentral-storage;flow_out_heat_low_decentral;heat_low_decentral;r120640428428;storage;storage;404.8493004450305
2045_scenario;r120640472472-heat_low_decentral-storage;flow_out_heat_low_decentral;heat_low_decentral;r120640472472;storage;storage;375.39078228774264
2045_scenario;r120670124124-heat_low_decentral-storage;flow_out_heat_low_decentral;heat_low_decentral;r120670124124;storage;storage;308.974508123668
2045_scenario;r120670201201-heat_low_decentral-storage;flow_out_heat_low_decentral;heat_low_decentral;r120670201201;storage;storage;451.84278144725494
2045_scenario;r120640428428-heat_low_decentral-storage;invest;heat_low_decentral;r120640428428;storage;storage;1.1595803919912058
2045_scenario;r120640472472-heat_low_decentral-storage;invest;heat_low_decentral;r120640472472;storage;storage;1.0589418289091392
2045_scenario;r120670124124-heat_low_decentral-storage;invest;heat_low_decentral;r120670124124;storage;storage;0.9040866123022531
2045_scenario;r120670201201-heat_low_decentral-storage;invest;heat_low_decentral;r120670201201;storage;storage;1.3328428899894744
2045_scenario;r120640428428-heat_low_decentral-storage;invest_costs;heat_low_decentral;r120640428428;storage;storage;49545.33629413321
2045_scenario;r120640472472-heat_low_decentral-storage;invest_costs;heat_low_decentral;r120640472472;storage;storage;45245.35719264358
2045_scenario;r120670124124-heat_low_decentral-storage;invest_costs;heat_low_decentral;r120670124124;storage;storage;38628.865712898725
2045_scenario;r120670201201-heat_low_decentral-storage;invest_costs;heat_low_decentral;r120670201201;storage;storage;56948.314810995624
2045_scenario;r120640428428-heat_low_decentral-storage;invest_costs_in_heat_low_decentral;heat_low_decentral;r120640428428;storage;storage;4925.436863684644
2045_scenario;r120640472472-heat_low_decentral-storage;invest_costs_in_heat_low_decentral;heat_low_decentral;r120640472472;storage;storage;4497.964226223538
2045_scenario;r120670124124-heat_low_decentral-storage;invest_costs_in_heat_low_decentral;heat_low_decentral;r120670124124;storage;storage;3840.200782069671
2045_scenario;r120670201201-heat_low_decentral-storage;invest_costs_in_heat_low_decentral;heat_low_decentral;r120670201201;storage;storage;5661.3871269254105
2045_scenario;r120640428428-heat_low_decentral-storage;invest_costs_out_heat_low_decentral;heat_low_decentral;r120640428428;storage;storage;0.0
2045_scenario;r120640472472-heat_low_decentral-storage;invest_costs_out_heat_low_decentral;heat_low_decentral;r120640472472;storage;storage;0.0
2045_scenario;r120670124124-heat_low_decentral-storage;invest_costs_out_heat_low_decentral;heat_low_decentral;r120670124124;storage;storage;0.0
2045_scenario;r120670201201-heat_low_decentral-storage;invest_costs_out_heat_low_decentral;heat_low_decentral;r120670201201;storage;storage;0.0
2045_scenario;r120640428428-heat_low_decentral-storage;invest_in_heat_low_decentral;heat_low_decentral;r120640428428;storage;storage;1.1352292037593905
2045_scenario;r120640472472-heat_low_decentral-storage;invest_in_heat_low_decentral;heat_low_decentral;r120640472472;storage;storage;1.0367040505020473
2045_scenario;r120670124124-heat_low_decentral-storage;invest_in_heat_low_decentral;heat_low_decentral;r120670124124;storage;storage;0.8851007934439057
2045_scenario;r120670201201-heat_low_decentral-storage;invest_in_heat_low_decentral;heat_low_decentral;r120670201201;storage;storage;1.3048531892996955
2045_scenario;r120640428428-heat_low_decentral-storage;invest_out_heat_low_decentral;heat_low_decentral;r120640428428;storage;storage;1.1352292037593905
2045_scenario;r120640472472-heat_low_decentral-storage;invest_out_heat_low_decentral;heat_low_decentral;r120640472472;storage;storage;1.0367040505020473
2045_scenario;r120670124124-heat_low_decentral-storage;invest_out_heat_low_decentral;heat_low_decentral;r120670124124;storage;storage;0.8851007934439057
2045_scenario;r120670201201-heat_low_decentral-storage;invest_out_heat_low_decentral;heat_low_decentral;r120670201201;storage;storage;1.3048531892996955
2045_scenario;r120640428428-heat_low_decentral-storage;storage_losses;heat_low_decentral;r120640428428;storage;storage;58.366418957359656
2045_scenario;r120640472472-heat_low_decentral-storage;storage_losses;heat_low_decentral;r120640472472;storage;storage;56.598071774084985
2045_scenario;r120670124124-heat_low_decentral-storage;storage_losses;heat_low_decentral;r120670124124;storage;storage;48.39082345512429
2045_scenario;r120670201201-heat_low_decentral-storage;storage_losses;heat_low_decentral;r120670201201;storage;storage;62.13079064025732
2045_scenario;r120640428428-heat_low_decentral-storage;summed_variable_costs_in_heat_low_decentral;heat_low_decentral;r120640428428;storage;storage;46.32157194023902
2045_scenario;r120640472472-heat_low_decentral-storage;summed_variable_costs_in_heat_low_decentral;heat_low_decentral;r120640472472;storage;storage;43.19888540618277
2045_scenario;r120670124124-heat_low_decentral-storage;summed_variable_costs_in_heat_low_decentral;heat_low_decentral;r120670124124;storage;storage;35.73653315787923
2045_scenario;r120670201201-heat_low_decentral-storage;summed_variable_costs_in_heat_low_decentral;heat_low_decentral;r120670201201;storage;storage;51.39735720875123
2045_scenario;r120640428428-heat_low_decentral-storage;summed_variable_costs_out_heat_low_decentral;heat_low_decentral;r120640428428;storage;storage;514.1586115651887
2045_scenario;r120640472472-heat_low_decentral-storage;summed_variable_costs_out_heat_low_decentral;heat_low_decentral;r120640472472;storage;storage;476.74629350543313
2045_scenario;r120670124124-heat_low_decentral-storage;summed_variable_costs_out_heat_low_decentral;heat_low_decentral;r120670124124;storage;storage;392.3976253170583
2045_scenario;r120670201201-heat_low_decentral-storage;summed_variable_costs_out_heat_low_decentral;heat_low_decentral;r120670201201;storage;storage;573.8403324380138
2045_scenario;r120640428428-residual_waste-bpchp_heat_high;flow_in_residual_waste;residual_waste;r120640428428;bpchp_heat_high;backpressure;5790.745641181844
2045_scenario;r120640472472-residual_waste-bpchp_heat_high;flow_in_residual_waste;residual_waste;r120640472472;bpchp_heat_high;backpressure;0.0
2045_scenario;r120670124124-residual_waste-bpchp_heat_high;flow_in_residual_waste;residual_waste;r120670124124;bpchp_heat_high;backpressure;0.0
2045_scenario;r120670201201-residual_waste-bpchp_heat_high;flow_in_residual_waste;residual_waste;r120670201201;bpchp_heat_high;backpressure;0.0
2045_scenario;r120640428428-residual_waste-bpchp_heat_high;flow_out_electricity;residual_waste;r120640428428;bpchp_heat_high;backpressure;1216.0565846481868
2045_scenario;r120640472472-residual_waste-bpchp_heat_high;flow_out_electricity;residual_waste;r120640472472;bpchp_heat_high;backpressure;0.0
2045_scenario;r120670124124-residual_waste-bpchp_heat_high;flow_out_electricity;residual_waste;r120670124124;bpchp_heat_high;backpressure;0.0
2045_scenario;r120670201201-residual_waste-bpchp_heat_high;flow_out_electricity;residual_waste;r120670201201;bpchp_heat_high;backpressure;0.0
2045_scenario;r120640428428-residual_waste-bpchp_heat_high;flow_out_heat_high;residual_waste;r120640428428;bpchp_heat_high;backpressure;4400.966687298201
2045_scenario;r120640472472-residual_waste-bpchp_heat_high;flow_out_heat_high;residual_waste;r120640472472;bpchp_heat_high;backpressure;0.0
2045_scenario;r120670124124-residual_waste-bpchp_heat_high;flow_out_heat_high;residual_waste;r120670124124;bpchp_heat_high;backpressure;0.0
2045_scenario;r120670201201-residual_waste-bpchp_heat_high;flow_out_heat_high;residual_waste;r120670201201;bpchp_heat_high;backpressure;0.0
2045_scenario;r120640428428-residual_waste-bpchp_heat_high;invest_costs_out_electricity;residual_waste;r120640428428;bpchp_heat_high;backpressure;119552.64148383215
2045_scenario;r120640472472-residual_waste-bpchp_heat_high;invest_costs_out_electricity;residual_waste;r120640472472;bpchp_heat_high;backpressure;0.0
2045_scenario;r120670124124-residual_waste-bpchp_heat_high;invest_costs_out_electricity;residual_waste;r120670124124;bpchp_heat_high;backpressure;0.0
2045_scenario;r120670201201-residual_waste-bpchp_heat_high;invest_costs_out_electricity;residual_waste;r120670201201;bpchp_heat_high;backpressure;0.0
2045_scenario;r120640428428-residual_waste-bpchp_heat_high;invest_out_electricity;residual_waste;r120640428428;bpchp_heat_high;backpressure;0.17696374113452545
2045_scenario;r120640472472-residual_waste-bpchp_heat_high;invest_out_electricity;residual_waste;r120640472472;bpchp_heat_high;backpressure;0.0
2045_scenario;r120670124124-residual_waste-bpchp_heat_high;invest_out_electricity;residual_waste;r120670124124;bpchp_heat_high;backpressure;0.0
2045_scenario;r120670201201-residual_waste-bpchp_heat_high;invest_out_electricity;residual_waste;r120670201201;bpchp_heat_high;backpressure;0.0
2045_scenario;r120640428428-residual_waste-bpchp_heat_low_central;flow_in_residual_waste;residual_waste;r120640428428;bpchp_heat_low_central;backpressure;4354.963571580583
2045_scenario;r120640472472-residual_waste-bpchp_heat_low_central;flow_in_residual_waste;residual_waste;r120640472472;bpchp_heat_low_central;backpressure;0.0
2045_scenario;r120670124124-residual_waste-bpchp_heat_low_central;flow_in_residual_waste;residual_waste;r120670124124;bpchp_heat_low_central;backpressure;0.0
2045_scenario;r120670201201-residual_waste-bpchp_heat_low_central;flow_in_residual_waste;residual_waste;r120670201201;bpchp_heat_low_central;backpressure;0.0
2045_scenario;r120640428428-residual_waste-bpchp_heat_low_central;flow_out_electricity;residual_waste;r120640428428;bpchp_heat_low_central;backpressure;914.5423500319222
2045_scenario;r120640472472-residual_waste-bpchp_heat_low_central;flow_out_electricity;residual_waste;r120640472472;bpchp_heat_low_central;backpressure;0.0
2045_scenario;r120670124124-residual_waste-bpchp_heat_low_central;flow_out_electricity;residual_waste;r120670124124;bpchp_heat_low_central;backpressure;0.0
2045_scenario;r120670201201-residual_waste-bpchp_heat_low_central;flow_out_electricity;residual_waste;r120670201201;bpchp_heat_low_central;backpressure;0.0
2045_scenario;r120640428428-residual_waste-bpchp_heat_low_central;flow_out_heat_low_central;residual_waste;r120640428428;bpchp_heat_low_central;backpressure;3309.7723144012434
2045_scenario;r120640472472-residual_waste-bpchp_heat_low_central;flow_out_heat_low_central;residual_waste;r120640472472;bpchp_heat_low_central;backpressure;0.0
2045_scenario;r120670124124-residual_waste-bpchp_heat_low_central;flow_out_heat_low_central;residual_waste;r120670124124;bpchp_heat_low_central;backpressure;0.0
2045_scenario;r120670201201-residual_waste-bpchp_heat_low_central;flow_out_heat_low_central;residual_waste;r120670201201;bpchp_heat_low_central;backpressure;0.0
2045_scenario;r120640428428-residual_waste-bpchp_heat_low_central;invest_costs_out_electricity;residual_waste;r120640428428;bpchp_heat_low_central;backpressure;73536.53706915719
2045_scenario;r120640472472-residual_waste-bpchp_heat_low_central;invest_costs_out_electricity;residual_waste;r120640472472;bpchp_heat_low_central;backpressure;0.0
2045_scenario;r120670124124-residual_waste-bpchp_heat_low_central;invest_costs_out_electricity;residual_waste;r120670124124;bpchp_heat_low_central;backpressure;0.0
2045_scenario;r120670201201-residual_waste-bpchp_heat_low_central;invest_costs_out_electricity;residual_waste;r120670201201;bpchp_heat_low_central;backpressure;0.0
2045_scenario;r120640428428-residual_waste-bpchp_heat_low_central;invest_out_electricity;residual_waste;r120640428428;bpchp_heat_low_central;backpressure;0.1088499639014303
2045_scenario;r120640472472-residual_waste-bpchp_heat_low_central;invest_out_electricity;residual_waste;r120640472472;bpchp_heat_low_central;backpressure;0.0
2045_scenario;r120670124124-residual_waste-bpchp_heat_low_central;invest_out_electricity;residual_waste;r120670124124;bpchp_heat_low_central;backpressure;0.0
2045_scenario;r120670201201-residual_waste-bpchp_heat_low_central;invest_out_electricity;residual_waste;r120670201201;bpchp_heat_low_central;backpressure;0.0
2045_scenario;r120640428428-residual_waste-commodity;flow_out_residual_waste;residual_waste;r120640428428;commodity;shortage;10145.709212762427
2045_scenario;r120640472472-residual_waste-commodity;flow_out_residual_waste;residual_waste;r120640472472;commodity;shortage;0.0
2045_scenario;r120670124124-residual_waste-commodity;flow_out_residual_waste;residual_waste;r120670124124;commodity;shortage;0.0
2045_scenario;r120670201201-residual_waste-commodity;flow_out_residual_waste;residual_waste;r120670201201;commodity;shortage;0.0
2045_scenario;system;total_system_cost;;;;;103550155.48820941
